timestamp,open,high,low,close,volume
2024-07-01 00:00:00+00:00,1.0800496714153012,1.0813975377996994,1.0793649902128124,1.0811099665818673,1221.0
2024-07-01 01:00:00+00:00,1.080240917663885,1.0813371467442443,1.0790302210926217,1.0809630275681563,1380.0
2024-07-01 02:00:00+00:00,1.080416637460785,1.0811905764769756,1.0800846228520586,1.0807923447197336,1380.0
2024-07-01 03:00:00+00:00,1.0804135911243844,1.0808037169391989,1.0792989556081063,1.07999942793899,1062.0
2024-07-01 04:00:00+00:00,1.079903675628432,1.0808461034783454,1.0793195258363122,1.0795138612459505,881.0
2024-07-01 05:00:00+00:00,1.0798610486376206,1.081011493471643,1.0791938661767,1.0796686963276645,649.0
2024-07-01 06:00:00+00:00,1.0796597269136892,1.079716332846934,1.0785913052943048,1.0796723059527544,981.0
2024-07-01 07:00:00+00:00,1.0795446419244832,1.0808568400417546,1.0789191785820584,1.079114670004578,1571.0
2024-07-01 08:00:00+00:00,1.0796505961609806,1.080513740145648,1.078921430551014,1.0798100258260646,1255.0
2024-07-01 09:00:00+00:00,1.079537297730521,1.0799706186663487,1.0780925660684009,1.0786502607846324,573.0
2024-07-01 10:00:00+00:00,1.079313461071552,1.0808675697832968,1.0788699000897242,1.0805239831287994,820.0
2024-07-01 11:00:00+00:00,1.079152486679559,1.079838107764321,1.0785575341001985,1.0789161162022411,1309.0
2024-07-01 12:00:00+00:00,1.0791859286099246,1.080347994750403,1.0779632587617745,1.0787437048485562,1203.0
2024-07-01 13:00:00+00:00,1.078947248739978,1.0797129352770731,1.078343829750218,1.0788162613977104,881.0
2024-07-01 14:00:00+00:00,1.0791321387574235,1.0794379995488137,1.0783633998590103,1.079149658280283,1070.0
2024-07-01 15:00:00+00:00,1.0791953971286288,1.0799178089314092,1.078677900224327,1.0790645128392446,1110.0
2024-07-01 16:00:00+00:00,1.0790392458301157,1.0806379881213517,1.078568157839436,1.079384073926783,1308.0
2024-07-01 17:00:00+00:00,1.0793156018898311,1.0800346085313357,1.078945917668871,1.0794332598703829,882.0
2024-07-01 18:00:00+00:00,1.0794488667043791,1.0798667250187883,1.0780078969696083,1.0786225256642676,495.0
2024-07-01 19:00:00+00:00,1.0794456676935356,1.0798646244041583,1.07879878416335,1.0796180302857727,1089.0
2024-07-01 20:00:00+00:00,1.079215635132621,1.079924856928771,1.0783696686260988,1.0793330683827451,1629.0
2024-07-01 21:00:00+00:00,1.079277875588852,1.0796626515310983,1.0778376580280538,1.0794846522163777,848.0
2024-07-01 22:00:00+00:00,1.0793105553635756,1.0797914816679075,1.0782249386255591,1.0790601824346024,1069.0
2024-07-01 23:00:00+00:00,1.07940966522821,1.0806111708934965,1.0787378082903192,1.0787802237812802,1121.0
2024-07-02 00:00:00+00:00,1.0792323649078526,1.0808479512655824,1.078820943638175,1.0806545680458095,1673.0
2024-07-02 01:00:00+00:00,1.0791054021699145,1.0803752607807855,1.0785316093624804,1.079722420276814,937.0
2024-07-02 02:00:00+00:00,1.078944126064619,1.0810288615013264,1.0774970316223695,1.0806888195757254,815.0
2024-07-02 03:00:00+00:00,1.0792277787374993,1.080190674915115,1.078492404026355,1.0801790335097383,1069.0
2024-07-02 04:00:00+00:00,1.0790432448345644,1.0797895882031094,1.078372394716638,1.0794692546957505,1121.0
2024-07-02 05:00:00+00:00,1.07930843268332,1.079727681703304,1.078336240978207,1.078534951119291,1043.0
2024-07-02 06:00:00+00:00,1.079471559835705,1.0802280549263903,1.0790913624472578,1.0801254708154444,998.0
2024-07-02 07:00:00+00:00,1.0794508173011423,1.0800542125749422,1.0792374229800734,1.0795554881510006,995.0
2024-07-02 08:00:00+00:00,1.0795355607714812,1.0803011388693995,1.0790249619301724,1.0798891533416757,994.0
2024-07-02 09:00:00+00:00,1.0792421889657933,1.080477892377694,1.0781561101349924,1.0795505696160492,865.0
2024-07-02 10:00:00+00:00,1.079285690073424,1.0801871971258,1.0789491696689308,1.0797163890177954,815.0
2024-07-02 11:00:00+00:00,1.0792459113820798,1.0796754983256118,1.078282063121879,1.0795380257022662,1595.0
2024-07-02 12:00:00+00:00,1.0792717451760525,1.080341113515542,1.0784388984652342,1.0797975367409791,1447.0
2024-07-02 13:00:00+00:00,1.079157797064118,1.0798637135940148,1.0785657175413406,1.07977517247931,891.0
2024-07-02 14:00:00+00:00,1.0791906033419905,1.0803432135650315,1.0788083990415187,1.078863834834755,1084.0
2024-07-02 15:00:00+00:00,1.0793696944450706,1.0798947520824105,1.0787671754598311,1.0792740955884317,710.0
2024-07-02 16:00:00+00:00,1.0792775507580046,1.0803601785132104,1.0783693427482994,1.0786078994322397,1226.0
2024-07-02 17:00:00+00:00,1.0794978043340913,1.0803051853892829,1.0789387769713807,1.079335231717239,1039.0
2024-07-02 18:00:00+00:00,1.0797978451061718,1.080796161047002,1.078686032384353,1.0795310858600182,1533.0
2024-07-02 19:00:00+00:00,1.079555645024058,1.080536231096125,1.0792254316680363,1.0793319945769873,1044.0
2024-07-02 20:00:00+00:00,1.0797128639922864,1.0804228866829493,1.07871369469958,1.0793014098293825,1272.0
2024-07-02 21:00:00+00:00,1.080177751544836,1.0810087975150608,1.0797012820221623,1.0805346822960673,900.0
2024-07-02 22:00:00+00:00,1.0800222636791026,1.0810614240085863,1.0794212503095848,1.079494924145613,911.0
2024-07-02 23:00:00+00:00,1.080060441404619,1.0807021217458697,1.0796857887616722,1.0803203975806932,1129.0
2024-07-03 00:00:00+00:00,1.0799827706175116,1.0809624981923598,1.079247285217711,1.0801492558827004,940.0
2024-07-03 01:00:00+00:00,1.0798370770033006,1.0806137013274382,1.079338218701448,1.080115655932227,497.0
2024-07-03 02:00:00+00:00,1.0797911682687138,1.0808870892250737,1.078728044855067,1.0790545228551216,1436.0
2024-07-03 03:00:00+00:00,1.0799345812907983,1.080901218646511,1.0794630361208353,1.0803500109820503,1324.0
2024-07-03 04:00:00+00:00,1.080006601853972,1.080655687531256,1.079344663038082,1.0793732587160758,902.0
2024-07-03 05:00:00+00:00,1.0806693369711968,1.081689477881629,1.0802696546651849,1.0811183660663952,1117.0
2024-07-03 06:00:00+00:00,1.0807129797491812,1.0816494642644936,1.079976760647236,1.0802226381296145,1241.0
2024-07-03 07:00:00+00:00,1.080891830981053,1.0821896002596525,1.0796229776610182,1.0799981292849676,998.0
2024-07-03 08:00:00+00:00,1.0805766818838556,1.081696489614685,1.0790335692384356,1.079125192017657,1524.0
2024-07-03 09:00:00+00:00,1.0805241162734651,1.0813368366933094,1.080143976059392,1.0804557301703828,552.0
2024-07-03 10:00:00+00:00,1.080556658604858,1.0816115040670409,1.0794328357135716,1.0798607163337024,526.0
2024-07-03 11:00:00+00:00,1.0805781867993185,1.0809120393776084,1.0794080468820575,1.080594872303891,1839.0
2024-07-03 12:00:00+00:00,1.0805480610206772,1.0816861098453223,1.0798943270989547,1.0814802991648782,1575.0
2024-07-03 13:00:00+00:00,1.0805650481598623,1.0813032875209605,1.0801295135527884,1.080461110769947,725.0
2024-07-03 14:00:00+00:00,1.0806067321826551,1.0819642382289036,1.079449627001888,1.0806388649210386,1237.0
2024-07-03 15:00:00+00:00,1.0808365599494472,1.0814849031597067,1.0797478481890324,1.0812112277438013,653.0
2024-07-03 16:00:00+00:00,1.0808775533632613,1.0814025041283104,1.0804143770204,1.080823236228344,500.0
2024-07-03 17:00:00+00:00,1.0808473548944215,1.081170624952794,1.079591403282585,1.0810354571469551,1436.0
2024-07-03 18:00:00+00:00,1.0804009962222585,1.0807999212681387,1.080009304605382,1.0804782766091787,1045.0
2024-07-03 19:00:00+00:00,1.0802638566247116,1.0807777720738376,1.079212116492881,1.0804991773190558,1329.0
2024-07-03 20:00:00+00:00,1.080405204348167,1.0819255887836086,1.079313387283424,1.079367803859622,1483.0
2024-07-03 21:00:00+00:00,1.08038560928287,1.0816843534105405,1.0795196163008502,1.0799215369586652,1433.0
2024-07-03 22:00:00+00:00,1.0803168043552145,1.0815376072451326,1.0800033786534635,1.0805303406382814,998.0
2024-07-03 23:00:00+00:00,1.0806425570685865,1.080921562820132,1.0794981739249925,1.0799527327779728,768.0
2024-07-04 00:00:00+00:00,1.080530516863275,1.0812446450508304,1.0798307039895412,1.081017405326509,1340.0
2024-07-04 01:00:00+00:00,1.0803506142938195,1.0808937698930223,1.0797508356838843,1.0805882267898526,1308.0
2024-07-04 02:00:00+00:00,1.0805033612568578,1.0811018176065683,1.0790723084157854,1.0797608161263372,899.0
2024-07-04 03:00:00+00:00,1.0806068569806515,1.081162203244906,1.0791630829806365,1.080218772326793,982.0
2024-07-04 04:00:00+00:00,1.0806959312810138,1.081443837809847,1.0802160619122174,1.0811813844501417,1097.0
2024-07-04 05:00:00+00:00,1.0808423992848792,1.0816686414117216,1.0799976484923637,1.0808056960868304,814.0
2024-07-04 06:00:00+00:00,1.0810042473961332,1.081680623437372,1.0802135972543991,1.0813792520286427,883.0
2024-07-04 07:00:00+00:00,1.0812978580984638,1.0817232154611784,1.0807455122368128,1.081196996582458,887.0
2024-07-04 08:00:00+00:00,1.0813073495258383,1.0826042214916771,1.080896312939766,1.0822334267466,1518.0
2024-07-04 09:00:00+00:00,1.0814050963261996,1.0818891358871932,1.080222664459144,1.0810773342774036,1391.0
2024-07-04 10:00:00+00:00,1.0815524829800949,1.0820513669762633,1.080392038994485,1.081068415897852,670.0
2024-07-04 11:00:00+00:00,1.08154336404913,1.0827602214353045,1.0807898495915504,1.0825510587150615,945.0
2024-07-04 12:00:00+00:00,1.0814873205702134,1.0823408406538837,1.0800788533819106,1.081746304891935,1080.0
2024-07-04 13:00:00+00:00,1.081369296813361,1.0815460949338929,1.0805223013896414,1.081145426168031,969.0
2024-07-04 14:00:00+00:00,1.0813317802202445,1.0817349908956726,1.0802497102285251,1.080968064994365,954.0
2024-07-04 15:00:00+00:00,1.08100900215699,1.0816498154455283,1.079986964691266,1.0813346140376277,1497.0
2024-07-04 16:00:00+00:00,1.0812634659591165,1.0823268333403644,1.079579677500745,1.080694756215213,1283.0
2024-07-04 17:00:00+00:00,1.081154882411989,1.081743478665658,1.0800959314127845,1.0805430585658506,446.0
2024-07-04 18:00:00+00:00,1.081138916137922,1.0816599977646066,1.0807205893279073,1.0815747298241776,1345.0
2024-07-04 19:00:00+00:00,1.08140191576248,1.0820987648530949,1.0809942091647846,1.0817610026680786,953.0
2024-07-04 20:00:00+00:00,1.081406645990128,1.0825864223987147,1.079754873129157,1.080793815717226,984.0
2024-07-04 21:00:00+00:00,1.0815381263957946,1.0822995921680345,1.080137655799681,1.0817656421007211,1221.0
2024-07-04 22:00:00+00:00,1.08187128520826,1.0828323623939031,1.081654142983936,1.0818697582899437,940.0
2024-07-04 23:00:00+00:00,1.0819552138661244,1.082276665641163,1.0808034149012662,1.081145997787257,608.0
2024-07-05 00:00:00+00:00,1.081565812437548,1.082181928465523,1.0814253503059308,1.0819299436728986,1113.0
2024-07-05 01:00:00+00:00,1.081909103058236,1.0825164042433957,1.080117524497173,1.081344875583563,889.0
2024-07-05 02:00:00+00:00,1.081690155998706,1.0827084651529382,1.0813102820479696,1.0824598949218134,1034.0
2024-07-05 03:00:00+00:00,1.0817844310459666,1.0829005705431565,1.081522279074645,1.0825133984026214,996.0
2024-07-05 04:00:00+00:00,1.081884119340898,1.0824113091833114,1.0806892098692644,1.081479721574638,1140.0
2024-07-05 05:00:00+00:00,1.0817958138975254,1.08249102729553,1.0810097692025118,1.0812390307661135,1190.0
2024-07-05 06:00:00+00:00,1.0817605446392131,1.0832581842416744,1.081058472193783,1.0817269967866467,1383.0
2024-07-05 07:00:00+00:00,1.0816286905608932,1.0823248250165904,1.0809713803347478,1.0812365246011677,593.0
2024-07-05 08:00:00+00:00,1.0818813723649,1.0828844765914558,1.08172686873283,1.082230384578969,887.0
2024-07-05 09:00:00+00:00,1.0822351123640874,1.083421736627089,1.0815029367351374,1.0832451708046396,1334.0
2024-07-05 10:00:00+00:00,1.08255886090026,1.0835465973240197,1.081516444677258,1.0824349394158488,1410.0
2024-07-05 11:00:00+00:00,1.0827850954813625,1.0834780855290638,1.0821883883336163,1.0825488499328928,654.0
2024-07-05 12:00:00+00:00,1.0822714479569555,1.0830458890871064,1.081826476752943,1.0827407693762978,384.0
2024-07-05 13:00:00+00:00,1.0826751250970663,1.0835737049466283,1.0812318283967028,1.0815049225737243,812.0
2024-07-05 14:00:00+00:00,1.082411044659036,1.083124482861259,1.081052130359158,1.0825917621164811,1068.0
2024-07-05 15:00:00+00:00,1.0820730881969431,1.0827025469050775,1.080972767966048,1.081985731081156,690.0
2024-07-05 16:00:00+00:00,1.082042756782792,1.082373340942194,1.0810624119514798,1.0814903000874203,1031.0
2024-07-05 17:00:00+00:00,1.081938925325015,1.0832265192356865,1.0815165771147344,1.0819390000890925,781.0
2024-07-05 18:00:00+00:00,1.08185773007223,1.0833708914179008,1.0807197883743134,1.082192290930751,837.0
2024-07-05 19:00:00+00:00,1.0817869418102086,1.0825485773446857,1.0812520617242531,1.0814209795385807,1399.0
2024-07-05 20:00:00+00:00,1.0817420769774333,1.0827273567655284,1.0813811278499044,1.0818908866372323,1324.0
2024-07-05 21:00:00+00:00,1.0818155135204504,1.0825441360408266,1.08098416426225,1.082088878273073,1421.0
2024-07-05 22:00:00+00:00,1.0813601314806998,1.0828292335539615,1.080671837087419,1.0822032760796747,702.0
2024-07-05 23:00:00+00:00,1.0817054839478666,1.0831479227088394,1.081110681052356,1.082750214433874,1309.0
2024-07-06 00:00:00+00:00,1.0821550789528842,1.0827374409968926,1.0814797200476465,1.081592514549352,1216.0
2024-07-06 01:00:00+00:00,1.0818550077425793,1.0824537526531706,1.080427767893207,1.0809900752439607,898.0
2024-07-06 02:00:00+00:00,1.0817201006230637,1.08314616729682,1.0808757470749184,1.0828879873949904,1487.0
2024-07-06 03:00:00+00:00,1.0819746147560028,1.0836215166098195,1.0813318502514575,1.0818690156506303,941.0
2024-07-06 04:00:00+00:00,1.0820023813092552,1.0823989330761397,1.0807999738395448,1.0810332083577732,449.0
2024-07-06 05:00:00+00:00,1.0818615395744875,1.0836066109604856,1.081605526436446,1.0820886225354092,871.0
2024-07-06 06:00:00+00:00,1.0819152733246318,1.0826142250206197,1.0815095418008516,1.0815225013867906,562.0
2024-07-06 07:00:00+00:00,1.0817371906563804,1.0821919969137888,1.0806383589637731,1.080689108058965,1290.0
2024-07-06 08:00:00+00:00,1.0816636388884084,1.0825361941482257,1.0806776303471508,1.0813968476838844,1558.0
2024-07-06 09:00:00+00:00,1.0816522524072147,1.0821871515430594,1.0809101242958283,1.0813972223970387,1075.0
2024-07-06 10:00:00+00:00,1.0814840444742253,1.0823571736686854,1.0798473525978196,1.08227865487343,798.0
2024-07-06 11:00:00+00:00,1.0814642682454962,1.0818439117083525,1.0798939603531743,1.0806045348104325,690.0
2024-07-06 12:00:00+00:00,1.081163222713202,1.0818419772868872,1.0805519012118616,1.0809391626910094,1404.0
2024-07-06 13:00:00+00:00,1.0809753064872,1.0817889333537922,1.0804148445017372,1.0814721499991349,663.0
2024-07-06 14:00:00+00:00,1.0807191359637691,1.0818682677308171,1.0796623391131115,1.0808103477213675,1231.0
2024-07-06 15:00:00+00:00,1.0808186058912443,1.081848246445684,1.0802160642507632,1.0813989992753168,1308.0
2024-07-06 16:00:00+00:00,1.0806670242123455,1.0814490273543016,1.0802470440384653,1.0809613305422592,1215.0
2024-07-06 17:00:00+00:00,1.0806732681249718,1.0814021514455543,1.0803673200166644,1.0803988843808097,1171.0
2024-07-06 18:00:00+00:00,1.0807341552443968,1.08148310842868,1.0797020307595355,1.080624344796711,1387.0
2024-07-06 19:00:00+00:00,1.0807148254526373,1.0817251076190546,1.079432718710864,1.080734839446698,1330.0
2024-07-06 20:00:00+00:00,1.0807093100624232,1.0813167189201311,1.079240395097561,1.0811278676902536,746.0
2024-07-06 21:00:00+00:00,1.081102897828353,1.0816659915422542,1.0803351619449273,1.0807027243533611,889.0
2024-07-06 22:00:00+00:00,1.0805818061910613,1.0813065086969065,1.0800362490579414,1.0803330263475923,1029.0
2024-07-06 23:00:00+00:00,1.0807602493259023,1.0818313379153313,1.0802241408098334,1.081436187487372,1598.0
2024-07-07 00:00:00+00:00,1.0806351439327724,1.081120219444777,1.0799832339066089,1.080903773761969,1181.0
2024-07-07 01:00:00+00:00,1.0807240130493756,1.0817531401876042,1.0801438304791753,1.0806248872995412,1044.0
2024-07-07 02:00:00+00:00,1.0810024345326048,1.0819931035713648,1.0800375914077456,1.080387167217974,775.0
2024-07-07 03:00:00+00:00,1.0809907858227112,1.0813964096388065,1.080219151577902,1.0807533859123528,1375.0
2024-07-07 04:00:00+00:00,1.0809238824784628,1.082345561121051,1.0804648710221785,1.0813036875981457,1092.0
2024-07-07 05:00:00+00:00,1.0809944297267249,1.08212048545754,1.079017722339519,1.0791423399327265,1159.0
2024-07-07 06:00:00+00:00,1.0809769691168305,1.081682414217232,1.0800040829053437,1.0815835653000851,1275.0
2024-07-07 07:00:00+00:00,1.0811600366293486,1.0825103940079237,1.080264021522404,1.080603112858959,1080.0
2024-07-07 08:00:00+00:00,1.0809794159721948,1.0822921284638805,1.080776491620246,1.08102762296208,1350.0
2024-07-07 09:00:00+00:00,1.0812283115412424,1.0831801316376726,1.080503072351582,1.0805269795078496,601.0
2024-07-07 10:00:00+00:00,1.0813956156088549,1.0828175620520497,1.0806160907855855,1.0824849365607474,1113.0
2024-07-07 11:00:00+00:00,1.081471050328024,1.0832100616986078,1.0810402795213596,1.0818470101918696,734.0
2024-07-07 12:00:00+00:00,1.082011676457387,1.083578438260805,1.081700156671969,1.0826792476835123,1344.0
2024-07-07 13:00:00+00:00,1.0818660043836594,1.082829117870692,1.0815968626408474,1.0822697286504792,622.0
2024-07-07 14:00:00+00:00,1.0819547474913458,1.0821860676685977,1.0800742095063638,1.0806068033005671,1091.0
2024-07-07 15:00:00+00:00,1.0817390965147569,1.0826466533057388,1.0813075968751629,1.081448281533668,935.0
2024-07-07 16:00:00+00:00,1.0814657620510888,1.0825422980732502,1.079749325295126,1.0801796759592883,1360.0
2024-07-07 17:00:00+00:00,1.0814432326434833,1.0823932374653409,1.0803697116935065,1.0814211496892914,1473.0
2024-07-07 18:00:00+00:00,1.081129164859264,1.0823638313349164,1.080286635492127,1.0818229068835747,1281.0
2024-07-07 19:00:00+00:00,1.0814808649158616,1.0829424544735855,1.0807140146554968,1.08141540804976,1322.0
2024-07-07 20:00:00+00:00,1.0816462792546278,1.0830581873576337,1.0811530306570478,1.0824586222208292,1363.0
2024-07-07 21:00:00+00:00,1.0816032891568357,1.0823504857095947,1.0807480539717782,1.0811773652872487,1259.0
2024-07-07 22:00:00+00:00,1.081431117057031,1.0822262111708805,1.0807042311421966,1.0817334335444138,883.0
2024-07-07 23:00:00+00:00,1.0813129808527997,1.082087898414425,1.0809127968272567,1.0811535526700846,1183.0
2024-07-08 00:00:00+00:00,1.0813165484513152,1.0818808347331552,1.080592313907642,1.0808539920016174,1191.0
2024-07-08 01:00:00+00:00,1.0809612301186604,1.0819324272130255,1.0800221791397744,1.0804943197765975,1176.0
2024-07-08 02:00:00+00:00,1.0814407638949437,1.082143259798481,1.0808029161027572,1.0819542285438006,548.0
2024-07-08 03:00:00+00:00,1.08121354754315,1.081908112826799,1.0803052479086888,1.081415013836183,1455.0
2024-07-08 04:00:00+00:00,1.0813058449391395,1.0822337534686166,1.0793468468463,1.0821052394482982,1297.0
2024-07-08 05:00:00+00:00,1.081333417478005,1.082337294987479,1.0789275606918736,1.0821966459326726,591.0
2024-07-08 06:00:00+00:00,1.0814673959995116,1.0819496017301384,1.0807099860923155,1.0816676331312036,839.0
2024-07-08 07:00:00+00:00,1.08137534100482,1.0821588578631205,1.0808701326769374,1.0814284280784905,798.0
2024-07-08 08:00:00+00:00,1.081124714688083,1.0821857281535403,1.0803215334648633,1.0817760242479642,746.0
2024-07-08 09:00:00+00:00,1.0810359754021004,1.0821643621821293,1.0807174747191108,1.0817697559769583,992.0
2024-07-08 10:00:00+00:00,1.081173975742504,1.082585344839087,1.0803750540288035,1.0823363809142554,1193.0
2024-07-08 11:00:00+00:00,1.081343295013487,1.0826181820925749,1.0801882578698043,1.0810976617987524,1463.0
2024-07-08 12:00:00+00:00,1.081358465759651,1.0817410710600133,1.0803812690439774,1.0806935817570782,1468.0
2024-07-08 13:00:00+00:00,1.0811554595081123,1.081525243059917,1.0804282160068404,1.080721590847101,1798.0
2024-07-08 14:00:00+00:00,1.0811311029470114,1.0819141885233314,1.0801439258056855,1.080475912216478,1438.0
2024-07-08 15:00:00+00:00,1.0810272611745133,1.0823736150224776,1.0804148323915046,1.082354027121656,1416.0
2024-07-08 16:00:00+00:00,1.0810441972762173,1.0822051087824465,1.0804168139434227,1.0819747963374151,316.0
2024-07-08 17:00:00+00:00,1.081237779579149,1.0823965227090986,1.0805538996708095,1.080998493894802,981.0
2024-07-08 18:00:00+00:00,1.0811131312084965,1.0815225859153097,1.079654676510357,1.0814869601828785,1337.0
2024-07-08 19:00:00+00:00,1.0809339596068168,1.0819367527553605,1.079105729952556,1.0819241729751252,1051.0
2024-07-08 20:00:00+00:00,1.080479630563384,1.0808399727239353,1.078933516975811,1.0806427262619858,1271.0
2024-07-08 21:00:00+00:00,1.0808140410274558,1.081471095480898,1.0798534796673296,1.0810408786664234,1023.0
2024-07-08 22:00:00+00:00,1.0807705722438463,1.0816773342958004,1.0790209491031613,1.0816516536120369,1134.0
2024-07-08 23:00:00+00:00,1.0811555191985165,1.0823251311353956,1.0804683153311805,1.0810762316793625,1130.0
2024-07-09 00:00:00+00:00,1.0812075022414611,1.0825396680571873,1.0805690634666794,1.0814145232958214,755.0
2024-07-09 01:00:00+00:00,1.0814779325638453,1.0822919340056971,1.080534341530473,1.080685695589276,1593.0
2024-07-09 02:00:00+00:00,1.0814190489921804,1.0822410076110776,1.0808558320311057,1.0820043194373534,1082.0
2024-07-09 03:00:00+00:00,1.081478107272286,1.0819260875819574,1.0800991139157037,1.0813568820639237,1100.0
2024-07-09 04:00:00+00:00,1.0815110464175597,1.0820413613763082,1.0809237393354194,1.0813834529774988,1132.0
2024-07-09 05:00:00+00:00,1.0817528343190692,1.082449902436903,1.0808433034631737,1.0816697480927255,1186.0
2024-07-09 06:00:00+00:00,1.0816890428767891,1.0826526484918677,1.0807647718072075,1.0811098044823746,637.0
2024-07-09 07:00:00+00:00,1.0815660383118364,1.0834395377442962,1.08066720479451,1.080929432660471,1268.0
2024-07-09 08:00:00+00:00,1.0817452403904562,1.0825604112779308,1.0807477512588128,1.0810242501301284,1339.0
2024-07-09 09:00:00+00:00,1.0816249870204373,1.0823953550367398,1.0811897413281557,1.081947040240621,1097.0
2024-07-09 10:00:00+00:00,1.0817054001123674,1.082427843171737,1.0810542561917325,1.0820676531506486,743.0
2024-07-09 11:00:00+00:00,1.0817093930770596,1.082231859124848,1.0809306292787912,1.0813920091533538,993.0
2024-07-09 12:00:00+00:00,1.0817217981746634,1.083267816777984,1.08089824511866,1.0817180387042566,1284.0
2024-07-09 13:00:00+00:00,1.081885225022372,1.0832634233457143,1.081691892335621,1.0830265059240325,1532.0
2024-07-09 14:00:00+00:00,1.082186631647291,1.0838213476480754,1.080983736964133,1.0835219223459034,1162.0
2024-07-09 15:00:00+00:00,1.0824070388018734,1.0829313519574049,1.0813320839497402,1.0819841772639596,1159.0
2024-07-09 16:00:00+00:00,1.0820635521952826,1.0837321346536406,1.081051886266436,1.0831419922920713,913.0
2024-07-09 17:00:00+00:00,1.082173191649291,1.083815251215157,1.0812438927255918,1.0832080670792927,1169.0
2024-07-09 18:00:00+00:00,1.0821568594063993,1.0845285861044562,1.0811765891541023,1.0839982538921864,924.0
2024-07-09 19:00:00+00:00,1.082178371525622,1.0827093195075834,1.0817788750322364,1.0826620510481315,1414.0
2024-07-09 20:00:00+00:00,1.082449705708702,1.0829608660339902,1.080855373766406,1.0818782408848922,1208.0
2024-07-09 21:00:00+00:00,1.082226421712635,1.0832161901289945,1.0808928723444358,1.081201266647027,1440.0
2024-07-09 22:00:00+00:00,1.0823584797805816,1.083657980764511,1.081105954964766,1.0832380616625166,1175.0
2024-07-09 23:00:00+00:00,1.0824454006923754,1.0831573028426968,1.0814823484828646,1.082100210350036,850.0
2024-07-10 00:00:00+00:00,1.082578301875992,1.0831631303228684,1.081718550969965,1.0825300799133226,1455.0
2024-07-10 01:00:00+00:00,1.0826788345420597,1.0841848495925643,1.0820096780985105,1.083516126420918,1472.0
2024-07-10 02:00:00+00:00,1.082655814802654,1.0834473353825094,1.081662811809965,1.083304458789185,990.0
2024-07-10 03:00:00+00:00,1.0827185199345428,1.083516385164344,1.082216475299843,1.0834137996976865,1481.0
2024-07-10 04:00:00+00:00,1.0831222051867542,1.083532378548345,1.0814563262101466,1.0831124526405482,1054.0
2024-07-10 05:00:00+00:00,1.0832041957786025,1.0845563947534211,1.0812517600920757,1.0835010291771243,1069.0
2024-07-10 06:00:00+00:00,1.0834818117804212,1.0850855648716426,1.082202415061241,1.084105251850081,1134.0
2024-07-10 07:00:00+00:00,1.0838435414053913,1.0846425426669564,1.0827679981344167,1.0835990355221652,1293.0
2024-07-10 08:00:00+00:00,1.084158262220989,1.0860808062911234,1.0837977123944338,1.083930434100595,1175.0
2024-07-10 09:00:00+00:00,1.0842601744267946,1.08535853194606,1.0835424768881436,1.0841328813052995,1031.0
2024-07-10 10:00:00+00:00,1.0843820862976403,1.0847155099709962,1.0838317819517391,1.0839287067194605,1341.0
2024-07-10 11:00:00+00:00,1.0844013342897971,1.0852137566800335,1.0841688048062557,1.085203837294705,743.0
2024-07-10 12:00:00+00:00,1.0846451515164923,1.0860869570242888,1.0840708062586957,1.0843166390750285,718.0
2024-07-10 13:00:00+00:00,1.0848934752715012,1.0860061003327297,1.0842857353295374,1.0855824680196429,855.0
2024-07-10 14:00:00+00:00,1.08500568117336,1.0858309974088236,1.0834281159491033,1.0851416966058771,927.0
2024-07-10 15:00:00+00:00,1.0849772353689544,1.086152332123986,1.0839542191799103,1.0851696196000775,1252.0
2024-07-10 16:00:00+00:00,1.0849747142609014,1.0864107012741633,1.084353369088391,1.0855787066557343,1333.0
2024-07-10 17:00:00+00:00,1.0849673497757495,1.086041475890091,1.08432130232959,1.0850631615063433,911.0
2024-07-10 18:00:00+00:00,1.084650558097667,1.0861316592397243,1.0841108968254354,1.0853565311561486,1034.0
2024-07-10 19:00:00+00:00,1.0845727516875556,1.0856284187983052,1.0838488821701773,1.084577905490275,957.0
2024-07-10 20:00:00+00:00,1.0849111798281288,1.0859222845185952,1.0838729106126892,1.0843239724779083,1061.0
2024-07-10 21:00:00+00:00,1.0845892856025026,1.0850444765106173,1.0834553112445406,1.0840266896574615,1177.0
2024-07-10 22:00:00+00:00,1.0845109637156038,1.08592547064702,1.0831500681096262,1.085596802873819,1003.0
2024-07-10 23:00:00+00:00,1.084804543352691,1.0854723498769598,1.0847555113934324,1.0854463856572811,946.0
2024-07-11 00:00:00+00:00,1.0850276547113404,1.0863455390462362,1.0848180717211395,1.0861023208256704,1343.0
2024-07-11 01:00:00+00:00,1.0852535650643764,1.0866708750031309,1.0839858444879422,1.086102000556584,1079.0
2024-07-11 02:00:00+00:00,1.0855174319806644,1.0858963588905373,1.0840312419799571,1.0853241114431866,975.0
2024-07-11 03:00:00+00:00,1.0854145402778177,1.0858373770858558,1.0838427520199658,1.085430227983566,1153.0
2024-07-11 04:00:00+00:00,1.085081891008269,1.0856318498131716,1.0840496196143763,1.084711364229949,1325.0
2024-07-11 05:00:00+00:00,1.0848471504514592,1.0863141579325808,1.0837701705964655,1.0859645272061256,903.0
2024-07-11 06:00:00+00:00,1.0847992833805238,1.085572621078531,1.0836251975346758,1.084867049994985,1374.0
2024-07-11 07:00:00+00:00,1.0849108427301786,1.0853930889582548,1.084127333667697,1.085254613569278,878.0
2024-07-11 08:00:00+00:00,1.0847168945465009,1.0853057321346198,1.0838075173598365,1.0851200495628277,1031.0
2024-07-11 09:00:00+00:00,1.0847116089208302,1.0856958565370205,1.084226146967715,1.0850023864902263,1261.0
2024-07-11 10:00:00+00:00,1.0849271853064952,1.0856377676519111,1.0843437717047122,1.0847095242346665,637.0
2024-07-11 11:00:00+00:00,1.0850421565420918,1.0861288217355345,1.084009808512518,1.085282983031013,1179.0
2024-07-11 12:00:00+00:00,1.0853509130310592,1.0864773217343435,1.0837858898260817,1.0853278924890788,1245.0
2024-07-11 13:00:00+00:00,1.0856678311409207,1.086735810429661,1.084573474236313,1.08605383269901,735.0
2024-07-11 14:00:00+00:00,1.0857385741941354,1.0867334988584232,1.083967012732874,1.0846896265912993,921.0
2024-07-11 15:00:00+00:00,1.085764267200077,1.0864610345425667,1.0848234939510937,1.0849891069589923,1726.0
2024-07-11 16:00:00+00:00,1.0861028592700506,1.088011612670485,1.0855203069839188,1.087166328171925,1015.0
2024-07-11 17:00:00+00:00,1.086235063091502,1.086960830360035,1.0849070560561154,1.0859434090036852,1337.0
2024-07-11 18:00:00+00:00,1.085991526262835,1.0874956971379155,1.085410847896246,1.0863648245608457,1097.0
2024-07-11 19:00:00+00:00,1.0860541654973266,1.0876436845107549,1.085034332068776,1.0861291967946387,1004.0
2024-07-11 20:00:00+00:00,1.0862146919672908,1.086748367799075,1.0848982508198584,1.0865126428067318,1425.0
2024-07-11 21:00:00+00:00,1.086266974224125,1.0870743943292074,1.0855070784420926,1.0855265247923218,1173.0
2024-07-11 22:00:00+00:00,1.0864220035017125,1.0880129059499122,1.085984532343298,1.087622239333294,1045.0
2024-07-11 23:00:00+00:00,1.0865978559156704,1.087266852343725,1.0858524160224083,1.0864610350029442,949.0
2024-07-12 00:00:00+00:00,1.0865105912096975,1.0877340264850832,1.0856881693629143,1.0865453789670645,1177.0
2024-07-12 01:00:00+00:00,1.0867337487416615,1.0873196543648305,1.0858691520370838,1.0862723099635971,845.0
2024-07-12 02:00:00+00:00,1.0863649717543402,1.0875584784398296,1.0851671698385148,1.0857725361112782,1520.0
2024-07-12 03:00:00+00:00,1.0862042653526345,1.087707176850483,1.084753282427527,1.0850694354580952,987.0
2024-07-12 04:00:00+00:00,1.0863010261314705,1.0866705691901613,1.0857801178620203,1.086475734851334,1006.0
2024-07-12 05:00:00+00:00,1.0860787359195363,1.0866359387666171,1.0853015220296682,1.0855566874576992,1130.0
2024-07-12 06:00:00+00:00,1.0862475735199963,1.086869021775408,1.0858302757848253,1.086601911056584,704.0
2024-07-12 07:00:00+00:00,1.0864377687647444,1.088376056524679,1.085015204270457,1.0859204653866417,1400.0
2024-07-12 08:00:00+00:00,1.0865931921529095,1.0874768136663633,1.0853306925056967,1.0857246774291682,1150.0
2024-07-12 09:00:00+00:00,1.086646853949495,1.087756000970552,1.0862103576987974,1.0866738721201792,1091.0
2024-07-12 10:00:00+00:00,1.0867365205835404,1.0874538373752076,1.0853893685909692,1.0867350133273772,776.0
2024-07-12 11:00:00+00:00,1.0867741993178557,1.0882330184261286,1.0846457355683017,1.0869373403968998,1423.0
2024-07-12 12:00:00+00:00,1.086801686746095,1.0872946231313376,1.085368242594744,1.087288836667576,925.0
2024-07-12 13:00:00+00:00,1.0866026712682242,1.087080443068752,1.085118064137039,1.0863910624258797,689.0
2024-07-12 14:00:00+00:00,1.086895172400644,1.087273729517474,1.0858843447482212,1.0866759146749845,1629.0
2024-07-12 15:00:00+00:00,1.0872480363154484,1.0887546190053834,1.0869784456386486,1.0886233795246163,1260.0
2024-07-12 16:00:00+00:00,1.0874894185500354,1.088345222963487,1.0871436644902888,1.0877080824087657,1497.0
2024-07-12 17:00:00+00:00,1.0877324534414738,1.0885921592180574,1.0867405073896328,1.0877245697293991,1283.0
2024-07-12 18:00:00+00:00,1.0875776572057572,1.0899015041697064,1.087122523624838,1.0872634326977089,1119.0
2024-07-12 19:00:00+00:00,1.0878576485473843,1.0885848340982531,1.087313753181537,1.0877954758026596,1107.0
2024-07-12 20:00:00+00:00,1.0881053582564502,1.0883939421133435,1.0872831398626637,1.0879174596322378,1433.0
2024-07-12 21:00:00+00:00,1.0880941145825391,1.0891422711791792,1.0866185108270905,1.088127956912354,942.0
2024-07-12 22:00:00+00:00,1.088223346344808,1.0887892851932612,1.0869050796821578,1.0884285891330177,1078.0
2024-07-12 23:00:00+00:00,1.0881421383356622,1.0891904277609668,1.087091868665839,1.088163364045338,1397.0
2024-07-13 00:00:00+00:00,1.0876904839564778,1.0891373300169376,1.0862711378341348,1.0878773573270288,1228.0
2024-07-13 01:00:00+00:00,1.0877659593442897,1.088534587000065,1.0866402782980975,1.087845911865566,712.0
2024-07-13 02:00:00+00:00,1.087818371940407,1.0888658444723158,1.087176307821504,1.0880090043157156,1031.0
2024-07-13 03:00:00+00:00,1.0878576422962178,1.0888691484844428,1.087658554358897,1.088253810809197,800.0
2024-07-13 04:00:00+00:00,1.0883673273415972,1.0890690715110607,1.0877315996235375,1.0879925053658497,987.0
2024-07-13 05:00:00+00:00,1.0885785171859683,1.089786444315818,1.0877471604755666,1.0891366235994495,667.0
2024-07-13 06:00:00+00:00,1.088310914401908,1.089638749191671,1.0872413210252072,1.0874174976217077,1058.0
2024-07-13 07:00:00+00:00,1.0881212679886296,1.090004051902674,1.0869170408982982,1.0886895329648911,343.0
2024-07-13 08:00:00+00:00,1.0881077031805673,1.0901079033514325,1.0867779619540183,1.0869926348565977,1074.0
2024-07-13 09:00:00+00:00,1.0881474896316374,1.0886675695823786,1.0870480614486449,1.0884419907520593,977.0
2024-07-13 10:00:00+00:00,1.087879069599601,1.0897454308869603,1.0869537973744998,1.0870118731976892,518.0
2024-07-13 11:00:00+00:00,1.087805248290288,1.089067628476709,1.0866895282623097,1.0875976101844895,742.0
2024-07-13 12:00:00+00:00,1.0880432413691208,1.0889621204361122,1.0865167908033004,1.086830036559013,1042.0
2024-07-13 13:00:00+00:00,1.08808316255197,1.0893242501443574,1.086348454938462,1.0869513103278752,958.0
2024-07-13 14:00:00+00:00,1.0878218881100972,1.088965971770742,1.0867191511515892,1.0872214400538025,1111.0
2024-07-13 15:00:00+00:00,1.0877427443912626,1.0884334205560275,1.086974896335325,1.087474291176493,829.0
2024-07-13 16:00:00+00:00,1.0878715831826933,1.0892233931471542,1.0862660662213954,1.0880675407207605,1017.0
2024-07-13 17:00:00+00:00,1.0879231191411864,1.0891738910375277,1.0868400713049615,1.0884603879679728,1168.0
2024-07-13 18:00:00+00:00,1.088051746220882,1.0893958171815028,1.087497170458574,1.0883160525587456,917.0
2024-07-13 19:00:00+00:00,1.088136249186346,1.0897023469479534,1.0874353057548565,1.0880984064107744,922.0
2024-07-13 20:00:00+00:00,1.0881671599819336,1.0891867146861185,1.0869829049450324,1.0874340218451144,1213.0
2024-07-13 21:00:00+00:00,1.0886878613975766,1.090083040655762,1.087830341196816,1.0896759016855295,945.0
2024-07-13 22:00:00+00:00,1.0888257439462607,1.089576104951386,1.0876896130303124,1.0879697848540657,1522.0
2024-07-13 23:00:00+00:00,1.0885922305680025,1.0896710720547156,1.0880567619931398,1.0890371383958213,1518.0
2024-07-14 00:00:00+00:00,1.0884310423329475,1.088959377785651,1.0876029895786403,1.0883986930861222,1201.0
2024-07-14 01:00:00+00:00,1.0882039363001748,1.088662664405838,1.0873259723374709,1.0885686689555512,1489.0
2024-07-14 02:00:00+00:00,1.088421818169944,1.0892009495519754,1.0874080832871214,1.087700751793658,796.0
2024-07-14 03:00:00+00:00,1.0884548908455134,1.0893701348697855,1.087767863250612,1.088190280207637,672.0
2024-07-14 04:00:00+00:00,1.0884526518837174,1.0897769470751295,1.0880524099378104,1.0893119834086116,1012.0
2024-07-14 05:00:00+00:00,1.088147630246209,1.0895647049559405,1.0876735492532987,1.089453660343991,1230.0
2024-07-14 06:00:00+00:00,1.0883434692881353,1.0897550795167463,1.0881320748927452,1.0882565823112644,992.0
2024-07-14 07:00:00+00:00,1.0886906590352483,1.0900009779507691,1.0873550116763644,1.0896114904249627,798.0
2024-07-14 08:00:00+00:00,1.088743054351617,1.0899405473802957,1.087682492737044,1.0896164694181327,1168.0
2024-07-14 09:00:00+00:00,1.088827105697999,1.0904063140407088,1.08737154147181,1.0892999984441167,1163.0
2024-07-14 10:00:00+00:00,1.088462240514129,1.0893181933887277,1.0879472437246147,1.0886720967730292,708.0
2024-07-14 11:00:00+00:00,1.088545918352599,1.0905113075962762,1.087491608715789,1.090400761948643,736.0
2024-07-14 12:00:00+00:00,1.0887313852256009,1.0898882971195265,1.0878400066322038,1.0882425987008866,1325.0
2024-07-14 13:00:00+00:00,1.088705873914567,1.0908496323952996,1.0882104787706772,1.0899143005851464,1124.0
2024-07-14 14:00:00+00:00,1.0887770748189811,1.0898827655956838,1.0878548382676947,1.088539918622945,957.0
2024-07-14 15:00:00+00:00,1.08880913997018,1.0894187859687685,1.0862545539479216,1.088409872945455,1599.0
2024-07-14 16:00:00+00:00,1.0890863206591377,1.0895800830873523,1.0884184953977851,1.088966021364102,699.0
2024-07-14 17:00:00+00:00,1.088916858138937,1.090232722827137,1.087216756840879,1.0881845424125074,1071.0
2024-07-14 18:00:00+00:00,1.0888237684871993,1.0900890389816638,1.0884687013686871,1.0891054107857492,1172.0
2024-07-14 19:00:00+00:00,1.0889362016674151,1.089502306639316,1.0883994802396662,1.0888441941636593,708.0
2024-07-14 20:00:00+00:00,1.088520759418264,1.0914863627099414,1.0872354296367015,1.0914789420385125,946.0
2024-07-14 21:00:00+00:00,1.088845775449297,1.090688379540076,1.0874544509411386,1.0903433122622963,814.0
2024-07-14 22:00:00+00:00,1.0889260821219588,1.0898332167141682,1.0878869177301935,1.0886711275141825,1409.0
2024-07-14 23:00:00+00:00,1.0889015326685207,1.0900586198180948,1.0878558697633305,1.0895137899659642,910.0
2024-07-15 00:00:00+00:00,1.089170967305256,1.0895947724661394,1.0874472025931623,1.0880167608203837,740.0
2024-07-15 01:00:00+00:00,1.0887352456929258,1.0894455477418634,1.087837569254267,1.0886465599811204,891.0
2024-07-15 02:00:00+00:00,1.0884811222559154,1.0898961422006364,1.087840573482587,1.0890876249891217,782.0
2024-07-15 03:00:00+00:00,1.0881970742345557,1.0890058180010722,1.086747800834693,1.08715123665409,1024.0
2024-07-15 04:00:00+00:00,1.0881165846620016,1.088969453172079,1.0865188287001908,1.087207943210868,1211.0
2024-07-15 05:00:00+00:00,1.0882202382816035,1.0887567647662328,1.086903297130005,1.0872698377072234,1374.0
2024-07-15 06:00:00+00:00,1.088075416026046,1.0900044560636404,1.087063218374141,1.0883776639252618,1033.0
2024-07-15 07:00:00+00:00,1.0880150380590945,1.0895136525768263,1.087308894893104,1.0878363292952025,1632.0
2024-07-15 08:00:00+00:00,1.0879243754871974,1.0890038197224867,1.087169620546217,1.087971049699109,1337.0
2024-07-15 09:00:00+00:00,1.0882296141371743,1.0891516816537254,1.087574608724073,1.0879152230224098,960.0
2024-07-15 10:00:00+00:00,1.0884216080393092,1.0890449526656447,1.087286907970899,1.087684430302275,1525.0
2024-07-15 11:00:00+00:00,1.0887524791375915,1.0896100672244993,1.0868219081234014,1.087072630849683,821.0
2024-07-15 12:00:00+00:00,1.088868117929351,1.089298923602854,1.088095464209498,1.0885930118779814,1215.0
2024-07-15 13:00:00+00:00,1.0887404108856835,1.0893473285813553,1.0873320893561045,1.0880595007215157,909.0
2024-07-15 14:00:00+00:00,1.088604326523184,1.0891804797237448,1.087738909787613,1.087829160006586,1049.0
2024-07-15 15:00:00+00:00,1.0889594784902723,1.0895557628085435,1.0873566799201868,1.0886023873107034,772.0
2024-07-15 16:00:00+00:00,1.0888708994727754,1.0894321292189533,1.0879296822761075,1.0890520849862395,1183.0
2024-07-15 17:00:00+00:00,1.0890912635401857,1.089622727497415,1.088311918948794,1.089457065909753,1110.0
2024-07-15 18:00:00+00:00,1.0893533134536575,1.090613043939389,1.0890180878548268,1.0901540878948446,1017.0
2024-07-15 19:00:00+00:00,1.0896490488844417,1.0901516172106065,1.0888067413703293,1.0890558987793024,919.0
2024-07-15 20:00:00+00:00,1.0895428186358047,1.0901550565763782,1.0886846322091712,1.0894250793983926,1092.0
2024-07-15 21:00:00+00:00,1.0894307736676527,1.0903156758518924,1.0885408099890623,1.0890276879159275,1512.0
2024-07-15 22:00:00+00:00,1.0896128702542571,1.0903653745380124,1.0887440124238372,1.0892870322978403,891.0
2024-07-15 23:00:00+00:00,1.0895526553981745,1.090549344916702,1.08884251052121,1.089190405791082,1159.0
2024-07-16 00:00:00+00:00,1.0899136795331343,1.0902803684087996,1.0886258427012934,1.088799328352209,750.0
2024-07-16 01:00:00+00:00,1.0899708308518554,1.090625251944927,1.0890673063656244,1.0899394421641109,1363.0
2024-07-16 02:00:00+00:00,1.0900467143800423,1.09137681492218,1.088815171307141,1.091224090258945,1567.0
2024-07-16 03:00:00+00:00,1.0902854378281108,1.0916528886724166,1.0894884292943925,1.0899673455834515,584.0
2024-07-16 04:00:00+00:00,1.0905128311670094,1.0918701331781842,1.0899950222447554,1.0913139855249767,922.0
2024-07-16 05:00:00+00:00,1.090744810994357,1.091531372407139,1.0896371994253051,1.090037132489504,467.0
2024-07-16 06:00:00+00:00,1.0904697906313203,1.091495490490293,1.0893622600845911,1.0911081801694156,937.0
2024-07-16 07:00:00+00:00,1.0906269339456989,1.0927889246978326,1.089309775573402,1.0918813070532534,1102.0
2024-07-16 08:00:00+00:00,1.0907280935308086,1.0913381207273083,1.08968070283641,1.0906923689744323,1070.0
2024-07-16 09:00:00+00:00,1.090715221924219,1.0913192850229854,1.090329290261035,1.0905720283332547,1538.0
2024-07-16 10:00:00+00:00,1.0907083344333026,1.0913648222433896,1.0901566095615818,1.0904236229022637,935.0
2024-07-16 11:00:00+00:00,1.090837668533953,1.0924388695206475,1.0902682033002238,1.091516308228233,953.0
2024-07-16 12:00:00+00:00,1.0904718607079142,1.0913347786518492,1.0893550819035245,1.090630252093965,1248.0
2024-07-16 13:00:00+00:00,1.0907537446490914,1.0915927549234354,1.089386396098832,1.0914684961520975,1118.0
2024-07-16 14:00:00+00:00,1.0913445865978697,1.0925353279147647,1.0903036899661762,1.092420561000531,958.0
2024-07-16 15:00:00+00:00,1.0917163344527694,1.0923939584610598,1.0909807443245256,1.091930029862914,966.0
2024-07-16 16:00:00+00:00,1.0915734562615231,1.0924133719976865,1.0907233079855485,1.0918575782465192,1351.0
2024-07-16 17:00:00+00:00,1.091713559587545,1.0938626626391303,1.0912437549794964,1.0934697037837762,1225.0
2024-07-16 18:00:00+00:00,1.091667511682971,1.091956650682401,1.089622539690247,1.09159507397418,801.0
2024-07-16 19:00:00+00:00,1.0916231763528876,1.0928758722232612,1.0907328488300378,1.0925424032369748,1345.0
2024-07-16 20:00:00+00:00,1.0919027676418187,1.0932799950253766,1.0906481593611352,1.09177940257379,1217.0
2024-07-16 21:00:00+00:00,1.0918165805777234,1.0929732699946868,1.0914274336478789,1.0929519749504977,1407.0
2024-07-16 22:00:00+00:00,1.0922307696576583,1.09357974024718,1.090956198109267,1.0918646823686706,928.0
2024-07-16 23:00:00+00:00,1.0919997855506054,1.0933106563441868,1.0912972698358443,1.0931783735093104,1194.0
2024-07-17 00:00:00+00:00,1.0918417275224412,1.0934768056207789,1.0907213507585325,1.0909956825598033,1214.0
2024-07-17 01:00:00+00:00,1.0913929042197934,1.0922837357896484,1.090702698127693,1.09116945456668,1148.0
2024-07-17 02:00:00+00:00,1.0916417406459429,1.0924097343500816,1.090931374409466,1.0921983585290282,696.0
2024-07-17 03:00:00+00:00,1.0917069829221742,1.092653684258072,1.090951628712601,1.0920584217339964,1031.0
2024-07-17 04:00:00+00:00,1.0917229113799436,1.092533328079004,1.0905003157499873,1.0916345969596586,1294.0
2024-07-17 05:00:00+00:00,1.0917570866453767,1.0932626479994825,1.090653521852083,1.090935157275634,1594.0
2024-07-17 06:00:00+00:00,1.091808204694388,1.0923178290039677,1.090693522593914,1.0915166126307283,1089.0
2024-07-17 07:00:00+00:00,1.0916645646065135,1.0928160756441456,1.090348995370351,1.091999529817594,1254.0
2024-07-17 08:00:00+00:00,1.0915498864353286,1.0920812830035516,1.0892510109658309,1.0911324757074312,1491.0
2024-07-17 09:00:00+00:00,1.0914917506631785,1.0928365631878056,1.0892470220183803,1.091523865190758,981.0
2024-07-17 10:00:00+00:00,1.0912490743278611,1.09248872327554,1.0906062905979783,1.0912776533721555,1050.0
2024-07-17 11:00:00+00:00,1.0912425369583714,1.092231408940865,1.090607951391576,1.0920215269566578,995.0
2024-07-17 12:00:00+00:00,1.0913162843231563,1.0918615035585069,1.0898901925483897,1.0918539167265966,1397.0
2024-07-17 13:00:00+00:00,1.09129519341016,1.0927971001144687,1.0902340409440083,1.091513358449805,1275.0
2024-07-17 14:00:00+00:00,1.090959531006055,1.091937700694249,1.090259736867477,1.0904291917861373,1288.0
2024-07-17 15:00:00+00:00,1.0907859897789611,1.091276523366263,1.0897734739303315,1.0908845334867954,1582.0
2024-07-17 16:00:00+00:00,1.090914144935189,1.09221847010611,1.0900376827676153,1.0908123317207037,1026.0
2024-07-17 17:00:00+00:00,1.0908702587830306,1.0912805364719025,1.0896910865790823,1.090473261723283,1517.0
2024-07-17 18:00:00+00:00,1.090993384903685,1.0915461811138534,1.089539297679441,1.089601710746148,1064.0
2024-07-17 19:00:00+00:00,1.0908823765001483,1.0917600147836837,1.0894947330721785,1.0899547030446808,1193.0
2024-07-17 20:00:00+00:00,1.0912171470134313,1.0929894425743825,1.0905932336701416,1.0928575004269685,1393.0
2024-07-17 21:00:00+00:00,1.0912369199374972,1.0932409125070657,1.0901214050550698,1.0929773053848988,786.0
2024-07-17 22:00:00+00:00,1.0913169465789132,1.092124113382434,1.091138049280573,1.0917039495183891,1040.0
2024-07-17 23:00:00+00:00,1.0915265225598674,1.0918245871534205,1.090152614847183,1.0909656389373148,717.0
2024-07-18 00:00:00+00:00,1.0915226987371007,1.0930931670380737,1.0907145900328656,1.092977855241032,1314.0
2024-07-18 01:00:00+00:00,1.0914677563581114,1.0921302398628172,1.0899217612318144,1.090790221071977,494.0
2024-07-18 02:00:00+00:00,1.0916234535875593,1.0922300350031202,1.0907400219230063,1.0913453270404934,998.0
2024-07-18 03:00:00+00:00,1.091707125507509,1.093014795512481,1.0895738066259844,1.0910736879063212,1338.0
2024-07-18 04:00:00+00:00,1.0919599695721764,1.092806135431894,1.0912344069116529,1.0924198110330277,972.0
2024-07-18 05:00:00+00:00,1.092340323492238,1.0933729116784994,1.0911853181927689,1.091902783613451,1357.0
2024-07-18 06:00:00+00:00,1.0923375773806383,1.0939601526214977,1.091912692981814,1.0932151660444578,1016.0
2024-07-18 07:00:00+00:00,1.0926257984172407,1.0936938972924777,1.09134735316724,1.0932897276049078,1040.0
2024-07-18 08:00:00+00:00,1.0924821395073097,1.0936596271950956,1.0918143038483032,1.0933680290979506,889.0
2024-07-18 09:00:00+00:00,1.0924249231651004,1.0940711692807046,1.0916613309039669,1.0936612501132903,1282.0
2024-07-18 10:00:00+00:00,1.09239126123264,1.0933343969364795,1.0915963755438634,1.0930162988417775,860.0
2024-07-18 11:00:00+00:00,1.0925614577650211,1.0944064297362552,1.0924024286915788,1.0932760712646723,1037.0
2024-07-18 12:00:00+00:00,1.0928220476145123,1.093414471562234,1.0922762041936165,1.0928498436789764,1233.0
2024-07-18 13:00:00+00:00,1.0926552059935788,1.092906069541858,1.0921040883788735,1.0924983140487106,1016.0
2024-07-18 14:00:00+00:00,1.0927873731321591,1.0936408899935437,1.0918425221811467,1.0930197731598317,1027.0
2024-07-18 15:00:00+00:00,1.0928712075557423,1.09337481016572,1.0914756052580403,1.092677832373807,1157.0
2024-07-18 16:00:00+00:00,1.09285452348984,1.0945981637500914,1.091174791773358,1.0933548771994943,984.0
2024-07-18 17:00:00+00:00,1.092902577142597,1.094143397981386,1.0924139722281558,1.0937317414171073,857.0
2024-07-18 18:00:00+00:00,1.0931783360290792,1.0937553572628524,1.091986508040314,1.0926673712934147,443.0
2024-07-18 19:00:00+00:00,1.0934096086293112,1.0940657529985505,1.0921552505283492,1.093048308990704,1749.0
2024-07-18 20:00:00+00:00,1.0932049748714985,1.0944038145887809,1.0925291687750625,1.094187476035788,885.0
2024-07-18 21:00:00+00:00,1.0932717451021672,1.096038817904542,1.0925152376163845,1.093571953295657,1006.0
2024-07-18 22:00:00+00:00,1.093380918371342,1.0946794162510172,1.0923744158251525,1.0939025069268664,1317.0
2024-07-18 23:00:00+00:00,1.0934082538065917,1.094142271504607,1.0925169403979411,1.0940308315918352,1173.0
2024-07-19 00:00:00+00:00,1.0935922063615884,1.0962303535590323,1.092716508348257,1.0928841277670225,1211.0
2024-07-19 01:00:00+00:00,1.0937282206675525,1.0956839469749655,1.092384916257831,1.0930149497447663,1127.0
2024-07-19 02:00:00+00:00,1.0935223137534271,1.0941371613418494,1.0928125159451303,1.09333028055769,1403.0
2024-07-19 03:00:00+00:00,1.0936825968125936,1.0941145012429965,1.0928462180181162,1.0933889320201118,612.0
2024-07-19 04:00:00+00:00,1.0937075885501502,1.0949385681421344,1.0929562542996083,1.0931050767213497,954.0
2024-07-19 05:00:00+00:00,1.093909428966778,1.0957198234230197,1.0927212945431846,1.094937763439723,926.0
2024-07-19 06:00:00+00:00,1.0937530064870975,1.094855970177094,1.0922558120844277,1.092321611051299,1193.0
2024-07-19 07:00:00+00:00,1.0937561006371403,1.0950478847566714,1.092669126029861,1.09426061569504,860.0
2024-07-19 08:00:00+00:00,1.0943195199926774,1.0955338556404557,1.0937768727565167,1.0940342635382043,1430.0
2024-07-19 09:00:00+00:00,1.094227889452395,1.095302121272087,1.093833407894938,1.094966035268857,1451.0
2024-07-19 10:00:00+00:00,1.0943668071407706,1.0950735411504575,1.092253438715657,1.0946928282586756,1189.0
2024-07-19 11:00:00+00:00,1.0945449722676035,1.0948313861105117,1.0931117239414831,1.0934510416209604,1154.0
2024-07-19 12:00:00+00:00,1.0943084229710676,1.0949104987706757,1.093115493065167,1.093737254550889,1190.0
2024-07-19 13:00:00+00:00,1.0940633314012789,1.095580613610608,1.0933847375047925,1.093841618517347,1110.0
2024-07-19 14:00:00+00:00,1.0940002145549976,1.0950314022495915,1.0933638948600497,1.0944782421813024,984.0
2024-07-19 15:00:00+00:00,1.0937916564845511,1.0949214566652763,1.0924834394409475,1.0932184103198577,1108.0
2024-07-19 16:00:00+00:00,1.0937450897872696,1.0948857529221885,1.0919948415862422,1.0937520865373944,1030.0
2024-07-19 17:00:00+00:00,1.0937378573077203,1.094686893592831,1.0928595950254023,1.094013958242973,1228.0
2024-07-19 18:00:00+00:00,1.0939695218460648,1.0957161802035236,1.0932689259609658,1.0934397617903515,960.0
2024-07-19 19:00:00+00:00,1.0935723458578277,1.0952602942121874,1.0918782360341486,1.093055122957521,959.0
2024-07-19 20:00:00+00:00,1.0933448145374705,1.0941387263970317,1.0924002201787648,1.092958649523798,1143.0
2024-07-19 21:00:00+00:00,1.0935733298044563,1.0948951853092583,1.0926979414814435,1.092865563969401,894.0
2024-07-19 22:00:00+00:00,1.0933432760853,1.094046626955847,1.0921359367946206,1.093155076707842,812.0
2024-07-19 23:00:00+00:00,1.0931498202567913,1.0940739115979972,1.0921283435684888,1.0939553133884363,997.0
2024-07-20 00:00:00+00:00,1.093098301232743,1.094486648679265,1.0921952839695874,1.0924485856503094,1191.0
2024-07-20 01:00:00+00:00,1.0931761059914245,1.0938855102306428,1.0927907039424622,1.0931095463856584,1158.0
2024-07-20 02:00:00+00:00,1.0933788638492847,1.0942054652350384,1.0919533246094089,1.09355973261423,1460.0
2024-07-20 03:00:00+00:00,1.0932795264368518,1.0939772894353728,1.092274591409377,1.0932793521728248,1121.0
2024-07-20 04:00:00+00:00,1.0932648101482163,1.0941377273815371,1.0919359220758302,1.0923413815543626,1128.0
2024-07-20 05:00:00+00:00,1.0930584390589286,1.0944200848793262,1.0924289551288662,1.093148276566381,900.0
2024-07-20 06:00:00+00:00,1.0931039867408765,1.0946029672325053,1.0918180593147333,1.0933927005237023,1101.0
2024-07-20 07:00:00+00:00,1.0931516670288868,1.0946837263521925,1.0925519545100866,1.093294141107335,1162.0
2024-07-20 08:00:00+00:00,1.093427241363873,1.0960810448742535,1.0926236145980774,1.0953983608687747,979.0
2024-07-20 09:00:00+00:00,1.0934551235617938,1.0943788165813664,1.0932621261380515,1.0941097974825589,1495.0
2024-07-20 10:00:00+00:00,1.0935825502648513,1.094733157743602,1.0909846442717297,1.0936602155767534,1380.0
2024-07-20 11:00:00+00:00,1.0935345457338654,1.095017084332024,1.0922272427567272,1.0937568207241664,872.0
2024-07-20 12:00:00+00:00,1.0933420144834964,1.0953558418904572,1.0921386915295024,1.092408277654028,1140.0
2024-07-20 13:00:00+00:00,1.0936457791664789,1.0947465382150767,1.09232750615735,1.0933301564206217,1348.0
2024-07-20 14:00:00+00:00,1.0934838274932648,1.0942481063035323,1.092974240548278,1.0933158902544828,774.0
2024-07-20 15:00:00+00:00,1.0934714800635432,1.093812642605286,1.0918780278555502,1.0925347858985115,1336.0
2024-07-20 16:00:00+00:00,1.0934249741738946,1.0947298870154156,1.092317123153677,1.0932028195150831,991.0
2024-07-20 17:00:00+00:00,1.093446577186258,1.0939616351226888,1.0924260997404998,1.093592220555658,1102.0
2024-07-20 18:00:00+00:00,1.0933753153774124,1.093991511499908,1.092477344568288,1.0927782182014478,961.0
2024-07-20 19:00:00+00:00,1.0936428356246275,1.0947096102701968,1.0925543173939,1.0938896656257704,1172.0
2024-07-20 20:00:00+00:00,1.0937644163209523,1.0944057484601102,1.0928692236093862,1.0936157914054483,733.0
2024-07-20 21:00:00+00:00,1.0934314473275182,1.0950361631454204,1.0918360270790963,1.093850735304429,847.0
2024-07-20 22:00:00+00:00,1.0939173444384287,1.0948442722317746,1.09321386513072,1.0934260193647334,796.0
2024-07-20 23:00:00+00:00,1.093665693534066,1.095626797608276,1.0922004440873436,1.092398284955724,887.0
2024-07-21 00:00:00+00:00,1.0933530715302977,1.0949947655693388,1.0929474772705343,1.093949145925232,1111.0
2024-07-21 01:00:00+00:00,1.093563337383444,1.0944151069571748,1.0922241292360442,1.0925085444602982,726.0
2024-07-21 02:00:00+00:00,1.0933112818900448,1.0944650224452914,1.0929879106147469,1.0937286255918015,1162.0
2024-07-21 03:00:00+00:00,1.0933987167293897,1.094034836688334,1.0915660542270142,1.0932847702194215,986.0
2024-07-21 04:00:00+00:00,1.0935390493386934,1.0950877957854552,1.092480159150332,1.094650042638206,1022.0
2024-07-21 05:00:00+00:00,1.0937464168343838,1.0943175165248766,1.0934109062497837,1.0941413437622074,1008.0
2024-07-21 06:00:00+00:00,1.0937734188099246,1.0952800369079554,1.093012399025583,1.0944437741686524,1486.0
2024-07-21 07:00:00+00:00,1.0938952627361416,1.0947512208151884,1.0921138540797035,1.0937507005014375,999.0
2024-07-21 08:00:00+00:00,1.0937598552136696,1.0941772006792088,1.0925630617064646,1.0937526674710107,597.0
2024-07-21 09:00:00+00:00,1.093570205015042,1.0947280870653515,1.0930142630896746,1.0940357927551327,1139.0
2024-07-21 10:00:00+00:00,1.0940178362173882,1.09443374603821,1.092180255538292,1.093763269708787,1488.0
2024-07-21 11:00:00+00:00,1.0942300020496296,1.0951947154705353,1.093797683067876,1.094241115783194,745.0
2024-07-21 12:00:00+00:00,1.0941960242960462,1.096558988822406,1.0931517284848986,1.0953708008548286,559.0
2024-07-21 13:00:00+00:00,1.09415172436887,1.0947760562490196,1.0929298318185792,1.0935796859849254,757.0
2024-07-21 14:00:00+00:00,1.0942543027161094,1.0959303242651173,1.0934631932053618,1.0954162303740342,1283.0
2024-07-21 15:00:00+00:00,1.09422672332752,1.094931660190093,1.0925829240265497,1.0946425752216384,1473.0
2024-07-21 16:00:00+00:00,1.0942190578170805,1.0952505970710464,1.092724820126444,1.0951217097722512,925.0
2024-07-21 17:00:00+00:00,1.0943417617836866,1.095081350926736,1.0932759119980284,1.093712922119464,1254.0
2024-07-21 18:00:00+00:00,1.094670731637528,1.0956277891920034,1.0933520558336296,1.095167680898144,970.0
2024-07-21 19:00:00+00:00,1.0948924859176312,1.0954412492095036,1.0936828986633098,1.0947594234571183,1763.0
2024-07-21 20:00:00+00:00,1.0946573998408584,1.0959651381328184,1.094316607654878,1.0957359456570226,1292.0
2024-07-21 21:00:00+00:00,1.0943549645387505,1.096076227440443,1.0939244460973392,1.0954926307254234,1240.0
2024-07-21 22:00:00+00:00,1.0943720463374826,1.0954587075354596,1.0927854538795854,1.0930757009462793,297.0
2024-07-21 23:00:00+00:00,1.0941632768286955,1.0955807409194478,1.0932084571734346,1.0938518702632412,1037.0
2024-07-22 00:00:00+00:00,1.0941178160814915,1.095365507806172,1.0930373172562902,1.095074581617301,1041.0
2024-07-22 01:00:00+00:00,1.0938744552483357,1.095191683428372,1.0927030865544236,1.094192761891057,1161.0
2024-07-22 02:00:00+00:00,1.0936168417229435,1.095030760754934,1.0933815131667617,1.09434384773992,1304.0
2024-07-22 03:00:00+00:00,1.093971554549114,1.0946058375727734,1.09277461187755,1.09371238477255,755.0
2024-07-22 04:00:00+00:00,1.0939648005239022,1.0945896192335671,1.0926835820161902,1.0933225442694323,730.0
2024-07-22 05:00:00+00:00,1.0944479923079,1.0951501867346285,1.092546107069061,1.0937604369352905,1439.0
2024-07-22 06:00:00+00:00,1.0941595757872349,1.0947866190328528,1.0924718969398222,1.0943723101153564,1142.0
2024-07-22 07:00:00+00:00,1.0940106483743175,1.0952748397934553,1.0929181902822145,1.094063575466128,594.0
2024-07-22 08:00:00+00:00,1.094100468820499,1.0951511583378797,1.093096575595772,1.0938217929197522,837.0
2024-07-22 09:00:00+00:00,1.0940573892215957,1.0945368069659378,1.0933360964797945,1.0941171245879828,1109.0
2024-07-22 10:00:00+00:00,1.0937742978297662,1.0955257612341478,1.0936457622647937,1.094036107199281,557.0
2024-07-22 11:00:00+00:00,1.0940038578448137,1.0952763213454235,1.0928346254615509,1.0946865614253416,975.0
2024-07-22 12:00:00+00:00,1.094056797387336,1.0962358699329269,1.0926754973585473,1.0932132788790003,1747.0
2024-07-22 13:00:00+00:00,1.093894902879861,1.095583773586939,1.0932253747189489,1.0935446454058595,1410.0
2024-07-22 14:00:00+00:00,1.0942279591765434,1.0954231703449293,1.093070782961682,1.0934678771007578,1167.0
2024-07-22 15:00:00+00:00,1.0942273115638372,1.094935850629592,1.0933795667776105,1.094679830735745,1414.0
2024-07-22 16:00:00+00:00,1.094300205426109,1.0950210427117026,1.093280831387105,1.0936097315388849,1526.0
2024-07-22 17:00:00+00:00,1.093942685015848,1.0942836920956476,1.092663351004886,1.094204716490124,944.0
2024-07-22 18:00:00+00:00,1.0937211130574302,1.094210257856448,1.093103770704719,1.0941071027589782,1051.0
2024-07-22 19:00:00+00:00,1.0940027186144254,1.0950937115481318,1.0933132855930752,1.0949065862018807,1132.0
2024-07-22 20:00:00+00:00,1.0940636342911825,1.0944864539550951,1.092526435454963,1.0931888275075174,612.0
2024-07-22 21:00:00+00:00,1.0939319187864114,1.095393666571676,1.093700298169142,1.0944764408740504,1322.0
2024-07-22 22:00:00+00:00,1.0937597657887252,1.0947673831849185,1.092295337282615,1.0938546457989091,825.0
2024-07-22 23:00:00+00:00,1.0938763645322944,1.095622384912558,1.093068884114461,1.0952367070876294,845.0
2024-07-23 00:00:00+00:00,1.093881500678846,1.0951575728802452,1.093378641430024,1.0949853368279376,692.0
2024-07-23 01:00:00+00:00,1.093792599196351,1.0941895058249975,1.092782538006344,1.0931435869489543,1138.0
2024-07-23 02:00:00+00:00,1.0936705058356344,1.0946850372567285,1.0917671617065077,1.0939739742184422,869.0
2024-07-23 03:00:00+00:00,1.0937344139095335,1.0953843943237296,1.0924849496707827,1.0927813346445492,1228.0
2024-07-23 04:00:00+00:00,1.0938654310172538,1.0949434106156264,1.0929058231876176,1.0942644570521731,1042.0
2024-07-23 05:00:00+00:00,1.094061761129794,1.094741405142818,1.0936693096146377,1.0939531408517518,1091.0
2024-07-23 06:00:00+00:00,1.094049780101033,1.0946789347001031,1.0915922485995826,1.0938158284367816,799.0
2024-07-23 07:00:00+00:00,1.093961911142888,1.0952774118182391,1.092842739850465,1.093503571009791,1001.0
2024-07-23 08:00:00+00:00,1.0939978253505604,1.0952541664420157,1.092818918996008,1.0932257654283997,667.0
2024-07-23 09:00:00+00:00,1.0939049622948025,1.0945212180925257,1.0919802858594705,1.093241908700191,1515.0
2024-07-23 10:00:00+00:00,1.0939027098153686,1.0947503040669946,1.0904409848222918,1.0944986135057704,978.0
2024-07-23 11:00:00+00:00,1.0937120238273093,1.0955747523923367,1.0924400136891967,1.095354805060084,944.0
2024-07-23 12:00:00+00:00,1.0937644561842352,1.0951101717196794,1.09273153368674,1.0950133594073774,1246.0
2024-07-23 13:00:00+00:00,1.0941224139861594,1.094567319688202,1.0929541567088492,1.093582374154878,962.0
2024-07-23 14:00:00+00:00,1.0938020752207758,1.0945475611871909,1.093589126144948,1.094045691949253,1168.0
2024-07-23 15:00:00+00:00,1.093919280831912,1.094794265276394,1.0929281808762037,1.0940712591822987,1391.0
2024-07-23 16:00:00+00:00,1.093910546287154,1.0948334690361483,1.0929324945703651,1.0940570275981338,1161.0
2024-07-23 17:00:00+00:00,1.094124473224645,1.0947647849013111,1.0937218924546297,1.0943543323640057,827.0
2024-07-23 18:00:00+00:00,1.093998204347245,1.0949535387810096,1.0931248079731255,1.0946929534659329,1331.0
2024-07-23 19:00:00+00:00,1.0939509785038986,1.0956624599982907,1.0931173740400522,1.0952830018624709,1559.0
2024-07-23 20:00:00+00:00,1.0941100858013466,1.0951851995205617,1.0925127633721066,1.0938547311598217,720.0
2024-07-23 21:00:00+00:00,1.0939805456972105,1.0952404290068949,1.093351100951249,1.0942238728209794,1073.0
2024-07-23 22:00:00+00:00,1.0941589500002358,1.0955024164586122,1.0932074051810854,1.0950700950829642,998.0
2024-07-23 23:00:00+00:00,1.093998280658531,1.0949340468942514,1.0929118190708258,1.0945857399904957,795.0
2024-07-24 00:00:00+00:00,1.0942096045977214,1.0947255570679049,1.0933763305982005,1.094167990962925,993.0
2024-07-24 01:00:00+00:00,1.0942445939804573,1.0951067392154568,1.0928301463068208,1.093198995517338,1648.0
2024-07-24 02:00:00+00:00,1.0941467127584814,1.095807573217206,1.092546623095451,1.0941770245911084,813.0
2024-07-24 03:00:00+00:00,1.0943009512673811,1.094755530718991,1.0929961172032687,1.0943234719315962,1134.0
2024-07-24 04:00:00+00:00,1.094238972739536,1.0956696215882449,1.0935798401512098,1.0951046813193055,1053.0
2024-07-24 05:00:00+00:00,1.0942777832682271,1.0952047534154985,1.092788708350383,1.0942447245275542,1032.0
2024-07-24 06:00:00+00:00,1.0942035400095025,1.095192312492056,1.0935661659889313,1.0938322274240473,1150.0
2024-07-24 07:00:00+00:00,1.094257602445817,1.095264384301444,1.092792840545133,1.0932217489922833,838.0
2024-07-24 08:00:00+00:00,1.0942121423403142,1.0956510039506966,1.0938536338341067,1.0945898853755842,1339.0
2024-07-24 09:00:00+00:00,1.0944849409698614,1.0959450824034864,1.093968622969751,1.095852080950486,1128.0
2024-07-24 10:00:00+00:00,1.0942649709338523,1.0950192272936692,1.093032805882046,1.0940975282909038,731.0
2024-07-24 11:00:00+00:00,1.094361795133749,1.0953399151425975,1.0931090585032668,1.0942777032543538,1516.0
2024-07-24 12:00:00+00:00,1.0943718149985175,1.095250589894401,1.093682415558059,1.0941590904510377,957.0
2024-07-24 13:00:00+00:00,1.094144302280062,1.0950063506365522,1.0936228927265783,1.093671643201778,962.0
2024-07-24 14:00:00+00:00,1.0942806423940432,1.0960601765321447,1.0930900233540368,1.0932313240272715,1000.0
2024-07-24 15:00:00+00:00,1.0942149977631035,1.0949171075409556,1.0923115950210678,1.093837669146267,743.0
2024-07-24 16:00:00+00:00,1.0941367356565423,1.0952463488576918,1.0935253066814188,1.0944604047296131,1129.0
2024-07-24 17:00:00+00:00,1.0940021972965344,1.0945139909010475,1.0932757767370795,1.0939868060760092,1365.0
2024-07-24 18:00:00+00:00,1.0938390437762382,1.0951756688495395,1.0926659339246991,1.0937665126594616,905.0
2024-07-24 19:00:00+00:00,1.0937575574486869,1.094572051659184,1.0930080766004937,1.0932245502512832,1293.0
2024-07-24 20:00:00+00:00,1.093808613857589,1.0959485592801237,1.0934990755800131,1.0959045394354314,1462.0
2024-07-24 21:00:00+00:00,1.094242574606196,1.0950670036130716,1.0930666991619,1.0947723277942862,1404.0
2024-07-24 22:00:00+00:00,1.0941842110027138,1.0960889901180386,1.093384897138338,1.0936710785398744,1367.0
2024-07-24 23:00:00+00:00,1.094355718779581,1.095072300871699,1.093550250780468,1.0946391396628588,1400.0
2024-07-25 00:00:00+00:00,1.0944535185359805,1.0952969267774402,1.0935394404194023,1.0942295969518765,1434.0
2024-07-25 01:00:00+00:00,1.094871729777193,1.095807581298248,1.0944155157796134,1.095316760722619,1022.0
2024-07-25 02:00:00+00:00,1.0951423729454577,1.0967577983312835,1.0942237504188104,1.0961557539373723,1023.0
2024-07-25 03:00:00+00:00,1.0953962085674027,1.0966406092343344,1.0933687319615115,1.0935322661974445,1183.0
2024-07-25 04:00:00+00:00,1.0952240039498409,1.0962848844186774,1.093698434741354,1.094187742587386,1400.0
2024-07-25 05:00:00+00:00,1.0955259807049813,1.0969819737246846,1.0945241854727337,1.096671198830113,1043.0
2024-07-25 06:00:00+00:00,1.0955259447651582,1.096811315443628,1.0950071770970822,1.095980788774437,926.0
2024-07-25 07:00:00+00:00,1.0954339271583349,1.0959261093348196,1.0927863828758697,1.0958331260573162,1337.0
2024-07-25 08:00:00+00:00,1.0956062658050771,1.096287735087316,1.0937544839944011,1.0953379371460257,734.0
2024-07-25 09:00:00+00:00,1.0956272163944534,1.0972230177308493,1.0942725887991882,1.094741258010158,1044.0
2024-07-25 10:00:00+00:00,1.09546199397416,1.096678071233464,1.093682530139611,1.0940311542310186,1511.0
2024-07-25 11:00:00+00:00,1.0955183119912442,1.0964256792970852,1.0945870074956283,1.0957031515397757,785.0
2024-07-25 12:00:00+00:00,1.095726578069657,1.0971885773368053,1.0953352085343897,1.096848682804184,1122.0
2024-07-25 13:00:00+00:00,1.0957117904129967,1.0967930272865891,1.0942591634550587,1.0948976274004127,1194.0
2024-07-25 14:00:00+00:00,1.095497850043493,1.0966444643525015,1.0945096899243791,1.0963601926089075,1224.0
2024-07-25 15:00:00+00:00,1.0952701057711396,1.0957860750164992,1.094162834405131,1.0943825578833306,1269.0
2024-07-25 16:00:00+00:00,1.0950989263327942,1.0959720785427172,1.0933265634600349,1.0936202147132592,859.0
2024-07-25 17:00:00+00:00,1.09517950694666,1.0962661114648982,1.0941375068192531,1.0947171072734263,1098.0
2024-07-25 18:00:00+00:00,1.0954617143369998,1.0963063216956797,1.0948114407244558,1.0957383406857395,1238.0
2024-07-25 19:00:00+00:00,1.0952288313870389,1.0954993087728992,1.0937097655172594,1.0953436785370716,1170.0
2024-07-25 20:00:00+00:00,1.0951773257248107,1.0955479703988595,1.0939276985901216,1.0951707022684485,518.0
2024-07-25 21:00:00+00:00,1.0950864488233285,1.0954273692257888,1.0933244212611242,1.0936392394766157,1221.0
2024-07-25 22:00:00+00:00,1.094774167135771,1.096120659731243,1.0937262858042631,1.0945400216186592,940.0
2024-07-25 23:00:00+00:00,1.0944750866187911,1.0955534456891434,1.0929173417888292,1.0932258299122974,876.0
2024-07-26 00:00:00+00:00,1.094341594469615,1.0950724380607926,1.0923268529782904,1.0941267852159544,954.0
2024-07-26 01:00:00+00:00,1.09445620442309,1.095193373457188,1.0932982096948023,1.093443720888554,1307.0
2024-07-26 02:00:00+00:00,1.094635821478536,1.0957061998719968,1.0936427696063695,1.0942049259817617,1476.0
2024-07-26 03:00:00+00:00,1.0946558278019751,1.095671703820994,1.0932382238073028,1.0938370559992256,1589.0
2024-07-26 04:00:00+00:00,1.094759557001887,1.0964862031844538,1.09335113466992,1.0948849438313268,783.0
2024-07-26 05:00:00+00:00,1.0948161862501735,1.096137070109992,1.094195511542946,1.095123441573845,1609.0
2024-07-26 06:00:00+00:00,1.0947641639064951,1.0960666940988328,1.0942418295757976,1.0950364547455411,1671.0
2024-07-26 07:00:00+00:00,1.094990427537278,1.0960927063672363,1.0934434890052724,1.0951379041682687,923.0
2024-07-26 08:00:00+00:00,1.094920574934535,1.095615597477123,1.0939757807774646,1.094227178804837,1111.0
2024-07-26 09:00:00+00:00,1.0948869865252209,1.0961600268941454,1.0926995663526418,1.095161061281276,986.0
2024-07-26 10:00:00+00:00,1.0949516316757102,1.0956763508168466,1.0928763258093246,1.0945305086186476,999.0
2024-07-26 11:00:00+00:00,1.0949906402942604,1.0957299142625188,1.0941983295224345,1.0951418698817228,1021.0
2024-07-26 12:00:00+00:00,1.094956010258827,1.0959627501617917,1.0944122556095208,1.094452854457741,1190.0
2024-07-26 13:00:00+00:00,1.0947168530889415,1.0957436932652895,1.0934548940905149,1.095329740243636,926.0
2024-07-26 14:00:00+00:00,1.0948156177647208,1.0955583060603042,1.093745943780832,1.0951736499452307,1655.0
2024-07-26 15:00:00+00:00,1.0949557386564106,1.0960052571692955,1.094251635411149,1.0950160082145313,651.0
2024-07-26 16:00:00+00:00,1.0950527973344433,1.095483712616458,1.0941146934271837,1.0946037295647553,731.0
2024-07-26 17:00:00+00:00,1.0951487406673004,1.096567238985169,1.0943896891072398,1.095153893383508,549.0
2024-07-26 18:00:00+00:00,1.09540431191304,1.0960973799907587,1.094844562169057,1.095647170260062,973.0
2024-07-26 19:00:00+00:00,1.0953570751021355,1.0974217311278904,1.0941066236496602,1.094319393107097,920.0
2024-07-26 20:00:00+00:00,1.095388662545445,1.0962643855029297,1.0949993993522882,1.0960949044649178,887.0
2024-07-26 21:00:00+00:00,1.095639646675736,1.0968733892255154,1.093949931746946,1.0967748989214203,924.0
2024-07-26 22:00:00+00:00,1.0956963062964382,1.0971855103316894,1.094983406636031,1.095754130840483,769.0
2024-07-26 23:00:00+00:00,1.0953960863232852,1.0961009683374898,1.094622028754352,1.0954549628824302,1016.0
2024-07-27 00:00:00+00:00,1.0954796392365682,1.0969804546468596,1.09416568992978,1.096839028291588,823.0
2024-07-27 01:00:00+00:00,1.0956331830152248,1.0975120194004968,1.095010759145098,1.095410474361441,1477.0
2024-07-27 02:00:00+00:00,1.0955385480935758,1.0970914818369693,1.0946264830788566,1.095263156243519,822.0
2024-07-27 03:00:00+00:00,1.095751693181284,1.0967707679571912,1.095120979671495,1.0965547939846974,830.0
2024-07-27 04:00:00+00:00,1.0957886650317734,1.0965102668231452,1.094598811805538,1.0956932379216977,991.0
2024-07-27 05:00:00+00:00,1.0958034174561857,1.0967583666633178,1.0943054990304388,1.094424829811388,1065.0
2024-07-27 06:00:00+00:00,1.0955023041310403,1.0963722415191008,1.0939285242450705,1.0950607914983947,1307.0
2024-07-27 07:00:00+00:00,1.0959098215561511,1.0966608738865748,1.0950392250762344,1.095501452285807,1061.0
2024-07-27 08:00:00+00:00,1.096277855386444,1.0969272737244178,1.0946532442453991,1.0958770933273911,764.0
2024-07-27 09:00:00+00:00,1.0961864590789512,1.0968759086546689,1.0949923044017174,1.09663974753242,839.0
2024-07-27 10:00:00+00:00,1.096132342603675,1.0974519113898216,1.0945322708911576,1.0946369382831755,1311.0
2024-07-27 11:00:00+00:00,1.096045567912772,1.0968249366241405,1.0951056480803871,1.0962644434279238,1270.0
2024-07-27 12:00:00+00:00,1.0961212552631738,1.097045875327969,1.0944623294136957,1.0963171410140082,1026.0
2024-07-27 13:00:00+00:00,1.0960838666014827,1.0970852914555205,1.0955252965025808,1.096426354967169,1228.0
2024-07-27 14:00:00+00:00,1.0961446328032916,1.0970244637270437,1.095290139997923,1.0967395593276088,1312.0
2024-07-27 15:00:00+00:00,1.095898069259274,1.0969267709782018,1.095306904019638,1.0959201226104118,1071.0
2024-07-27 16:00:00+00:00,1.095933642522665,1.0969415281030317,1.0936749270528978,1.0967102143702374,714.0
2024-07-27 17:00:00+00:00,1.0957970886962527,1.0974410903083591,1.094457256805238,1.0956353996148311,1515.0
2024-07-27 18:00:00+00:00,1.0958190719854282,1.0965618615707962,1.0949755559812957,1.0951141877649708,1342.0
2024-07-27 19:00:00+00:00,1.0956360230983868,1.0968337642607298,1.0945839934359824,1.0965247970683183,980.0
2024-07-27 20:00:00+00:00,1.0959397191438058,1.0975430888116111,1.0948428724319363,1.0967431210305223,1541.0
2024-07-27 21:00:00+00:00,1.096291957434004,1.097669682603444,1.094580835881972,1.0970318681810676,1008.0
2024-07-27 22:00:00+00:00,1.0965689812766144,1.096925651091046,1.0956645270551664,1.0967185077876804,1321.0
2024-07-27 23:00:00+00:00,1.096285603084948,1.0973423715227282,1.0951926117694102,1.096474413895831,1061.0
2024-07-28 00:00:00+00:00,1.0963643981140374,1.0969388649695269,1.0953871341902013,1.096091524078951,844.0
2024-07-28 01:00:00+00:00,1.0961811006895863,1.0967256998403054,1.095279124109222,1.095370902018412,496.0
2024-07-28 02:00:00+00:00,1.0960968076158244,1.097563561065163,1.0946396313656876,1.096527374162158,798.0
2024-07-28 03:00:00+00:00,1.0959252574933809,1.0992349677539917,1.0954875706383294,1.0956630788176995,1021.0
2024-07-28 04:00:00+00:00,1.0957268966818623,1.0972150885118477,1.0953513631578913,1.0970402308408058,1101.0
2024-07-28 05:00:00+00:00,1.0957970348414097,1.096166566608505,1.095091500978188,1.095805454283431,925.0
2024-07-28 06:00:00+00:00,1.095861094994559,1.097149295758446,1.095337854826137,1.0958587557241029,1285.0
2024-07-28 07:00:00+00:00,1.0961424716535817,1.0966604247263976,1.094645984319839,1.0959788333117593,1021.0
2024-07-28 08:00:00+00:00,1.0964231983559507,1.097634531953711,1.0956301723459254,1.0957555855632446,1815.0
2024-07-28 09:00:00+00:00,1.0965143286638095,1.0970213126267452,1.0948699993787634,1.0953529249524532,1000.0
2024-07-28 10:00:00+00:00,1.0965735008043958,1.097937127476612,1.0955194569833804,1.0976585531439902,1023.0
2024-07-28 11:00:00+00:00,1.0969122614602702,1.0975394025459817,1.096042622131755,1.096879319045177,689.0
2024-07-28 12:00:00+00:00,1.0971352796446845,1.0978510835921047,1.0959044393863675,1.0971550161517205,1011.0
2024-07-28 13:00:00+00:00,1.0968659556464122,1.0972677968824989,1.0958640929534065,1.0960553077436537,1069.0
2024-07-28 14:00:00+00:00,1.09662284995394,1.098016723446321,1.09635303734671,1.0980000141678854,1178.0
2024-07-28 15:00:00+00:00,1.0968367258312433,1.0978977554601734,1.0961770405523978,1.096803871505871,954.0
2024-07-28 16:00:00+00:00,1.09686167574381,1.0976427999507472,1.0959874568700831,1.096371007837262,1341.0
2024-07-28 17:00:00+00:00,1.0969170662660317,1.097734474200195,1.095715727988997,1.0973144488710591,1332.0
2024-07-28 18:00:00+00:00,1.0968501841091391,1.097546548672313,1.0963148861198906,1.097225802353289,1040.0
2024-07-28 19:00:00+00:00,1.0967416815887734,1.096964906507078,1.0959072757243538,1.0967893684132568,1465.0
2024-07-28 20:00:00+00:00,1.0968302305600592,1.0979918872578296,1.0954520277638575,1.096299243350293,832.0
2024-07-28 21:00:00+00:00,1.0965256095183171,1.0974820831580174,1.0946600522069163,1.0960089296163238,876.0
2024-07-28 22:00:00+00:00,1.0964316492937831,1.0978217280955194,1.0957624486728064,1.0974453254550869,1145.0
2024-07-28 23:00:00+00:00,1.0964866090152594,1.0973399239226498,1.0949863472926025,1.0954582010910192,1209.0
2024-07-29 00:00:00+00:00,1.096498689202359,1.09711026831985,1.0947347693137457,1.0964642545602037,1434.0
2024-07-29 01:00:00+00:00,1.0964413451694948,1.0979357721709344,1.0956278987692996,1.096047633199755,905.0
2024-07-29 02:00:00+00:00,1.0967240110153842,1.0978293269543593,1.0962974540153156,1.0976045789574695,987.0
2024-07-29 03:00:00+00:00,1.0968379864558166,1.0981887883355823,1.0966280788969818,1.0975090943001222,1272.0
2024-07-29 04:00:00+00:00,1.0972870295338024,1.0978989346534738,1.096606689271873,1.0972068736290177,1003.0
2024-07-29 05:00:00+00:00,1.0973846922220003,1.098426989194167,1.0966715002706255,1.0967305123816034,956.0
2024-07-29 06:00:00+00:00,1.0976738300528537,1.098210548795101,1.0952870512740431,1.097395047562603,782.0
2024-07-29 07:00:00+00:00,1.097434628692313,1.0989180624598254,1.096478573045394,1.0978485994962182,855.0
2024-07-29 08:00:00+00:00,1.0976831029347396,1.0978905673180197,1.096434226767242,1.0971444651978886,1260.0
2024-07-29 09:00:00+00:00,1.0978824787416297,1.0989658484281362,1.0964794685407058,1.0987257543591802,1061.0
2024-07-29 10:00:00+00:00,1.0980553099573769,1.0994668648870989,1.0971701969637906,1.099106735728573,918.0
2024-07-29 11:00:00+00:00,1.0983660725157662,1.0986949058800148,1.0975418674229878,1.098008559910724,1310.0
2024-07-29 12:00:00+00:00,1.09840160250041,1.0999079078296254,1.0982730975366986,1.0990842656045348,1324.0
2024-07-29 13:00:00+00:00,1.0987295526503442,1.1000957447326165,1.0969642014898775,1.097274680292953,1175.0
2024-07-29 14:00:00+00:00,1.0985945070906251,1.0994846046925495,1.097363267802291,1.0978682717474284,970.0
2024-07-29 15:00:00+00:00,1.0985239256383514,1.0992936957920658,1.0976388285660976,1.098647126808765,1072.0
2024-07-29 16:00:00+00:00,1.0988011636784163,1.099412496063083,1.0970733230536864,1.097819528526914,1033.0
2024-07-29 17:00:00+00:00,1.0987644378782082,1.1001556831910797,1.097636581937226,1.0987920425958977,791.0
2024-07-29 18:00:00+00:00,1.0987121883953603,1.099447400608465,1.0977755700540832,1.0984435993344666,1007.0
2024-07-29 19:00:00+00:00,1.0986948672900805,1.1003998165041262,1.0973349535841996,1.097501193603147,1080.0
2024-07-29 20:00:00+00:00,1.098778787738419,1.0991087877266024,1.096995250113269,1.0989562197447238,1205.0
2024-07-29 21:00:00+00:00,1.098657636062745,1.099835623927984,1.0971158469046385,1.0980030856497611,995.0
2024-07-29 22:00:00+00:00,1.0984109695102802,1.100121590779234,1.097752990997928,1.0990781774202798,1430.0
2024-07-29 23:00:00+00:00,1.0985274553816515,1.0992998481900005,1.0972023898233896,1.0979135241672784,1124.0
2024-07-30 00:00:00+00:00,1.0982006502168065,1.0993714603468625,1.0965702399658224,1.0965808348348076,1621.0
2024-07-30 01:00:00+00:00,1.097924650905955,1.0987485541426203,1.0964847032513254,1.0971528170150495,1302.0
2024-07-30 02:00:00+00:00,1.097916670603747,1.0984175433437138,1.09616472036489,1.0969072559738176,911.0
2024-07-30 03:00:00+00:00,1.0978047429504525,1.0990874646695483,1.0966851702677762,1.0986349557269257,1235.0
2024-07-30 04:00:00+00:00,1.0976501036962876,1.09897711275777,1.09640360459242,1.097082898019102,1109.0
2024-07-30 05:00:00+00:00,1.0978558513574717,1.098709569001655,1.0972443334328923,1.0983567908999397,979.0
2024-07-30 06:00:00+00:00,1.0976898163477735,1.0989547319788666,1.0965427928485043,1.0966803109049066,520.0
2024-07-30 07:00:00+00:00,1.097744931256502,1.0988186592110627,1.0965523959610914,1.0976152968591826,739.0
2024-07-30 08:00:00+00:00,1.098037100709906,1.0996062683028418,1.0974590233921169,1.0981055244510531,1420.0
2024-07-30 09:00:00+00:00,1.097904114333832,1.098917711545329,1.0957144810896935,1.0980044723685398,1335.0
2024-07-30 10:00:00+00:00,1.0978493971595873,1.0988680301378757,1.0968426889554463,1.097544681554652,894.0
2024-07-30 11:00:00+00:00,1.098244857586258,1.0992413692679808,1.0969873620289456,1.098263594025371,596.0
2024-07-30 12:00:00+00:00,1.0981130781802988,1.099183136961232,1.0967905251199397,1.096848497761255,1525.0
2024-07-30 13:00:00+00:00,1.0982331864902306,1.100265349357798,1.097392098530405,1.0980757250540727,876.0
2024-07-30 14:00:00+00:00,1.098642734509669,1.1003009073987553,1.0971810735836562,1.0983084723882457,776.0
2024-07-30 15:00:00+00:00,1.0985550794753105,1.0997274544903417,1.0980838011803276,1.0993744643556698,1482.0
2024-07-30 16:00:00+00:00,1.098253364947423,1.0998097562515232,1.0972196105726848,1.099054800093023,1306.0
2024-07-30 17:00:00+00:00,1.09812888908621,1.0997664456474603,1.097452859018664,1.0982748288264943,1253.0
2024-07-30 18:00:00+00:00,1.0981610437953382,1.0996597756917466,1.096657275827039,1.0984504321091264,1023.0
2024-07-30 19:00:00+00:00,1.0982336693640131,1.0988103478015334,1.0964049929447526,1.0987702464768203,1148.0
2024-07-30 20:00:00+00:00,1.0982922406726852,1.0987204194460447,1.097307887655398,1.097748198007006,719.0
2024-07-30 21:00:00+00:00,1.0981538310638552,1.099127172349307,1.096905229229857,1.0972032747560785,1333.0
2024-07-30 22:00:00+00:00,1.0980615504846187,1.099249992326322,1.0972608384010525,1.098732805241079,1294.0
2024-07-30 23:00:00+00:00,1.097826780015811,1.0999749096247868,1.0974381623623313,1.098266304948418,1239.0
2024-07-31 00:00:00+00:00,1.097558081484546,1.0986952664569425,1.0968248971629295,1.0969858452553445,936.0
2024-07-31 01:00:00+00:00,1.0970677593025522,1.09763794725072,1.0959123958633898,1.0964347000089127,1539.0
2024-07-31 02:00:00+00:00,1.097076909272657,1.0982713861113993,1.096369091086308,1.0967231697149666,777.0
2024-07-31 03:00:00+00:00,1.097004514135545,1.0982521175925786,1.0957379882361615,1.0977126319443855,1792.0
2024-07-31 04:00:00+00:00,1.097272509303474,1.097990063623457,1.0960925061553113,1.097453253169926,1602.0
2024-07-31 05:00:00+00:00,1.097451832059143,1.0980436758708425,1.0961604474650866,1.0966034247772776,1339.0
2024-07-31 06:00:00+00:00,1.0972450748135918,1.0993483852552235,1.096576977230204,1.0970642990884865,1340.0
2024-07-31 07:00:00+00:00,1.0971319212468744,1.0977899458938647,1.096179112557528,1.0974185849538929,1005.0
2024-07-31 08:00:00+00:00,1.097178268570831,1.0980520452757754,1.09554729118086,1.09753033609261,725.0
2024-07-31 09:00:00+00:00,1.0975013321952043,1.0981923290197342,1.096606506326809,1.097049503716526,975.0
2024-07-31 10:00:00+00:00,1.0976471245457815,1.0989617804303136,1.0965403833320944,1.0967829032006755,689.0
2024-07-31 11:00:00+00:00,1.0977163279549145,1.0982473933257564,1.0961484152462415,1.0964134243697707,825.0
2024-07-31 12:00:00+00:00,1.0979206283910403,1.09875972970624,1.0975640526820587,1.0982459614732905,1305.0
2024-07-31 13:00:00+00:00,1.0979830269601487,1.099611281858586,1.0973925211764122,1.0993502362179846,921.0
2024-07-31 14:00:00+00:00,1.098264446876926,1.0983916445335329,1.0968991111948536,1.09746457717181,1011.0
2024-07-31 15:00:00+00:00,1.0981493697123117,1.099187309499171,1.096272309172848,1.0985886801182403,1182.0
2024-07-31 16:00:00+00:00,1.098191539722854,1.0986992598829712,1.096882940527604,1.0976984397874048,1020.0
2024-07-31 17:00:00+00:00,1.0977789044926518,1.0987153397315006,1.09690847958203,1.0976072784581954,1052.0
2024-07-31 18:00:00+00:00,1.0978722806301304,1.0987477900002602,1.097186124588014,1.0981326528126554,1025.0
2024-07-31 19:00:00+00:00,1.0982088612537038,1.0989683528170295,1.0966885145656224,1.0974324715989472,1663.0
2024-07-31 20:00:00+00:00,1.0981171031490289,1.0988791048258824,1.0968278597826315,1.0985757091905883,1035.0
2024-07-31 21:00:00+00:00,1.0980314151250543,1.099458260341695,1.0972717476042348,1.0975198617454762,1207.0
2024-07-31 22:00:00+00:00,1.0978131008918794,1.09836074216042,1.097166912861006,1.098185069975032,682.0
2024-07-31 23:00:00+00:00,1.097516602398407,1.0988979544058268,1.095816072648644,1.0975324552045655,944.0
2024-08-01 00:00:00+00:00,1.0979548284941627,1.0987779377173426,1.0971080687737975,1.0971927282734604,1300.0
2024-08-01 01:00:00+00:00,1.0979823440625107,1.0988832794902252,1.09705980808298,1.0982379307906869,991.0
2024-08-01 02:00:00+00:00,1.0980576284221817,1.099600589223494,1.096980836717754,1.0991318149067908,729.0
2024-08-01 03:00:00+00:00,1.0978570859409766,1.0989084191380356,1.0968646028112448,1.0981343576042926,1055.0
2024-08-01 04:00:00+00:00,1.09832872470895,1.098982097102892,1.0973250779699084,1.0982675040058956,1205.0
2024-08-01 05:00:00+00:00,1.098257251448546,1.09925472724337,1.096715796578522,1.0970995059290227,1314.0
2024-08-01 06:00:00+00:00,1.097971602548775,1.098773698688051,1.0971541994979643,1.0972940008194647,1244.0
2024-08-01 07:00:00+00:00,1.0981000437492645,1.0997542835640726,1.096852965731321,1.0990191931077362,738.0
2024-08-01 08:00:00+00:00,1.0979800541045133,1.0985173436854672,1.0965948263329093,1.097806967629838,976.0
2024-08-01 09:00:00+00:00,1.0979388575050757,1.098197566316866,1.0962509292996454,1.097377072287014,813.0
2024-08-01 10:00:00+00:00,1.0977041052082066,1.0992850457849677,1.097008091671824,1.0970829062520888,1201.0
2024-08-01 11:00:00+00:00,1.0975623901942422,1.0981070334782166,1.0970712645350895,1.0978843722758302,1617.0
2024-08-01 12:00:00+00:00,1.0974147634775004,1.0987050417785618,1.0967008982691462,1.0974873258686362,984.0
2024-08-01 13:00:00+00:00,1.0974003111685064,1.0978651064122815,1.096162068497469,1.097258027640336,1247.0
2024-08-01 14:00:00+00:00,1.0971458647410803,1.0979082329450087,1.0965700975856716,1.0970688613717008,914.0
2024-08-01 15:00:00+00:00,1.097075382266531,1.097803475860077,1.0959398852618656,1.0971039552263482,1117.0
2024-08-01 16:00:00+00:00,1.0970479320528137,1.0981614701859903,1.0965223125838914,1.097058001801001,887.0
2024-08-01 17:00:00+00:00,1.0971102750181692,1.0987390418640883,1.096182944549715,1.0970063100667655,1069.0
2024-08-01 18:00:00+00:00,1.0970415279929853,1.097668966129263,1.095793918278423,1.096674807741545,1115.0
2024-08-01 19:00:00+00:00,1.0969357025225188,1.097272334354779,1.0954303597973578,1.097041062854085,1365.0
2024-08-01 20:00:00+00:00,1.096901005117381,1.0980460972972992,1.096141673640374,1.0963982904999752,1401.0
2024-08-01 21:00:00+00:00,1.0968048224996056,1.097365094503604,1.0956377579615917,1.0961041906731126,979.0
2024-08-01 22:00:00+00:00,1.0965692337078368,1.0981563478987857,1.095106916831377,1.0976939153834548,1166.0
2024-08-01 23:00:00+00:00,1.096812669087661,1.09795290168412,1.0955613039084455,1.095887425228881,960.0
2024-08-02 00:00:00+00:00,1.0969569088356956,1.0975773356325451,1.0964035093011006,1.096547379012325,1369.0
2024-08-02 01:00:00+00:00,1.097317529144434,1.0986499572610118,1.0966306274244462,1.0974521821460992,1261.0
2024-08-02 02:00:00+00:00,1.097502852079217,1.0979830349745614,1.096157712165926,1.097451351578676,1435.0
2024-08-02 03:00:00+00:00,1.0972012940511755,1.0976992250280746,1.0960405977067698,1.0971733078095725,394.0
2024-08-02 04:00:00+00:00,1.0971648381699,1.0975541453578268,1.0957832577665596,1.0973127952653432,1089.0
2024-08-02 05:00:00+00:00,1.0970753405758384,1.0974778982796902,1.0963517660495368,1.0968515804191838,1220.0
2024-08-02 06:00:00+00:00,1.097274448413276,1.0981396301328552,1.0956164950054954,1.0978166213017169,747.0
2024-08-02 07:00:00+00:00,1.097318563767344,1.098822995384448,1.0965627840937453,1.097113467286263,1285.0
2024-08-02 08:00:00+00:00,1.097614584408418,1.0979775726217051,1.0961401051812774,1.0970414486606492,1329.0
2024-08-02 09:00:00+00:00,1.0976351275348957,1.0987626918838655,1.0964374978595035,1.0970136012893628,1547.0
2024-08-02 10:00:00+00:00,1.0972849838288852,1.0989658919646783,1.0966636815606243,1.0975104477753417,1460.0
2024-08-02 11:00:00+00:00,1.097220070632697,1.098321979056336,1.0961686092914296,1.0980401785383482,1233.0
2024-08-02 12:00:00+00:00,1.0973779629349694,1.0986390527883123,1.0961953406392044,1.0981550549300834,956.0
2024-08-02 13:00:00+00:00,1.0973275405284766,1.0981768248747448,1.0969874025331472,1.0976847019610507,1198.0
2024-08-02 14:00:00+00:00,1.097361084696539,1.0988291607529828,1.0969675680426298,1.0983412803476444,545.0
2024-08-02 15:00:00+00:00,1.0971455509485404,1.097626296822479,1.0958346006827264,1.0962951304527158,1488.0
2024-08-02 16:00:00+00:00,1.0974500487013374,1.098866885634369,1.0967374195814874,1.0987629769758405,905.0
2024-08-02 17:00:00+00:00,1.0974646087906392,1.0984494913214362,1.0959379302600551,1.0965894393476867,1289.0
2024-08-02 18:00:00+00:00,1.0972363370247873,1.098376851486492,1.0966866842433796,1.0978446339212569,1708.0
2024-08-02 19:00:00+00:00,1.097141711107491,1.098772930900813,1.0959777971653946,1.0971001413413264,801.0
2024-08-02 20:00:00+00:00,1.0968200418890504,1.097683525102875,1.09627215721981,1.0971262747278427,1149.0
2024-08-02 21:00:00+00:00,1.0964032512326578,1.097938334993671,1.0959687145083616,1.097040790009706,1052.0
2024-08-02 22:00:00+00:00,1.0965291404479531,1.0974983079843943,1.0960974294092516,1.09730847150175,1395.0
2024-08-02 23:00:00+00:00,1.0963553417094312,1.097252796079364,1.095107459747956,1.0955591744314512,1059.0
2024-08-03 00:00:00+00:00,1.096158725616813,1.0969853274757118,1.0954225413496823,1.095916992783332,976.0
2024-08-03 01:00:00+00:00,1.0959630819218449,1.0964845557068013,1.0950083748911597,1.0950790468432177,1436.0
2024-08-03 02:00:00+00:00,1.095729957145262,1.0965708735671185,1.0939120277465637,1.096073735204096,1203.0
2024-08-03 03:00:00+00:00,1.0959381693731909,1.097061063831021,1.094104701980416,1.096105774396544,804.0
2024-08-03 04:00:00+00:00,1.095780333986309,1.0964716758882322,1.0942198021938865,1.0956311043630846,1366.0
2024-08-03 05:00:00+00:00,1.0959837939447423,1.0965493654934857,1.0945114374698413,1.095820827324688,1113.0
2024-08-03 06:00:00+00:00,1.0964366008819857,1.0971066470917386,1.0954289449435235,1.096457307061073,1362.0
2024-08-03 07:00:00+00:00,1.0961160190657566,1.096691879755246,1.0938647017674998,1.095742048989545,968.0
2024-08-03 08:00:00+00:00,1.0959641371887665,1.0969470064180713,1.0946909341321789,1.0957502561381995,1047.0
2024-08-03 09:00:00+00:00,1.0960729817807449,1.0973061791732426,1.095443511688236,1.096691211322656,949.0
2024-08-03 10:00:00+00:00,1.09611249153912,1.0975692491079467,1.0955587964496596,1.0962586031760706,797.0
2024-08-03 11:00:00+00:00,1.0963362979388809,1.0979533253471712,1.0959458253919137,1.0966264706875375,1200.0
2024-08-03 12:00:00+00:00,1.0965861177476084,1.0973470687209614,1.095580765141411,1.095933137551753,1194.0
2024-08-03 13:00:00+00:00,1.0964386926230518,1.0974836491940696,1.0947453713327644,1.0970256465230213,1099.0
2024-08-03 14:00:00+00:00,1.096760807321482,1.0970418564776503,1.095431207464435,1.0960835770852182,841.0
2024-08-03 15:00:00+00:00,1.096791647858422,1.0976340367350674,1.0946456101190598,1.0954856864956612,1026.0
2024-08-03 16:00:00+00:00,1.0964477050994506,1.0973386769277111,1.0948533508167873,1.0969042425614732,875.0
2024-08-03 17:00:00+00:00,1.0966419100072284,1.0978019817339035,1.096071425197101,1.0966942893422982,927.0
2024-08-03 18:00:00+00:00,1.0966413464505704,1.097772136523805,1.0961887628613587,1.097067160873436,1111.0
2024-08-03 19:00:00+00:00,1.0968613356862205,1.0975591346407974,1.0963416884808923,1.0969908264148776,1424.0
2024-08-03 20:00:00+00:00,1.0969436586131314,1.0982025966034883,1.09618692674918,1.0981513201964783,1482.0
2024-08-03 21:00:00+00:00,1.0969232912582343,1.0979602199781997,1.095389083966281,1.096321927494062,989.0
2024-08-03 22:00:00+00:00,1.0970039833598002,1.0986353337501,1.095057346346903,1.0981098240647285,1559.0
2024-08-03 23:00:00+00:00,1.097182673419115,1.0978790016500797,1.096232016976633,1.0975877362796105,946.0
2024-08-04 00:00:00+00:00,1.097292045799959,1.0980728843059422,1.0963053109149117,1.097005029674428,1205.0
2024-08-04 01:00:00+00:00,1.097395095214961,1.0978399338970135,1.0964431526749654,1.0965490817844414,1109.0
2024-08-04 02:00:00+00:00,1.097450438225548,1.0981617762139764,1.0969252944052654,1.0970816121992195,719.0
2024-08-04 03:00:00+00:00,1.0976949046794988,1.098323673063465,1.0961503138977904,1.09720844439606,1189.0
2024-08-04 04:00:00+00:00,1.0976969457622696,1.0986210783329342,1.0966094995130122,1.0972566192624589,1024.0
2024-08-04 05:00:00+00:00,1.0974276229747535,1.098520285006738,1.0961175475806562,1.0961734538735786,1294.0
2024-08-04 06:00:00+00:00,1.0974724290361206,1.0990598212691802,1.095751579490737,1.0965534286494547,1628.0
2024-08-04 07:00:00+00:00,1.097475810132921,1.0987587261842349,1.0954949337098472,1.0973575022179431,1461.0
2024-08-04 08:00:00+00:00,1.097460434556384,1.0987650514118732,1.0970694812893311,1.0981153481246189,812.0
2024-08-04 09:00:00+00:00,1.0974095517359177,1.0979858822138615,1.0964392869975923,1.0970958890640432,1092.0
2024-08-04 10:00:00+00:00,1.097356344724005,1.0985238631721184,1.0967765395988225,1.0973493828345682,822.0
2024-08-04 11:00:00+00:00,1.097739383535708,1.09814271829042,1.09665395145073,1.096778433562593,1584.0
2024-08-04 12:00:00+00:00,1.0978861330288645,1.09882788833025,1.0975694322240137,1.0977510949663336,1478.0
2024-08-04 13:00:00+00:00,1.0977961810985082,1.098656239750539,1.096967647717623,1.0979261941648482,1389.0
2024-08-04 14:00:00+00:00,1.0980731699209203,1.099202804571543,1.0974200054254204,1.098724613533022,1032.0
2024-08-04 15:00:00+00:00,1.0979754685486176,1.0992124296032362,1.097197367236462,1.0973412184149094,932.0
2024-08-04 16:00:00+00:00,1.0978660175874468,1.0984049006598986,1.0963652052825963,1.097709991107166,995.0
2024-08-04 17:00:00+00:00,1.0980566969780892,1.0994611585177254,1.097525994700279,1.0977148925372096,1234.0
2024-08-04 18:00:00+00:00,1.0979946845510256,1.0986150250225948,1.096520081368065,1.0982131776943498,1482.0
2024-08-04 19:00:00+00:00,1.098291726213135,1.098822564360454,1.097529962912987,1.097834453984048,952.0
2024-08-04 20:00:00+00:00,1.0982027668561063,1.0991325337439144,1.097104496286331,1.0990728801474543,1131.0
2024-08-04 21:00:00+00:00,1.098575542759613,1.0994273153177776,1.0974123072297168,1.0989566800493178,1164.0
2024-08-04 22:00:00+00:00,1.0985300606317117,1.0998013611958777,1.0982787011973314,1.0984536370416895,1087.0
2024-08-04 23:00:00+00:00,1.098481105879189,1.0988284394000405,1.0971668982079272,1.0986437297831166,1202.0
2024-08-05 00:00:00+00:00,1.0981121600951569,1.0992424435115116,1.097211591686459,1.097389601753998,1010.0
2024-08-05 01:00:00+00:00,1.0975690057413068,1.0982318114085905,1.0958951875283265,1.0972745523155552,1046.0
2024-08-05 02:00:00+00:00,1.0977809830134695,1.098460125401601,1.0967871516187564,1.097484811524335,1149.0
2024-08-05 03:00:00+00:00,1.0978233247412092,1.0990667462740014,1.0959857758379568,1.0960833541389148,1267.0
2024-08-05 04:00:00+00:00,1.0977168108195567,1.0989926751729244,1.0965257779881297,1.0967464966567404,1511.0
2024-08-05 05:00:00+00:00,1.097826048158674,1.0990024278170083,1.0971506925961338,1.0973090427432748,1501.0
2024-08-05 06:00:00+00:00,1.0981910652666615,1.0986215676856903,1.0971269527276206,1.0981128990022664,969.0
2024-08-05 07:00:00+00:00,1.0981584428888709,1.0990942087346645,1.0974309518926746,1.0978592278080026,879.0
2024-08-05 08:00:00+00:00,1.0979383857264848,1.0984412119259368,1.0967544529421835,1.0973750612771285,1082.0
2024-08-05 09:00:00+00:00,1.0980514496903977,1.0989415007393502,1.097182992425498,1.0980228281924636,1325.0
2024-08-05 10:00:00+00:00,1.0984476253554485,1.0995500800775369,1.097717042847688,1.098521375997907,1071.0
2024-08-05 11:00:00+00:00,1.0985692787598722,1.099103646479629,1.0975602109587297,1.0977188659392998,1435.0
2024-08-05 12:00:00+00:00,1.0983860475777674,1.0993977352160318,1.0980566378606045,1.0989726747312851,941.0
2024-08-05 13:00:00+00:00,1.0986935043034964,1.099657106520321,1.0967468677700367,1.0986381277491242,1497.0
2024-08-05 14:00:00+00:00,1.0986360737273102,1.0998973346316816,1.0971080061031706,1.099407682243228,1253.0
2024-08-05 15:00:00+00:00,1.098425055320419,1.0991922416956086,1.0973751213191942,1.0976903972167145,1425.0
2024-08-05 16:00:00+00:00,1.0983355531586658,1.0994808109735177,1.0981472771473726,1.0984928597470398,817.0
2024-08-05 17:00:00+00:00,1.0986614933562324,1.1000783542794328,1.0983484230158351,1.0989673147491417,1374.0
2024-08-05 18:00:00+00:00,1.099016543999095,1.099731188783048,1.097982176323263,1.0997062381964682,1308.0
2024-08-05 19:00:00+00:00,1.099391690277547,1.100382749291852,1.0985044967861273,1.0994733688837337,954.0
2024-08-05 20:00:00+00:00,1.09919046891886,1.099884332849716,1.098673267087961,1.099771840180816,1091.0
2024-08-05 21:00:00+00:00,1.0993829740493022,1.1001342800274598,1.098743660884315,1.099273267143318,1718.0
2024-08-05 22:00:00+00:00,1.099149871852609,1.0998831583315662,1.0973307674803372,1.0987740367588337,1466.0
2024-08-05 23:00:00+00:00,1.0989338828991588,1.0994033396967375,1.0980307403592977,1.0992468940579212,453.0
2024-08-06 00:00:00+00:00,1.098910467611068,1.0994683777082184,1.0975234641450309,1.0978480252740377,1146.0
2024-08-06 01:00:00+00:00,1.0989385424733211,1.1008979191106998,1.0985599170199225,1.098739386138272,1139.0
2024-08-06 02:00:00+00:00,1.0992752386346578,1.100493270065493,1.0988988072212384,1.1000552295870376,1287.0
2024-08-06 03:00:00+00:00,1.099079537955399,1.0996409191610068,1.097786493693128,1.0987920240167444,541.0
2024-08-06 04:00:00+00:00,1.0990570868478902,1.1001431719690369,1.0980539335260058,1.0984857521964069,1277.0
2024-08-06 05:00:00+00:00,1.0988600640314587,1.1005819600164457,1.0974853961360929,1.0975244036088507,1291.0
2024-08-06 06:00:00+00:00,1.0988846914293569,1.1011722659990115,1.0976106645973909,1.0982665491887411,1424.0
2024-08-06 07:00:00+00:00,1.098492184602978,1.099508878168569,1.098029066154357,1.0980950431948748,1114.0
2024-08-06 08:00:00+00:00,1.0985791347649982,1.100047399233632,1.097976057299511,1.0982670904861982,1548.0
2024-08-06 09:00:00+00:00,1.0984263635338014,1.09938814944104,1.0973105967992742,1.099167058321763,1463.0
2024-08-06 10:00:00+00:00,1.0987104635030538,1.0999801378803082,1.0981764522027535,1.099322161170124,749.0
2024-08-06 11:00:00+00:00,1.0987811525597653,1.099773415332266,1.0969845400108833,1.099229860916698,1231.0
2024-08-06 12:00:00+00:00,1.098689301033699,1.09901825137782,1.0979763424892688,1.0986511776543204,1499.0
2024-08-06 13:00:00+00:00,1.0986396917557533,1.0999424958772437,1.097873996368164,1.0980871914528767,933.0
2024-08-06 14:00:00+00:00,1.0988033566819937,1.100046346733048,1.0977862499056896,1.099338918960188,1292.0
2024-08-06 15:00:00+00:00,1.0986514735756474,1.0995916309982932,1.0978274464475917,1.0986604845060162,545.0
2024-08-06 16:00:00+00:00,1.0986618736099456,1.099256788987231,1.0976126077964077,1.0982620231585976,480.0
2024-08-06 17:00:00+00:00,1.0984321346574335,1.0992296829917547,1.0969950515370848,1.098320699686005,1245.0
2024-08-06 18:00:00+00:00,1.0983299914739124,1.0997552079548931,1.0968801053857642,1.098183562830037,1123.0
2024-08-06 19:00:00+00:00,1.0985614469397136,1.0999811554077576,1.0966692480875957,1.0999155301325498,1466.0
2024-08-06 20:00:00+00:00,1.0988858811343154,1.099322716759539,1.0975692426821473,1.098087315193298,1779.0
2024-08-06 21:00:00+00:00,1.0988282032644174,1.1000681467178497,1.098247821563314,1.0985148767333035,1169.0
2024-08-06 22:00:00+00:00,1.0991025733263702,1.1007579583562646,1.098732497709174,1.099113429163462,988.0
2024-08-06 23:00:00+00:00,1.0992495053576563,1.1005293484469492,1.0982926737948084,1.1005271881302474,1307.0
2024-08-07 00:00:00+00:00,1.099082078576596,1.1004507182337382,1.098618076557517,1.099895808348908,1016.0
2024-08-07 01:00:00+00:00,1.0992214688664288,1.100309019300653,1.0979479865970576,1.098522947778933,1813.0
2024-08-07 02:00:00+00:00,1.099127237096015,1.1002622765573795,1.0983839628853809,1.0989573986145056,885.0
2024-08-07 03:00:00+00:00,1.0990592825085734,1.0994768133330188,1.0986156057437475,1.0990385885163605,958.0
2024-08-07 04:00:00+00:00,1.0992286380187508,1.1006146168196087,1.0976775351885315,1.0989867869552898,1120.0
2024-08-07 05:00:00+00:00,1.0994639846773129,1.1005580321612314,1.0985014416069998,1.0997542739770056,1149.0
2024-08-07 06:00:00+00:00,1.0993133000332052,1.1007565550434864,1.098002132978175,1.100373617292938,756.0
2024-08-07 07:00:00+00:00,1.0992852040215548,1.1000271289201824,1.0985683521066565,1.0988440045487269,1343.0
2024-08-07 08:00:00+00:00,1.099506626727726,1.1009698667981958,1.0980653259441902,1.098480835546222,801.0
2024-08-07 09:00:00+00:00,1.099351268356511,1.0999287765697354,1.0985737753699916,1.0987828634672223,974.0
2024-08-07 10:00:00+00:00,1.0997206754629618,1.1005226214304658,1.0980808486172071,1.0986962275084902,761.0
2024-08-07 11:00:00+00:00,1.0997273767445863,1.1014308219849005,1.0990510945840193,1.0999508513435194,982.0
2024-08-07 12:00:00+00:00,1.099767979576566,1.1007453677209929,1.0988598135913392,1.0993886339302037,1217.0
2024-08-07 13:00:00+00:00,1.0999907472997712,1.1011677180052404,1.098902576803394,1.0994409575673858,1421.0
2024-08-07 14:00:00+00:00,1.0998183291034744,1.1005990178099931,1.0990320312984947,1.0997381991829225,1275.0
2024-08-07 15:00:00+00:00,1.099784854576196,1.1005425310983683,1.0993756767451317,1.1000102251329065,1384.0
2024-08-07 16:00:00+00:00,1.0998800216802889,1.1003335814291944,1.0990318708903113,1.0997167156817336,933.0
2024-08-07 17:00:00+00:00,1.0999346774070156,1.1004743505591643,1.0985493842379497,1.0999226646958835,987.0
2024-08-07 18:00:00+00:00,1.0999778892407164,1.1010453156769768,1.0983946654179648,1.0987932770109772,904.0
2024-08-07 19:00:00+00:00,1.099733206667799,1.10136581471803,1.0986811989977423,1.100480849198066,1078.0
2024-08-07 20:00:00+00:00,1.099653965871801,1.100330061724918,1.098856195807375,1.1002213675923436,1109.0
2024-08-07 21:00:00+00:00,1.099774724839611,1.1003300186677487,1.0992316706714154,1.0997292090546855,621.0
2024-08-07 22:00:00+00:00,1.0998068612183312,1.1008136171869594,1.0982696345193883,1.099156332983019,1126.0
2024-08-07 23:00:00+00:00,1.099616423870997,1.1004481065861331,1.0986385442048818,1.100283056936976,963.0
2024-08-08 00:00:00+00:00,1.0996418628685694,1.1011711766533114,1.0988354006553758,1.1005632322135628,1308.0
2024-08-08 01:00:00+00:00,1.0997505289110283,1.1003694886075257,1.0991950557779122,1.0998597993648125,1019.0
2024-08-08 02:00:00+00:00,1.099731447943994,1.1007968632743923,1.09872539193569,1.0994955620945916,1247.0
2024-08-08 03:00:00+00:00,1.0997355144943406,1.100603842549687,1.0992819055370702,1.0994083438878348,1394.0
2024-08-08 04:00:00+00:00,1.099861969154837,1.101050778058483,1.0995555751242718,1.10073938455852,1480.0
2024-08-08 05:00:00+00:00,1.099865564093657,1.1005707675168246,1.0992506807334286,1.1001212141094503,955.0
2024-08-08 06:00:00+00:00,1.0999867243571269,1.1010708597292171,1.0988714155717938,1.0992239142572606,1416.0
2024-08-08 07:00:00+00:00,1.1000882946009234,1.101157280274868,1.0988136350860065,1.1001451816202088,1203.0
2024-08-08 08:00:00+00:00,1.1000835308196537,1.1016075163877868,1.0991060122483876,1.0997977216088608,939.0
2024-08-08 09:00:00+00:00,1.1002566944293848,1.1011248433285796,1.0992968221254251,1.099533704851798,865.0
2024-08-08 10:00:00+00:00,1.100585592674798,1.1012394413928883,1.099485958652767,1.099751019674598,1431.0
2024-08-08 11:00:00+00:00,1.1008409396542604,1.1022428022785449,1.1005578969238907,1.1015540658221843,1308.0
2024-08-08 12:00:00+00:00,1.100956629084213,1.102262493419128,1.1003397784887232,1.1011455662455023,1034.0
2024-08-08 13:00:00+00:00,1.1011788639456956,1.1019252550617735,1.100600097404121,1.1014473694919935,1136.0
2024-08-08 14:00:00+00:00,1.1011461801287892,1.101687830214868,1.099908200930684,1.1012828656331357,617.0
2024-08-08 15:00:00+00:00,1.1013135278249924,1.1020510179857532,1.10018400457371,1.1004413070161372,823.0
2024-08-08 16:00:00+00:00,1.1010818170975374,1.1017137740539624,1.100544048766861,1.1006670917940735,1348.0
2024-08-08 17:00:00+00:00,1.101289731365131,1.1027067973409392,1.100730353762039,1.1014520567749635,1045.0
2024-08-08 18:00:00+00:00,1.1016027187111372,1.1022236609130065,1.1007575274172592,1.101216344977429,794.0
2024-08-08 19:00:00+00:00,1.101379808216017,1.10176001982749,1.1009153409765626,1.1017207826599738,1159.0
2024-08-08 20:00:00+00:00,1.1014861929027695,1.1018284564567475,1.1001516556035973,1.1009235508408992,1300.0
2024-08-08 21:00:00+00:00,1.1010671276989898,1.102883983059373,1.100073577356476,1.1009915902946554,700.0
2024-08-08 22:00:00+00:00,1.1011143772672995,1.1018289837255837,1.1001858780273108,1.1003396088752968,918.0
2024-08-08 23:00:00+00:00,1.1008665261656745,1.10130413935017,1.0999875458648372,1.1003085926325866,1462.0
2024-08-09 00:00:00+00:00,1.100879529319447,1.1016848273229085,1.0997518055248887,1.1011140593128588,1371.0
2024-08-09 01:00:00+00:00,1.1008158221124815,1.1019504733939918,1.0999160730514104,1.1004529439188382,659.0
2024-08-09 02:00:00+00:00,1.1007794272499818,1.101455533394986,1.1002372801853522,1.1005170402604338,939.0
2024-08-09 03:00:00+00:00,1.100490247430837,1.1014952506490077,1.099950036543311,1.10076107854742,1186.0
2024-08-09 04:00:00+00:00,1.1007635873909285,1.1014099950372112,1.099282674342034,1.1001411253480278,587.0
2024-08-09 05:00:00+00:00,1.100797497073909,1.1015629914437344,1.1002423039506086,1.100686460657485,1204.0
2024-08-09 06:00:00+00:00,1.1009099590408236,1.101284370524138,1.1000399752532006,1.1009281391241104,1181.0
2024-08-09 07:00:00+00:00,1.100838308186088,1.1014891246541292,1.1003130349478285,1.1009422686105672,1033.0
2024-08-09 08:00:00+00:00,1.1004606869459614,1.1016009370339424,1.0994605454438706,1.0999544386429887,1120.0
2024-08-09 09:00:00+00:00,1.1001180609233432,1.1010936392725934,1.0993188945116867,1.0995550019249225,596.0
2024-08-09 10:00:00+00:00,1.099921763320291,1.1011488857726608,1.0989029772228978,1.099213687199443,929.0
2024-08-09 11:00:00+00:00,1.0998393415416607,1.100645605868074,1.098953424206574,1.0998254518988426,1209.0
2024-08-09 12:00:00+00:00,1.1000241806173678,1.1014186116796467,1.0992006540184502,1.100223958975795,968.0
2024-08-09 13:00:00+00:00,1.0999633236693034,1.100624618377083,1.099405458153866,1.099536727756796,1385.0
2024-08-09 14:00:00+00:00,1.099656171173293,1.099990428594217,1.0990135086559598,1.0994742879157129,1617.0
2024-08-09 15:00:00+00:00,1.0993124994694743,1.0996306069519517,1.0984011526759374,1.0984432569042235,922.0
2024-08-09 16:00:00+00:00,1.0992473956045734,1.1004993413431012,1.0972251702833715,1.0991002568839077,1472.0
2024-08-09 17:00:00+00:00,1.09919687470892,1.0997603035190666,1.0975802854680428,1.0981254360889414,748.0
2024-08-09 18:00:00+00:00,1.0988740157184071,1.100346492051151,1.0985398586260928,1.0996925956025294,759.0
2024-08-09 19:00:00+00:00,1.0986748980691052,1.0999226288379176,1.0979865262779631,1.0986609608457076,1061.0
2024-08-09 20:00:00+00:00,1.098659993001088,1.0992159075413763,1.0976458030556933,1.098764139339432,1259.0
2024-08-09 21:00:00+00:00,1.0988379087746312,1.1001745328775254,1.097570775623065,1.0977751563558409,1278.0
2024-08-09 22:00:00+00:00,1.0989279423983602,1.0991725259298049,1.0984814648714325,1.0989968199148978,1247.0
2024-08-09 23:00:00+00:00,1.0987840582557205,1.0996543540458454,1.097940025629972,1.0980995624912284,730.0
2024-08-10 00:00:00+00:00,1.0986441835352478,1.0995194459030473,1.096957320100869,1.0992636348655724,1207.0
2024-08-10 01:00:00+00:00,1.0987062135412498,1.0991938810897794,1.0983825244973786,1.0987052469284155,1016.0
2024-08-10 02:00:00+00:00,1.0988482508309405,1.1001059570827936,1.098472534529939,1.0987661030899565,1476.0
2024-08-10 03:00:00+00:00,1.0988428573764462,1.099704718048764,1.0983744684324293,1.0990785505471117,887.0
2024-08-10 04:00:00+00:00,1.0985522984355474,1.099513316029438,1.0976377659431842,1.0981165445744014,1060.0
2024-08-10 05:00:00+00:00,1.0984857165309627,1.10010453304083,1.096806767793031,1.0991160959652018,1192.0
2024-08-10 06:00:00+00:00,1.0983587476124803,1.0992910887343712,1.0979371185186362,1.0992834820277104,1156.0
2024-08-10 07:00:00+00:00,1.0985086205442465,1.0996587583025512,1.097996543145676,1.09918795661415,1191.0
2024-08-10 08:00:00+00:00,1.0983866656619763,1.0986371629900276,1.0969754045764704,1.0983781790286795,966.0
2024-08-10 09:00:00+00:00,1.0983906437215083,1.0999549952583512,1.096938805766875,1.0986028781840422,1035.0
2024-08-10 10:00:00+00:00,1.0982836322501983,1.0991050772625746,1.0975020535434377,1.0986045926371404,1239.0
2024-08-10 11:00:00+00:00,1.0980327831303138,1.098398882141414,1.09655593044913,1.097263249152982,1283.0
2024-08-10 12:00:00+00:00,1.0978763080953178,1.0991255378286708,1.0973506726406013,1.098162723868207,1273.0
2024-08-10 13:00:00+00:00,1.0980202343105263,1.0993302883884877,1.0968948018161655,1.0973842837945749,1000.0
2024-08-10 14:00:00+00:00,1.0980410536331036,1.0991601817070744,1.096647228666264,1.0968904084848352,1113.0
2024-08-10 15:00:00+00:00,1.0981488108924984,1.0993772166142164,1.0962874767227178,1.0988510976005967,1079.0
2024-08-10 16:00:00+00:00,1.0983813500709398,1.0988222289592928,1.0976276403644016,1.0979051625287826,1231.0
2024-08-10 17:00:00+00:00,1.0984110155622893,1.0989012120288275,1.097848653033714,1.098161916010511,868.0
2024-08-10 18:00:00+00:00,1.0983300285893252,1.0991056448518834,1.096636657384365,1.0988371622420428,1008.0
2024-08-10 19:00:00+00:00,1.098089121016831,1.0994477698883054,1.0972290375204894,1.097923603533575,1366.0
2024-08-10 20:00:00+00:00,1.0984299374267978,1.099839275733119,1.097956154084579,1.0993303808992836,1546.0
2024-08-10 21:00:00+00:00,1.0982417117394312,1.0993752715534737,1.0979707338071252,1.098258431329873,1059.0
2024-08-10 22:00:00+00:00,1.098243831151484,1.0992464956518828,1.0974465990009188,1.099167683503546,1137.0
2024-08-10 23:00:00+00:00,1.0985811794167006,1.0993347189212566,1.0976418414597244,1.0978630781845773,1037.0
2024-08-11 00:00:00+00:00,1.0988384705489287,1.0990087093445433,1.0980501241409413,1.098479159804489,1491.0
2024-08-11 01:00:00+00:00,1.0986423234901783,1.0989789103619492,1.0974724784282754,1.0975696215008852,927.0
2024-08-11 02:00:00+00:00,1.0984368119445445,1.0989934757635955,1.0973793800734215,1.0986198100693652,1037.0
2024-08-11 03:00:00+00:00,1.0986081577793572,1.0995584954592472,1.0971591378846737,1.0982407078811744,972.0
2024-08-11 04:00:00+00:00,1.0986781818069546,1.099401912377558,1.0976671483162874,1.099189488678855,1288.0
2024-08-11 05:00:00+00:00,1.0986181509288568,1.099611566852437,1.0979439658712713,1.0995503882234432,1038.0
2024-08-11 06:00:00+00:00,1.0986627787340135,1.0996598569342928,1.0978297322717765,1.099201369627636,887.0
2024-08-11 07:00:00+00:00,1.098884231129256,1.0995460214396306,1.0981829071928682,1.0986775396771225,954.0
2024-08-11 08:00:00+00:00,1.0989756324497035,1.1000817375704537,1.0979275062179228,1.0997187381330011,1018.0
2024-08-11 09:00:00+00:00,1.0990009227282385,1.09992508342753,1.098437199163506,1.0986467435055234,1090.0
2024-08-11 10:00:00+00:00,1.0991263574083088,1.099978224253222,1.098212874583243,1.0986367533308798,731.0
2024-08-11 11:00:00+00:00,1.0993706052108636,1.100350484309037,1.0991191547205106,1.0992973133160064,1086.0
2024-08-11 12:00:00+00:00,1.099773227315377,1.100426489306585,1.0990062491085977,1.099908036955009,1639.0
2024-08-11 13:00:00+00:00,1.0997692730870845,1.1006072812625982,1.0985866923455818,1.0994634931297498,1392.0
2024-08-11 14:00:00+00:00,1.099289634311816,1.1003914098744567,1.0984746911915444,1.0997354437441689,1173.0
2024-08-11 15:00:00+00:00,1.0989647167054963,1.099851412983177,1.0985174756204896,1.0987164724706382,957.0
2024-08-11 16:00:00+00:00,1.099058156345993,1.099986298405689,1.0984514459967294,1.099072890058197,884.0
2024-08-11 17:00:00+00:00,1.0989788310592818,1.0995380386932312,1.098098092634376,1.098699173884063,1005.0
2024-08-11 18:00:00+00:00,1.0986672489607472,1.099676026899828,1.097992256384726,1.0982963018510832,1578.0
2024-08-11 19:00:00+00:00,1.098505205287377,1.098907198511871,1.097259960558822,1.0974958947877986,979.0
2024-08-11 20:00:00+00:00,1.098422586940953,1.0990936536183311,1.0979385000543622,1.0980676585246034,1138.0
2024-08-11 21:00:00+00:00,1.0986600351945095,1.0990051028275143,1.0975201784347162,1.0982328842039573,1527.0
2024-08-11 22:00:00+00:00,1.0983543934947364,1.0991737160305854,1.097743777529192,1.0986482669978983,598.0
2024-08-11 23:00:00+00:00,1.0983897440780044,1.0992664923437832,1.0975730709785334,1.0978382338750567,1150.0
2024-08-12 00:00:00+00:00,1.0983108573725426,1.0988024185369312,1.097439364847968,1.0986327747493256,1279.0
2024-08-12 01:00:00+00:00,1.098104792571422,1.0987029110872804,1.0969470049168883,1.0980518780424555,1551.0
2024-08-12 02:00:00+00:00,1.09804341472746,1.0993704363632597,1.0968820509643602,1.0978043833841296,1511.0
2024-08-12 03:00:00+00:00,1.0980930383092686,1.099088948875089,1.0973538255011184,1.097563335661408,897.0
2024-08-12 04:00:00+00:00,1.0984040456834552,1.099248650188487,1.0974556303414058,1.098886294514782,1088.0
2024-08-12 05:00:00+00:00,1.0984451391355703,1.098850736554161,1.097650633937958,1.0983903729447289,957.0
2024-08-12 06:00:00+00:00,1.0985409257853531,1.0993881444419449,1.0976354249284408,1.09858145853353,912.0
2024-08-12 07:00:00+00:00,1.0987446930843754,1.1003703305459205,1.097646125785251,1.100020968125885,922.0
2024-08-12 08:00:00+00:00,1.0986216274060867,1.1001080746717944,1.0979611218800016,1.098561366420995,1375.0
2024-08-12 09:00:00+00:00,1.09849948956688,1.0992967585071765,1.0970684262193977,1.0975166300141972,1316.0
2024-08-12 10:00:00+00:00,1.0984492736253448,1.0992099928709336,1.0977721632739286,1.0991874262880084,780.0
2024-08-12 11:00:00+00:00,1.0983766073523626,1.0988333480115506,1.097155153188895,1.097393362540992,891.0
2024-08-12 12:00:00+00:00,1.098181247340551,1.0990342811065834,1.0975110856210073,1.0978477871122554,874.0
2024-08-12 13:00:00+00:00,1.0982306637118646,1.0989896284387914,1.0980797078250184,1.0984993483765244,907.0
2024-08-12 14:00:00+00:00,1.098427542180742,1.099543372318297,1.0973187202045902,1.0993470993390877,527.0
2024-08-12 15:00:00+00:00,1.0984210624826305,1.0989540834461442,1.0978817402572636,1.0980922894732217,1168.0
2024-08-12 16:00:00+00:00,1.0985344632636744,1.0993463292269654,1.0979722339036844,1.098185301815166,1511.0
2024-08-12 17:00:00+00:00,1.0983308787395798,1.1004302787693223,1.0978706548451846,1.0982948797460632,1044.0
2024-08-12 18:00:00+00:00,1.0984818736623871,1.0991159958070755,1.0976132970271943,1.0980871658095936,602.0
2024-08-12 19:00:00+00:00,1.0986038010152006,1.099357098326993,1.0977863494352271,1.098257740736667,1096.0
2024-08-12 20:00:00+00:00,1.0988311461855158,1.099622452931539,1.0977915719017235,1.0980791131516905,732.0
2024-08-12 21:00:00+00:00,1.0987909430011975,1.0990513622338207,1.0976354447721504,1.0987806764448682,516.0
2024-08-12 22:00:00+00:00,1.0984031334014237,1.099445735917376,1.0974931441854745,1.0992796837351548,1278.0
2024-08-12 23:00:00+00:00,1.0985481256434946,1.0996485514820802,1.0979554845525112,1.0988655470307545,1376.0
2024-08-13 00:00:00+00:00,1.098468266870731,1.0992852698624094,1.0977916072163414,1.0981497009497383,687.0
2024-08-13 01:00:00+00:00,1.0987282630624085,1.099061724288228,1.0974800967359877,1.098265379342125,1403.0
2024-08-13 02:00:00+00:00,1.0988113708750924,1.0997279096185,1.0983251610356604,1.0989047734104525,1359.0
2024-08-13 03:00:00+00:00,1.0990080247890268,1.1004938245021487,1.098158515322763,1.0993327653109708,1015.0
2024-08-13 04:00:00+00:00,1.0991006821032945,1.0996980397337486,1.0978578070921887,1.0987559134206686,1160.0
2024-08-13 05:00:00+00:00,1.0988269021486372,1.0993609101893866,1.098413123588686,1.0988062652962385,1042.0
2024-08-13 06:00:00+00:00,1.098978020084748,1.0997410719092011,1.098160728931781,1.0988715279539047,1443.0
2024-08-13 07:00:00+00:00,1.099044701117732,1.0998620558040708,1.0982203147183167,1.0996279273713738,1408.0
2024-08-13 08:00:00+00:00,1.0989530932226583,1.099315786631384,1.0979202638188,1.098098401426941,1141.0
2024-08-13 09:00:00+00:00,1.0987587141608504,1.099434008411616,1.0984402939695133,1.0990780837320553,1105.0
2024-08-13 10:00:00+00:00,1.0988937738867022,1.0993685797962207,1.0975792100023811,1.0991778164817303,895.0
2024-08-13 11:00:00+00:00,1.0986152319117968,1.1000209718763634,1.097208898225504,1.0975168218059463,1088.0
2024-08-13 12:00:00+00:00,1.098560707319522,1.099632406451503,1.098100560719014,1.099159524183318,824.0
2024-08-13 13:00:00+00:00,1.0987777093506732,1.0996122653577405,1.098312778251434,1.09951337464826,1567.0
2024-08-13 14:00:00+00:00,1.098547201596653,1.0997106352169803,1.0982146160001758,1.0989422153946202,979.0
2024-08-13 15:00:00+00:00,1.0987162060576112,1.100559668067857,1.0974857422970477,1.0989729784808464,1188.0
2024-08-13 16:00:00+00:00,1.0989156544784835,1.099616143351839,1.097956160676539,1.0984076493647752,1162.0
2024-08-13 17:00:00+00:00,1.0985058806626864,1.098850822487096,1.097092263402595,1.0984864792869873,930.0
2024-08-13 18:00:00+00:00,1.098141452465271,1.0984064469434929,1.097549472709736,1.0980099070669185,1350.0
2024-08-13 19:00:00+00:00,1.097859373001025,1.0984664417661834,1.096876180017645,1.0979654250068678,1095.0
2024-08-13 20:00:00+00:00,1.0974864161892235,1.0984187950745483,1.0964608766711292,1.098202414921716,1348.0
2024-08-13 21:00:00+00:00,1.0973855725041584,1.0978368133203404,1.0966430097871276,1.09673166820089,930.0
2024-08-13 22:00:00+00:00,1.0974571025373254,1.098529204918076,1.096153619908151,1.0964002905277237,1434.0
2024-08-13 23:00:00+00:00,1.0970332060776862,1.0982936719216536,1.096695593671906,1.0970809234920973,899.0
2024-08-14 00:00:00+00:00,1.0971090546427047,1.0976898191372466,1.0964029306464262,1.0968145672576797,1309.0
2024-08-14 01:00:00+00:00,1.0974289715288292,1.0986370955723872,1.0967873509840456,1.0972121129865018,1430.0
2024-08-14 02:00:00+00:00,1.0973586266975122,1.0982046989823189,1.0961428484613818,1.0968115822896252,1173.0
2024-08-14 03:00:00+00:00,1.097289750542687,1.098373318498858,1.0970084741366817,1.0975050020674963,1052.0
2024-08-14 04:00:00+00:00,1.0972197511949164,1.0978723526694194,1.0960576493684224,1.096576666559584,947.0
2024-08-14 05:00:00+00:00,1.097333774867942,1.0983519781664266,1.0968119964692475,1.0971492042390572,942.0
2024-08-14 06:00:00+00:00,1.097476229658474,1.098868396971623,1.097105932550296,1.097529253791934,799.0
2024-08-14 07:00:00+00:00,1.097631448669638,1.0986517019040984,1.0970503922717283,1.0973973782095634,1293.0
2024-08-14 08:00:00+00:00,1.0975770252581551,1.0982983830483342,1.0965594275618726,1.0979861172427592,1467.0
2024-08-14 09:00:00+00:00,1.097732706671126,1.09841511233519,1.096988042641719,1.0975923259007294,1094.0
2024-08-14 10:00:00+00:00,1.0977562364354445,1.0982243176533064,1.0970293019056845,1.0973377420081327,854.0
2024-08-14 11:00:00+00:00,1.0975344207863045,1.0986410514827276,1.0972123428748226,1.098260540010597,954.0
2024-08-14 12:00:00+00:00,1.097437333770813,1.0975088996383489,1.095965310525716,1.096178964511739,927.0
2024-08-14 13:00:00+00:00,1.0970686246214836,1.0977167560187089,1.0964132054740066,1.0970188140524286,912.0
2024-08-14 14:00:00+00:00,1.0972222865228969,1.097952587203622,1.0964337769596195,1.0978198328205648,708.0
2024-08-14 15:00:00+00:00,1.0972178533441568,1.097705285264598,1.0963689275701818,1.097514260850096,856.0
2024-08-14 16:00:00+00:00,1.0973733117507865,1.0980967111393647,1.096353318495908,1.0972584522408504,852.0
2024-08-14 17:00:00+00:00,1.0973047127896074,1.0978397240393636,1.096924692129056,1.0972348576358846,1246.0
2024-08-14 18:00:00+00:00,1.0971577172382856,1.0981935777198495,1.0965039333426576,1.097924767784293,1451.0
2024-08-14 19:00:00+00:00,1.0969616825072623,1.0980101714175858,1.0961395182311158,1.0968312399493545,1302.0
2024-08-14 20:00:00+00:00,1.0966787305723995,1.097587765305109,1.0959130337425829,1.096061141789311,911.0
2024-08-14 21:00:00+00:00,1.0965208604071706,1.0980021303056555,1.0956974765487997,1.09658769148002,936.0
2024-08-14 22:00:00+00:00,1.0963651541779245,1.096864487849756,1.0951961787528954,1.0960530872969496,1390.0
2024-08-14 23:00:00+00:00,1.096361825851662,1.0970622293844228,1.0955794752166634,1.097020366651183,695.0
2024-08-15 00:00:00+00:00,1.0964658396717446,1.0967955704676708,1.0953709149149555,1.096397701942754,1445.0
2024-08-15 01:00:00+00:00,1.096404637824866,1.0973128422869327,1.09605317458091,1.096573067323863,1498.0
2024-08-15 02:00:00+00:00,1.0967201277033112,1.0974263623296392,1.0960021473690729,1.0972120655219435,1666.0
2024-08-15 03:00:00+00:00,1.0967196047116698,1.097643001319135,1.0965046990474585,1.0973880728284502,846.0
2024-08-15 04:00:00+00:00,1.0965676015664467,1.0976089835199585,1.095722453618849,1.0960574793890003,1013.0
2024-08-15 05:00:00+00:00,1.096485385771814,1.0975256088786702,1.095741380503662,1.0962583717033454,830.0
2024-08-15 06:00:00+00:00,1.0967479470630284,1.0980108756377287,1.0961121317688354,1.0964710717320176,1386.0
2024-08-15 07:00:00+00:00,1.0965050999394983,1.0967559825834932,1.095151250400195,1.09606578740369,837.0
2024-08-15 08:00:00+00:00,1.096236660137597,1.0974159142585578,1.0955174656669626,1.097132813799654,965.0
2024-08-15 09:00:00+00:00,1.0962154989330717,1.0972678846925443,1.0957204673152747,1.0959867733566782,993.0
2024-08-15 10:00:00+00:00,1.096352414900468,1.0972614038207646,1.0959530520535108,1.0965280595401263,864.0
2024-08-15 11:00:00+00:00,1.0963689150879192,1.0972680701658617,1.0958722749559062,1.0970300239286146,1273.0
2024-08-15 12:00:00+00:00,1.0964735542468895,1.0969816442343558,1.095348800773167,1.0961482352067904,1651.0
2024-08-15 13:00:00+00:00,1.096169259038024,1.096706355332346,1.0951938880098675,1.0958988089620163,978.0
2024-08-15 14:00:00+00:00,1.0961210884697123,1.09717281962351,1.095228829596217,1.096206937716916,1632.0
2024-08-15 15:00:00+00:00,1.0963043024836394,1.0973484191608596,1.095757769355468,1.095996066029972,892.0
2024-08-15 16:00:00+00:00,1.096225697208889,1.0970126517592949,1.0957029945606604,1.09665258296952,1175.0
2024-08-15 17:00:00+00:00,1.0959993657908145,1.0966958483300138,1.095752595339582,1.0961139156935644,1125.0
2024-08-15 18:00:00+00:00,1.0962352268170612,1.0968788203713895,1.0956535346939875,1.0966352594236055,1316.0
2024-08-15 19:00:00+00:00,1.0960515179381698,1.0965497873942864,1.0956229571772784,1.0961217737618056,878.0
2024-08-15 20:00:00+00:00,1.0962175290887823,1.097172843773393,1.095592750415881,1.0964713571363678,1118.0
2024-08-15 21:00:00+00:00,1.0962705520429326,1.0970326455141637,1.0956888171933354,1.0959022942236858,993.0
2024-08-15 22:00:00+00:00,1.0963707305698032,1.097820549451033,1.0960908736668094,1.097488876653005,1297.0
2024-08-15 23:00:00+00:00,1.0962909775132608,1.096855752381814,1.0958043301933218,1.096617658346842,1071.0
2024-08-16 00:00:00+00:00,1.0961597307679092,1.0963288039349337,1.0954899009433887,1.0955186017670688,951.0
2024-08-16 01:00:00+00:00,1.095856241164609,1.0965724353457529,1.0950338493471623,1.0959494506431495,1352.0
2024-08-16 02:00:00+00:00,1.0958891201731802,1.096316570895896,1.0946321644659331,1.0957223159337326,863.0
2024-08-16 03:00:00+00:00,1.095748110936912,1.0961359569600475,1.0948936208391875,1.0958474638687057,1250.0
2024-08-16 04:00:00+00:00,1.095332750136044,1.0956253438391037,1.094371050101193,1.094691040029365,1034.0
2024-08-16 05:00:00+00:00,1.0954196321680147,1.0959202006564803,1.0943704493087385,1.094901202517037,1067.0
2024-08-16 06:00:00+00:00,1.0952840547482514,1.0957539817783404,1.0947276412793154,1.0949937270555363,854.0
2024-08-16 07:00:00+00:00,1.0952473225782224,1.0958780972569386,1.0946585257664974,1.0948673415344263,683.0
2024-08-16 08:00:00+00:00,1.0951528400560993,1.0956055758326728,1.0943950239332878,1.0947418201497836,737.0
2024-08-16 09:00:00+00:00,1.0953296406775863,1.0964145132170282,1.094749427570196,1.0953771292309271,877.0
2024-08-16 10:00:00+00:00,1.0954106408377104,1.095892930561699,1.0948230395364984,1.0948744661940335,1185.0
2024-08-16 11:00:00+00:00,1.0953186578198335,1.096527858098072,1.0947083393458712,1.0963233913748671,1165.0
2024-08-16 12:00:00+00:00,1.0956576029684153,1.0966298386459676,1.0955000952585512,1.096048655636178,887.0
2024-08-16 13:00:00+00:00,1.0956908980093631,1.0968040270102093,1.095244678569321,1.0960899023249009,1030.0
2024-08-16 14:00:00+00:00,1.0960312501268616,1.0967665738055976,1.095473078755965,1.0967653920788023,1090.0
2024-08-16 15:00:00+00:00,1.0961869579081134,1.0969103189250389,1.094962586898214,1.0964089243769322,519.0
2024-08-16 16:00:00+00:00,1.0961205179066942,1.096714032043696,1.0954156339007524,1.096161793646724,1201.0
2024-08-16 17:00:00+00:00,1.096127945391968,1.097077558458721,1.0953922842517012,1.0963726987718934,778.0
2024-08-16 18:00:00+00:00,1.096052278530374,1.096987273487006,1.0953260831806455,1.0967621049657172,656.0
2024-08-16 19:00:00+00:00,1.0959486792558644,1.0965708951061033,1.0953859249220026,1.0961632500022649,748.0
2024-08-16 20:00:00+00:00,1.0960871223506072,1.0963754274673694,1.094988837691411,1.095908673975312,1282.0
2024-08-16 21:00:00+00:00,1.095773958814295,1.0961953331134349,1.0944387235363788,1.0958028571526526,1299.0
2024-08-16 22:00:00+00:00,1.0955116584045357,1.096815050325786,1.0946038117876131,1.096570303811515,938.0
2024-08-16 23:00:00+00:00,1.0957224004065629,1.0966103291375957,1.09457054166745,1.0964808024366268,1482.0
2024-08-17 00:00:00+00:00,1.0956550342206344,1.0965299066173309,1.0953017869714756,1.095531819118757,1064.0
2024-08-17 01:00:00+00:00,1.0954220748497718,1.0957789163240377,1.0951675329683406,1.0951736938994832,1103.0
2024-08-17 02:00:00+00:00,1.0953641770486378,1.0959262685689914,1.095005876625395,1.0956825406957045,946.0
2024-08-17 03:00:00+00:00,1.0958581858589196,1.096999251075061,1.0949762882016738,1.0963915789876362,1277.0
2024-08-17 04:00:00+00:00,1.095916319842446,1.0968708504893188,1.0950185824276215,1.0961028645317257,946.0
2024-08-17 05:00:00+00:00,1.0960340436854294,1.0967640065813424,1.094889130515536,1.0951231562034711,1799.0
2024-08-17 06:00:00+00:00,1.0959897679310655,1.096487681425362,1.095327495039642,1.0962478830188416,1165.0
2024-08-17 07:00:00+00:00,1.0959215674013891,1.0968404661457316,1.0953630527275735,1.0963047072299816,1159.0
2024-08-17 08:00:00+00:00,1.0959226488992786,1.096734353625346,1.094827712465065,1.0949620041971564,791.0
2024-08-17 09:00:00+00:00,1.09601776485882,1.096425793938131,1.0955959815127012,1.095961965596519,1461.0
2024-08-17 10:00:00+00:00,1.0963166095601138,1.097034948869582,1.0954410504998215,1.0962940843289408,849.0
2024-08-17 11:00:00+00:00,1.0960928644896175,1.0968760844504415,1.0957044353135013,1.0960088231056926,1172.0
2024-08-17 12:00:00+00:00,1.096045053735652,1.0968289169886525,1.0957720051084048,1.0960973109326662,1012.0
2024-08-17 13:00:00+00:00,1.0962398568725584,1.096620406700856,1.0949624233198505,1.0956145408709994,1171.0
2024-08-17 14:00:00+00:00,1.0963017492807423,1.0969919467719935,1.095893242303802,1.0962178865853651,954.0
2024-08-17 15:00:00+00:00,1.096305912992861,1.0972918724806904,1.095540451663659,1.0969228175278771,1011.0
2024-08-17 16:00:00+00:00,1.096044098000421,1.0973736373149698,1.0957792258302197,1.0959401521446333,1151.0
2024-08-17 17:00:00+00:00,1.096285037795799,1.096727854784061,1.0952644444240696,1.0959140417325284,1088.0
2024-08-17 18:00:00+00:00,1.0962569792409742,1.096944411960555,1.0954490560885677,1.09586528466808,1231.0
2024-08-17 19:00:00+00:00,1.0965357840597982,1.0973630783441397,1.0959545269222988,1.096570483290512,1399.0
2024-08-17 20:00:00+00:00,1.0964520599966263,1.0969948682827084,1.095755239861251,1.0960884832829243,942.0
2024-08-17 21:00:00+00:00,1.0962335622096122,1.096790917982063,1.0953749042381205,1.0961069768599403,1357.0
2024-08-17 22:00:00+00:00,1.0965257069164345,1.097384296601518,1.0957124370331863,1.0966945644383408,467.0
2024-08-17 23:00:00+00:00,1.0968163326674445,1.0976602556787929,1.0966480615092071,1.0975628935445576,1080.0
2024-08-18 00:00:00+00:00,1.0968854255748768,1.0974401896070314,1.095757224344592,1.096024328595349,916.0
2024-08-18 01:00:00+00:00,1.096761938102953,1.0972944861964584,1.095891360308807,1.0963915223209326,917.0
2024-08-18 02:00:00+00:00,1.0968113410356946,1.097312700749726,1.0958680579183795,1.0959650716587048,918.0
2024-08-18 03:00:00+00:00,1.0964814000195358,1.0974915352648964,1.095508879970839,1.0971756245746322,1115.0
2024-08-18 04:00:00+00:00,1.0966895108015302,1.097478249310886,1.0960634125228284,1.0963582912377638,1033.0
2024-08-18 05:00:00+00:00,1.0967966700958638,1.0970485567068833,1.0952153808701202,1.0960060343553235,1113.0
2024-08-18 06:00:00+00:00,1.09668083243269,1.0973081905388244,1.0963372985311428,1.0964788194711124,1578.0
2024-08-18 07:00:00+00:00,1.09646899868584,1.097110526336967,1.0954461946558032,1.0958152692681165,1017.0
2024-08-18 08:00:00+00:00,1.0959548144072773,1.0969523007709776,1.0958003744592193,1.095978307903632,1085.0
2024-08-18 09:00:00+00:00,1.0961591615955677,1.0971961442792333,1.0955020335810075,1.0970860527439392,913.0
2024-08-18 10:00:00+00:00,1.0960278078294552,1.0962200438238503,1.0953497813650546,1.0954618320840777,1351.0
2024-08-18 11:00:00+00:00,1.0960586419394558,1.0965051811733453,1.095498075824228,1.0962511379956603,1548.0
2024-08-18 12:00:00+00:00,1.09638670604553,1.096964656250483,1.0956283080711076,1.09607140309659,676.0
2024-08-18 13:00:00+00:00,1.096396596387847,1.0966978166009438,1.09556921996367,1.0964191886713133,1259.0
2024-08-18 14:00:00+00:00,1.0963478432941194,1.0969234727845094,1.0955118091003564,1.0955889176093767,1013.0
2024-08-18 15:00:00+00:00,1.096360236298202,1.0970267033922931,1.095443721766734,1.096254682319314,1292.0
2024-08-18 16:00:00+00:00,1.0963253322365876,1.0967865144515594,1.0958015234754912,1.0960353226078288,1356.0
2024-08-18 17:00:00+00:00,1.0962865277258382,1.0970281820539471,1.0956817670931656,1.0960788597765858,1193.0
2024-08-18 18:00:00+00:00,1.0964966724322842,1.0969669049419637,1.0962472306496418,1.0965814669277798,681.0
2024-08-18 19:00:00+00:00,1.096423893991081,1.096760057538017,1.0952993691438762,1.0958014365502011,1230.0
2024-08-18 20:00:00+00:00,1.0961828666050246,1.096703667246435,1.09557313758866,1.0960712603929044,1032.0
2024-08-18 21:00:00+00:00,1.0962571600926072,1.0970152556286978,1.0954381273550675,1.0968797592882105,1005.0
2024-08-18 22:00:00+00:00,1.0963333750189947,1.0977183377875448,1.0958522832747466,1.0960167669060077,554.0
2024-08-18 23:00:00+00:00,1.0963384799464286,1.0975267052394588,1.0953967368505062,1.0969039472189988,887.0
2024-08-19 00:00:00+00:00,1.0963875367687888,1.0969012703451428,1.095312374899771,1.0953763871038469,980.0
2024-08-19 01:00:00+00:00,1.0965738955497275,1.097355912589712,1.0958294697677131,1.096430590259544,1236.0
2024-08-19 02:00:00+00:00,1.096620819003083,1.0969239898825764,1.0960735638011896,1.0964168704351491,1157.0
2024-08-19 03:00:00+00:00,1.0969111081890532,1.0973423460630722,1.0961534633042438,1.0966262411314849,867.0
2024-08-19 04:00:00+00:00,1.0972251283556738,1.09755454432308,1.0964438355186557,1.096886639881321,1304.0
2024-08-19 05:00:00+00:00,1.09725251631902,1.098054287090399,1.0960267378044148,1.0974590714907833,801.0
2024-08-19 06:00:00+00:00,1.0970783693979014,1.0973525754751725,1.0962389052841466,1.096313419264926,1144.0
2024-08-19 07:00:00+00:00,1.0968632235158324,1.0971178901285252,1.0958631739682971,1.09708645821236,617.0
2024-08-19 08:00:00+00:00,1.0969677709545014,1.0976734882100236,1.0958414081953594,1.09640226675035,1478.0
2024-08-19 09:00:00+00:00,1.0969681223575405,1.0973466571551984,1.0962789431034976,1.0971232258289685,1431.0
2024-08-19 10:00:00+00:00,1.0972311921394111,1.0973856133439912,1.096511701426486,1.0967305389614743,1512.0
2024-08-19 11:00:00+00:00,1.0970325246827224,1.0971842378009005,1.0959537390251906,1.097060367279429,959.0
2024-08-19 12:00:00+00:00,1.097114895808068,1.0973876991766722,1.0965164332732784,1.0971453067781445,1244.0
2024-08-19 13:00:00+00:00,1.0969119191743086,1.0978030055960435,1.0958439610956088,1.0969531045123568,1050.0
2024-08-19 14:00:00+00:00,1.0969300775676891,1.097552976243822,1.0965923964855602,1.0967508961800063,809.0
2024-08-19 15:00:00+00:00,1.0970145495732682,1.0974593599385365,1.096196795554601,1.0970180543637578,915.0
2024-08-19 16:00:00+00:00,1.097010279935063,1.0983034559594935,1.0963579984322005,1.0966419110463477,812.0
2024-08-19 17:00:00+00:00,1.0970699627123717,1.09729545118526,1.0957288177726632,1.0959450243267042,1159.0
2024-08-19 18:00:00+00:00,1.0969271251522854,1.0971897187897404,1.0963700677128922,1.0970583228640725,1018.0
2024-08-19 19:00:00+00:00,1.0966594974064368,1.0974138158267286,1.0957734738612492,1.0968539818765295,898.0
2024-08-19 20:00:00+00:00,1.096708674607852,1.0970530885705092,1.0958110626491688,1.0960726234768134,574.0
2024-08-19 21:00:00+00:00,1.0964885293481743,1.096950050112078,1.0959381693766357,1.0966402164930125,973.0
2024-08-19 22:00:00+00:00,1.0964049073367712,1.096642745758842,1.0954419349286242,1.0962665312137152,1029.0
2024-08-19 23:00:00+00:00,1.0963499565078942,1.0969920407919114,1.095818817876551,1.0959175809870916,1321.0
2024-08-20 00:00:00+00:00,1.0960860198400395,1.0970393514386836,1.0952047122088189,1.096562961264309,1191.0
2024-08-20 01:00:00+00:00,1.0958550858609433,1.0968896318989183,1.0947743285928746,1.0950657845530405,1132.0
2024-08-20 02:00:00+00:00,1.0958409733452523,1.0962132367571626,1.0952051686486264,1.0955262618209136,1280.0
2024-08-20 03:00:00+00:00,1.0957606339991932,1.0959107330083695,1.09497450034591,1.095254389839688,1054.0
2024-08-20 04:00:00+00:00,1.0958296560552685,1.0969725365785603,1.0948845778249965,1.0950718093547287,1032.0
2024-08-20 05:00:00+00:00,1.0957726080027823,1.0961746968771704,1.0953701683862311,1.0956140862979205,780.0
2024-08-20 06:00:00+00:00,1.0956733967609364,1.096478693017791,1.0950991554996257,1.095683304530343,1259.0
2024-08-20 07:00:00+00:00,1.0958895377936348,1.096333938704268,1.0951752756749176,1.0958300970996482,1426.0
2024-08-20 08:00:00+00:00,1.0958229208343362,1.0961181994348874,1.0951837122461956,1.0954480671445994,867.0
2024-08-20 09:00:00+00:00,1.0956676275136796,1.096633101773134,1.0942380140668282,1.0961735702971254,1478.0
2024-08-20 10:00:00+00:00,1.0955922467907029,1.0961052603338255,1.0949613663068771,1.0952501356108757,1436.0
2024-08-20 11:00:00+00:00,1.0957822636320216,1.095970008868814,1.0950182319465267,1.0951214054994511,980.0
2024-08-20 12:00:00+00:00,1.0955198253366814,1.0959177635461177,1.095038916306178,1.0955399599133258,840.0
2024-08-20 13:00:00+00:00,1.0956246994834704,1.096587392679932,1.0949458288883098,1.0962807418230909,841.0
2024-08-20 14:00:00+00:00,1.0960906001819666,1.096624687504584,1.0952475994667716,1.0964847028543525,1141.0
2024-08-20 15:00:00+00:00,1.0961482345510454,1.0969897976364151,1.09506411348083,1.0950767543499071,1046.0
2024-08-20 16:00:00+00:00,1.0958656953771235,1.0960166522703627,1.0948139874139504,1.0954107668917956,1226.0
2024-08-20 17:00:00+00:00,1.0957387969175725,1.0963325208102002,1.0952868941590224,1.0953964659166249,1000.0
2024-08-20 18:00:00+00:00,1.0960172433143205,1.096364423305583,1.0947411215329437,1.0951658986252937,1293.0
2024-08-20 19:00:00+00:00,1.0957556905057086,1.0963795060279549,1.094498392754912,1.0949266417595092,646.0
2024-08-20 20:00:00+00:00,1.0959383511518557,1.0966117110060771,1.0951909820980796,1.095297888930608,1123.0
2024-08-20 21:00:00+00:00,1.096112702073225,1.0968881720451729,1.0955696463035878,1.09585625284015,1052.0
2024-08-20 22:00:00+00:00,1.0961832248908487,1.096778276144577,1.0959649219867045,1.0960837553255138,846.0
2024-08-20 23:00:00+00:00,1.095997156817358,1.0968062493958803,1.0949887372877962,1.0952599383870376,985.0
2024-08-21 00:00:00+00:00,1.0957199138549878,1.0967884936983363,1.095192760544935,1.0963369596361583,889.0
2024-08-21 01:00:00+00:00,1.09570760778978,1.0963466711166243,1.0953870481273835,1.0954465163859477,1264.0
2024-08-21 02:00:00+00:00,1.0955416322050124,1.0959356566740983,1.0947314973735571,1.095636466616846,1080.0
2024-08-21 03:00:00+00:00,1.0955076548985092,1.0962526350165869,1.094410785730472,1.0959493989379687,819.0
2024-08-21 04:00:00+00:00,1.0956001314661832,1.096020119475859,1.09437388790538,1.0956254690943812,1235.0
2024-08-21 05:00:00+00:00,1.0956275585598454,1.096680045800018,1.0953113907581793,1.0958906107402298,985.0
2024-08-21 06:00:00+00:00,1.096032170591156,1.0965721788692202,1.0954208483551329,1.0961994453361796,1435.0
2024-08-21 07:00:00+00:00,1.0963190083730523,1.0973592734203816,1.095872981235971,1.0963286857531462,1163.0
2024-08-21 08:00:00+00:00,1.0961302462085256,1.096972368764343,1.095704551013228,1.0966206980666608,1182.0
2024-08-21 09:00:00+00:00,1.0961713140305978,1.097334974791318,1.0953976113920507,1.0972327038461442,975.0
2024-08-21 10:00:00+00:00,1.0963036450230852,1.0967102787257432,1.0959156890179134,1.0965288928856158,1133.0
2024-08-21 11:00:00+00:00,1.0964550477199566,1.0972372775189403,1.095711738935381,1.0957861645195863,822.0
2024-08-21 12:00:00+00:00,1.0965561808851816,1.0975856212716009,1.0961877052189142,1.0963359509047013,1123.0
2024-08-21 13:00:00+00:00,1.096425597803708,1.0969957737126077,1.0952902177387187,1.096585766852337,1121.0
2024-08-21 14:00:00+00:00,1.0967087900841292,1.0971393938640854,1.0962363983694372,1.0963843863357865,1357.0
2024-08-21 15:00:00+00:00,1.0966913489773522,1.0970288933923462,1.0957908982972415,1.0960704694677186,969.0
2024-08-21 16:00:00+00:00,1.0968220560405506,1.097390723230881,1.0960170959711684,1.097023056625596,976.0
2024-08-21 17:00:00+00:00,1.0966834925983715,1.0970364009282962,1.095495283862972,1.0968188023260528,751.0
2024-08-21 18:00:00+00:00,1.096659870242407,1.097648321649314,1.0960591974710243,1.0966662629483264,989.0
2024-08-21 19:00:00+00:00,1.0968604872889691,1.0976596533435474,1.094834194433702,1.096172961184254,980.0
2024-08-21 20:00:00+00:00,1.096516573450872,1.0967341359325935,1.0959022615262484,1.0965011523367811,939.0
2024-08-21 21:00:00+00:00,1.096236693794911,1.0968979293450172,1.0960112557584265,1.0965870921333518,690.0
2024-08-21 22:00:00+00:00,1.096407259068508,1.0971458613730447,1.0961747428417583,1.0964435799871195,1152.0
2024-08-21 23:00:00+00:00,1.096586347451629,1.0982517367706084,1.095597704065111,1.0979102258329665,794.0
2024-08-22 00:00:00+00:00,1.09668388104204,1.0970868963445488,1.0959912853688276,1.0962216679603562,1317.0
2024-08-22 01:00:00+00:00,1.0967524816908425,1.097649183780984,1.0965668065647785,1.0975538545325312,1387.0
2024-08-22 02:00:00+00:00,1.097028809978604,1.09793692034107,1.0963836279773522,1.096487242922376,1023.0
2024-08-22 03:00:00+00:00,1.0968555943162368,1.097989680774479,1.096355609393178,1.0966812892032545,1182.0
2024-08-22 04:00:00+00:00,1.096819789696068,1.097668020775339,1.0961882243801475,1.09761349120191,1355.0
2024-08-22 05:00:00+00:00,1.0970511182366611,1.0982311981834012,1.0963983557231924,1.0978712764054113,1357.0
2024-08-22 06:00:00+00:00,1.0967847756823663,1.0974281964082726,1.096182464562096,1.0973976129902634,1686.0
2024-08-22 07:00:00+00:00,1.097049966101587,1.097476886618883,1.0963064669719955,1.0967855595278255,1632.0
2024-08-22 08:00:00+00:00,1.097037047323728,1.0971725065965248,1.096530010094016,1.0969102290503596,907.0
2024-08-22 09:00:00+00:00,1.0969065973242698,1.0973767781261194,1.0963142801769117,1.0966314854455856,1153.0
2024-08-22 10:00:00+00:00,1.0969943847200698,1.097511356842269,1.0965027724718417,1.097397299084032,857.0
2024-08-22 11:00:00+00:00,1.0975891634961927,1.0982694258908343,1.0973478015459186,1.0976080505147148,1139.0
2024-08-22 12:00:00+00:00,1.0977825230384857,1.0980039006708835,1.0971463314505685,1.0974026642515866,935.0
2024-08-22 13:00:00+00:00,1.0976091970779605,1.0986350110553895,1.0966993361591693,1.0986339727938157,1311.0
2024-08-22 14:00:00+00:00,1.0976302553337005,1.0983666462167558,1.0972094490477224,1.0981132342837812,1408.0
2024-08-22 15:00:00+00:00,1.09776519254865,1.0984437631565676,1.0965521684839885,1.0983225478966827,1059.0
2024-08-22 16:00:00+00:00,1.097586601383855,1.0978256285683068,1.0971650466881802,1.0974972093838034,1182.0
2024-08-22 17:00:00+00:00,1.0975132042728883,1.0983048098051906,1.0971412224299737,1.097589532163578,1009.0
2024-08-22 18:00:00+00:00,1.0975360459270966,1.0985239124174573,1.0969480734023402,1.0983245795517391,1245.0
2024-08-22 19:00:00+00:00,1.0976888157988909,1.0985975785435835,1.0974078867375303,1.097615397001828,1165.0
2024-08-22 20:00:00+00:00,1.0976502436530808,1.0985406964079336,1.0973799649289198,1.0978880950133565,1187.0
2024-08-22 21:00:00+00:00,1.097540414818554,1.0980334290657898,1.0973391057629132,1.0974652188748848,816.0
2024-08-22 22:00:00+00:00,1.0977374389749033,1.098089756464615,1.0967909045040296,1.0976767394841764,892.0
2024-08-22 23:00:00+00:00,1.09775959833782,1.0982020350240425,1.097339540124752,1.0975089373971083,826.0
2024-08-23 00:00:00+00:00,1.0980607351940883,1.0984258693028746,1.0975489361825743,1.0978820301007974,1038.0
2024-08-23 01:00:00+00:00,1.0976089436896352,1.0982822389175178,1.0966459394837909,1.0980817685529998,1080.0
2024-08-23 02:00:00+00:00,1.0978335825543453,1.0986040907147183,1.0970207432550032,1.0978370302015508,1310.0
2024-08-23 03:00:00+00:00,1.0977658213430488,1.098409828601515,1.097209264940127,1.097773575261841,1078.0
2024-08-23 04:00:00+00:00,1.097900073897616,1.0981410814373451,1.0973184913944245,1.0974583693028463,1083.0
2024-08-23 05:00:00+00:00,1.097725897193645,1.0981798859401952,1.097086026531997,1.097379077269405,1016.0
2024-08-23 06:00:00+00:00,1.097947305554412,1.0986645983854804,1.0972093732853176,1.0981656480282014,1049.0
2024-08-23 07:00:00+00:00,1.0980241520226195,1.0986319349993665,1.0974500396409146,1.0984251894499029,1094.0
2024-08-23 08:00:00+00:00,1.097762003992499,1.0981524884820053,1.097092557916083,1.097289141988679,1057.0
2024-08-23 09:00:00+00:00,1.097765995676897,1.0981955619401031,1.0963054681951334,1.0965307582218142,1242.0
2024-08-23 10:00:00+00:00,1.097695208260631,1.098436673160277,1.0971953639066827,1.0975559907142587,948.0
2024-08-23 11:00:00+00:00,1.0978836550948756,1.0981343675470356,1.0970486156487742,1.0974078091596948,769.0
2024-08-23 12:00:00+00:00,1.097835181031991,1.0984268985198866,1.0972416164655998,1.0972522686656043,909.0
2024-08-23 13:00:00+00:00,1.09772694225573,1.098548440689429,1.0964424383090774,1.0979541558016994,1068.0
2024-08-23 14:00:00+00:00,1.0979454381485674,1.098754258854014,1.09714241989176,1.0981424660295327,632.0
2024-08-23 15:00:00+00:00,1.0980102964419685,1.0983331459215964,1.0974020674600478,1.0975473693268034,1279.0
2024-08-23 16:00:00+00:00,1.0982484406490376,1.098718308103792,1.0969814812830003,1.0983701791232725,1327.0
2024-08-23 17:00:00+00:00,1.098132656560317,1.0985781236458971,1.09778376388568,1.0980928110563344,1695.0
2024-08-23 18:00:00+00:00,1.0983317587097785,1.0984037002269564,1.0974985903761592,1.0981545808630775,889.0
2024-08-23 19:00:00+00:00,1.0982075777710096,1.0985943196718244,1.0975537004111522,1.098051303042236,1200.0
2024-08-23 20:00:00+00:00,1.09817432572626,1.0985870800250868,1.0974890063184417,1.0981027061895874,1243.0
2024-08-23 21:00:00+00:00,1.097935103880523,1.0994799147189014,1.097689066358802,1.099016711261955,1451.0
2024-08-23 22:00:00+00:00,1.0979519551915309,1.0983021156901456,1.097066986144264,1.09782012170183,1437.0
2024-08-23 23:00:00+00:00,1.0977890165417,1.0982847474216215,1.0973084066996457,1.09737566011234,932.0
2024-08-24 00:00:00+00:00,1.097876530867335,1.098508672517654,1.097029468674997,1.0979203851268244,946.0
2024-08-24 01:00:00+00:00,1.0975851314920555,1.0980828428808689,1.096917659711233,1.097304846168132,988.0
2024-08-24 02:00:00+00:00,1.0977575965849151,1.098152105926458,1.0972686510818728,1.0977978024976671,1106.0
2024-08-24 03:00:00+00:00,1.097585305580878,1.0981966248664965,1.0970307000890045,1.0977397245427931,1060.0
2024-08-24 04:00:00+00:00,1.097537878546124,1.0982694728183635,1.0970568720567933,1.097058050977042,1209.0
2024-08-24 05:00:00+00:00,1.0978284706245829,1.0983599374916737,1.0971429802946655,1.097902731719799,1311.0
2024-08-24 06:00:00+00:00,1.097885410978214,1.0987634901863244,1.0972173530014566,1.0973400380961558,713.0
2024-08-24 07:00:00+00:00,1.0977883965542974,1.0982478660325297,1.0975661462204076,1.0978187482357906,1216.0
2024-08-24 08:00:00+00:00,1.0979553090890457,1.098581219570937,1.0971513753161302,1.0972510230602774,1554.0
2024-08-24 09:00:00+00:00,1.0979232167012951,1.098483746176522,1.0974198414722915,1.0975842128068092,1003.0
2024-08-24 10:00:00+00:00,1.098114179190988,1.098404154528828,1.097312129381633,1.0974860438427203,865.0
2024-08-24 11:00:00+00:00,1.0980769827521304,1.0992007013548797,1.0978039855340098,1.0991839778230894,1165.0
2024-08-24 12:00:00+00:00,1.098309965670701,1.0988228116456602,1.0979222246398546,1.0980762971430684,1189.0
2024-08-24 13:00:00+00:00,1.0983935126284703,1.0988386552642817,1.0975715899126346,1.0979844123407496,1242.0
2024-08-24 14:00:00+00:00,1.0986167614745297,1.0994666761860914,1.0979442337408247,1.0994396155966888,1172.0
2024-08-24 15:00:00+00:00,1.098781670465464,1.098837226103696,1.098038338217173,1.0984809135540132,435.0
2024-08-24 16:00:00+00:00,1.098657832603628,1.0993001555982826,1.0981515980634426,1.098659068874263,1286.0
2024-08-24 17:00:00+00:00,1.0985145262167837,1.0987989342771805,1.09807906592391,1.098536496099293,1229.0
2024-08-24 18:00:00+00:00,1.098141244773778,1.0987944198853974,1.0976491823787753,1.0987057013884138,1430.0
2024-08-24 19:00:00+00:00,1.0982436038047405,1.0989936041290282,1.097060314736082,1.097224323726958,1368.0
2024-08-24 20:00:00+00:00,1.0983652152734358,1.0990108965236578,1.097600824443527,1.0985144575547572,1465.0
2024-08-24 21:00:00+00:00,1.0982156048550529,1.099121759975208,1.097970798408855,1.0985381846774096,1083.0
2024-08-24 22:00:00+00:00,1.098567328900963,1.099572085703204,1.098066891500885,1.0994140014931566,1211.0
2024-08-24 23:00:00+00:00,1.0985389438377433,1.098931683830593,1.0978715393757603,1.0979778784609329,959.0
2024-08-25 00:00:00+00:00,1.0982902838324922,1.0985687477245036,1.0977424705195322,1.098219101862948,1263.0
2024-08-25 01:00:00+00:00,1.0986921314235223,1.099610765172265,1.0983693883499197,1.099443719814592,1264.0
2024-08-25 02:00:00+00:00,1.0986992626199497,1.099495876290031,1.098538630097491,1.0988502767709751,1274.0
2024-08-25 03:00:00+00:00,1.0988551469880528,1.0992280470129483,1.097821235359293,1.0985297187214524,1189.0
2024-08-25 04:00:00+00:00,1.0988980614797428,1.0998690606361845,1.0982918541048257,1.0986807898499316,1019.0
2024-08-25 05:00:00+00:00,1.099062005528406,1.0997670377083946,1.0986991186013082,1.09946171341337,909.0
2024-08-25 06:00:00+00:00,1.0991575716961293,1.0994042574960017,1.0980427550128058,1.098749629962492,437.0
2024-08-25 07:00:00+00:00,1.0991032324053145,1.0997908126375386,1.097942714784805,1.0989090277317015,1400.0
2024-08-25 08:00:00+00:00,1.099032396406476,1.0994928042853471,1.0985251981861948,1.0987405721783818,1419.0
2024-08-25 09:00:00+00:00,1.0988199561994116,1.0997988607326292,1.098362057779388,1.0985635991993026,998.0
2024-08-25 10:00:00+00:00,1.098866304900967,1.0995227532921124,1.0980840482445495,1.0991894261616209,1273.0
2024-08-25 11:00:00+00:00,1.0989071713453384,1.0996269622725443,1.0985473728492865,1.0989280302873117,1299.0
2024-08-25 12:00:00+00:00,1.0989352326195678,1.0992318049631808,1.0984751021922337,1.0990815910883476,1356.0
2024-08-25 13:00:00+00:00,1.0987182055069502,1.0990948970834011,1.0979207070109884,1.0979860798394077,1261.0
2024-08-25 14:00:00+00:00,1.0986707291070592,1.0987810266978486,1.098499206943444,1.0986088172969684,986.0
2024-08-25 15:00:00+00:00,1.0985389705477222,1.0992120476510148,1.0981294393957972,1.0985404472860938,1237.0
2024-08-25 16:00:00+00:00,1.0983338952112922,1.099001186653496,1.097983331009882,1.098339238069875,829.0
2024-08-25 17:00:00+00:00,1.0980653038867996,1.0987948823935934,1.0976833251730471,1.0983811924823417,915.0
2024-08-25 18:00:00+00:00,1.0981958027040786,1.0988279383171002,1.097980795787609,1.0988156248091212,1307.0
2024-08-25 19:00:00+00:00,1.0981957752855778,1.0986366925315576,1.0972874398196166,1.0977039679900955,903.0
2024-08-25 20:00:00+00:00,1.0979038818877196,1.0990745104340556,1.0976388061946638,1.0977927717316902,598.0
2024-08-25 21:00:00+00:00,1.097821117131431,1.0979263472077816,1.0972180088603656,1.0974997110019853,1244.0
2024-08-25 22:00:00+00:00,1.0977398603196118,1.0986303564935604,1.0973125712102716,1.0985739002337551,1416.0
2024-08-25 23:00:00+00:00,1.0975637651319337,1.098125036506958,1.0971578168495044,1.0980981136437478,1305.0
2024-08-26 00:00:00+00:00,1.0979427244120112,1.0983421017955974,1.0971932708020309,1.0980826109243875,885.0
2024-08-26 01:00:00+00:00,1.09767571633008,1.098106673898496,1.0967956581742413,1.0970085386665227,873.0
2024-08-26 02:00:00+00:00,1.0977869605430577,1.098898825223886,1.0971037229050624,1.0976237566087994,864.0
2024-08-26 03:00:00+00:00,1.0976514744832215,1.098634830665735,1.096822558089965,1.0974670866491445,776.0
2024-08-26 04:00:00+00:00,1.097401608143176,1.0978795211511816,1.0962926050538415,1.0977945725550549,1329.0
2024-08-26 05:00:00+00:00,1.097391131053983,1.0978660814222172,1.0969944902694084,1.0972301008503127,1216.0
2024-08-26 06:00:00+00:00,1.097198949002981,1.097363645312751,1.0966792082371162,1.0972718675018458,1240.0
2024-08-26 07:00:00+00:00,1.0971480247069596,1.0973572028385716,1.096749406864523,1.0972545871375416,1164.0
2024-08-26 08:00:00+00:00,1.0971014130054162,1.0976056407028407,1.096599547027434,1.097139849735706,1450.0
2024-08-26 09:00:00+00:00,1.0970432547303504,1.0974952780957905,1.0963569750309583,1.0970800112222996,1076.0
2024-08-26 10:00:00+00:00,1.097097559487984,1.0971552713755683,1.0955946824035774,1.0958359669195177,1055.0
2024-08-26 11:00:00+00:00,1.0967398273788704,1.09732164126403,1.0963886198573185,1.096791274604251,1199.0
2024-08-26 12:00:00+00:00,1.0966979331065856,1.097327479617756,1.0964917168975332,1.096866166043698,898.0
2024-08-26 13:00:00+00:00,1.0967921992853624,1.0973321438695074,1.09594442131743,1.096127878537316,838.0
2024-08-26 14:00:00+00:00,1.0965065980454043,1.097090030816598,1.0955248812637497,1.096817549777196,846.0
2024-08-26 15:00:00+00:00,1.096485290387406,1.0968930527957856,1.095901348806852,1.095912343658458,1062.0
2024-08-26 16:00:00+00:00,1.0965830896314812,1.096957066316189,1.0958994067452716,1.0962919544288496,806.0
2024-08-26 17:00:00+00:00,1.096467587240533,1.0968102647493825,1.0959410987769689,1.0960036842825371,1281.0
2024-08-26 18:00:00+00:00,1.0965306507316086,1.096869425675193,1.0961016015105671,1.0967535863560376,1366.0
2024-08-26 19:00:00+00:00,1.0965387355231682,1.097171756633798,1.0959077985821797,1.0968840152159425,1332.0
2024-08-26 20:00:00+00:00,1.09661402773819,1.0972675132242788,1.095691823822929,1.0959314474725783,1426.0
2024-08-26 21:00:00+00:00,1.096470056516747,1.096903421171605,1.096110534694929,1.0968928273484166,1091.0
2024-08-26 22:00:00+00:00,1.0963849139274946,1.096960292203579,1.0961113623263594,1.0963887185473722,1126.0
2024-08-26 23:00:00+00:00,1.096415833823304,1.0969984410899625,1.095982006482559,1.0969636496675284,613.0
2024-08-27 00:00:00+00:00,1.096592106265224,1.097164891370482,1.0960280918927372,1.096245973181999,516.0
2024-08-27 01:00:00+00:00,1.0966818613496996,1.0973048729766266,1.0964422461058028,1.0971935920722495,1380.0
2024-08-27 02:00:00+00:00,1.0969489487960948,1.0977853778368167,1.0966422810120733,1.0973640316149356,864.0
2024-08-27 03:00:00+00:00,1.0967789511725778,1.0971505547516018,1.095851346302981,1.0967772749678275,1022.0
2024-08-27 04:00:00+00:00,1.096849987062986,1.0971794079496016,1.0963459363315384,1.096573053675857,1300.0
2024-08-27 05:00:00+00:00,1.0968461413729074,1.0979743459474298,1.0962694760915712,1.0964803910189629,1425.0
2024-08-27 06:00:00+00:00,1.0969684869284175,1.0971553738293105,1.09630455493911,1.0964146323080204,1381.0
2024-08-27 07:00:00+00:00,1.0969255586941755,1.097617904627903,1.0961897937937326,1.0969549078970766,963.0
2024-08-27 08:00:00+00:00,1.096820272497893,1.097066990342462,1.096323198165236,1.0967019189982552,1440.0
2024-08-27 09:00:00+00:00,1.0965348572167124,1.097282493219228,1.0960881643574305,1.0964922778542232,1353.0
2024-08-27 10:00:00+00:00,1.0966822664252482,1.097402895310473,1.0963048256229182,1.0972941804501468,1374.0
2024-08-27 11:00:00+00:00,1.09673767392467,1.0972734438395146,1.0960029061747625,1.0963838577729668,1333.0
2024-08-27 12:00:00+00:00,1.0964629064356024,1.0968776644520966,1.0959936080778536,1.0960525220065565,1037.0
2024-08-27 13:00:00+00:00,1.0963364216842262,1.096883379801998,1.095840883146099,1.0960129736070356,1485.0
2024-08-27 14:00:00+00:00,1.0963819169555966,1.097133664260325,1.095691187014864,1.096037055741381,1039.0
2024-08-27 15:00:00+00:00,1.0965681722723155,1.096890483226062,1.0962051014230274,1.0967955743037163,1296.0
2024-08-27 16:00:00+00:00,1.096729122241546,1.0972961198218103,1.0958984435296324,1.0964095491832777,846.0
2024-08-27 17:00:00+00:00,1.096846091808814,1.0973174447982863,1.0965179655231516,1.0967530590348915,504.0
2024-08-27 18:00:00+00:00,1.097090608994463,1.0979353070678264,1.0967312590072171,1.0970832189599882,775.0
2024-08-27 19:00:00+00:00,1.097136197664782,1.0974153886666698,1.0967834159598653,1.0972563404965114,1259.0
2024-08-27 20:00:00+00:00,1.0972065423687205,1.097629788197719,1.0963673181079707,1.0972726503812236,1129.0
2024-08-27 21:00:00+00:00,1.097137933753668,1.0974315017465752,1.0965608398096085,1.0973269611094574,1470.0
2024-08-27 22:00:00+00:00,1.097224273267584,1.0978061737940563,1.09642071436049,1.0975837838431803,988.0
2024-08-27 23:00:00+00:00,1.0972484595597074,1.0979240841846882,1.0969728113497426,1.0974214988900273,838.0
2024-08-28 00:00:00+00:00,1.0975341278476207,1.097862919615304,1.0969552578905275,1.0977187425339792,1012.0
2024-08-28 01:00:00+00:00,1.0973577287515532,1.0980504854863682,1.0962371969174156,1.0969656871387736,990.0
2024-08-28 02:00:00+00:00,1.0969711507919762,1.09711970861399,1.0966248283892084,1.096699644733948,1256.0
2024-08-28 03:00:00+00:00,1.0970586822754265,1.0979939750535506,1.09665331330194,1.0979124892583805,984.0
2024-08-28 04:00:00+00:00,1.097492622028578,1.0975313426998723,1.0966636644472665,1.096677694753527,507.0
2024-08-28 05:00:00+00:00,1.097211908232342,1.0981515852988393,1.097026173952589,1.097981483002188,1037.0
2024-08-28 06:00:00+00:00,1.0972212577005032,1.0977448509487058,1.097021688567042,1.0971540598289269,633.0
2024-08-28 07:00:00+00:00,1.0972500991425798,1.0974597971739284,1.0966251947089662,1.0973860345873172,1502.0
2024-08-28 08:00:00+00:00,1.097272266737617,1.097668593168594,1.0964034621742924,1.096563903529624,1306.0
2024-08-28 09:00:00+00:00,1.097390844328435,1.0978947078951444,1.0966136529872028,1.0968094410786386,1487.0
2024-08-28 10:00:00+00:00,1.0973492326285343,1.0983138504183754,1.097139402362259,1.097644396895184,694.0
2024-08-28 11:00:00+00:00,1.0977108833964817,1.09820148091524,1.096947997583729,1.097446431211709,945.0
2024-08-28 12:00:00+00:00,1.0974083230381018,1.0978021200227313,1.0963873198466552,1.0972666993078963,1179.0
2024-08-28 13:00:00+00:00,1.0973787455560409,1.0978471031517203,1.096362953441604,1.097597835840482,1103.0
2024-08-28 14:00:00+00:00,1.0973374809239909,1.0980737587799612,1.0964681443506406,1.0978203014334378,952.0
2024-08-28 15:00:00+00:00,1.0973860840917713,1.0981869492156653,1.0967495777742788,1.0971718611537584,657.0
2024-08-28 16:00:00+00:00,1.0974617554108332,1.098080204483385,1.0967062675370527,1.0970934271709871,529.0
2024-08-28 17:00:00+00:00,1.0977039314372965,1.0979872329136868,1.0974702773737903,1.0975078368444882,998.0
2024-08-28 18:00:00+00:00,1.0976823819123274,1.0980294201305134,1.0973142083152347,1.0978795821513103,683.0
2024-08-28 19:00:00+00:00,1.0975665099928815,1.0981210921783195,1.0969405995687724,1.0970709900880389,1041.0
2024-08-28 20:00:00+00:00,1.0976444724221757,1.0983936697957095,1.0974019646024378,1.0980136187339824,687.0
2024-08-28 21:00:00+00:00,1.097727347519139,1.0981805066418864,1.0971768677915117,1.0974900382510444,1033.0
2024-08-28 22:00:00+00:00,1.0977844509267338,1.0980946839058217,1.0975358132405,1.0980158811485203,1062.0
2024-08-28 23:00:00+00:00,1.0978566486367185,1.0980104937359474,1.0971176239630318,1.0973421501546934,962.0
2024-08-29 00:00:00+00:00,1.0975799417473036,1.0980225059232076,1.096810803906198,1.0979176887748323,987.0
2024-08-29 01:00:00+00:00,1.0974157575217798,1.0986417284764447,1.0973146542879095,1.0974891719830169,1146.0
2024-08-29 02:00:00+00:00,1.0977507929983454,1.098183698012258,1.0974217005683171,1.0975483620372108,1267.0
2024-08-29 03:00:00+00:00,1.097932718258288,1.0983875981365034,1.0973143976864022,1.0977492698644318,1172.0
2024-08-29 04:00:00+00:00,1.0979696412679507,1.098092249019353,1.0969163428198974,1.0969703945643523,1662.0
2024-08-29 05:00:00+00:00,1.0977945454405462,1.098731338645907,1.0973106088191846,1.09872634187271,1306.0
2024-08-29 06:00:00+00:00,1.0976054914839368,1.097731647149115,1.0969856666778648,1.0973598962870967,1274.0
2024-08-29 07:00:00+00:00,1.097465436997962,1.0982663166832465,1.097154328386565,1.0973944298693326,1087.0
2024-08-29 08:00:00+00:00,1.097555646350931,1.09796333946888,1.096966004947031,1.0970141838118403,1029.0
2024-08-29 09:00:00+00:00,1.0975407786411653,1.0980760667302574,1.0971648553071882,1.0972705748800775,896.0
2024-08-29 10:00:00+00:00,1.0974416094804478,1.0978441511016015,1.0966786810004745,1.0976349693253893,802.0
2024-08-29 11:00:00+00:00,1.0972943532299937,1.0983341349666895,1.0966438845304562,1.0971089168598995,651.0
2024-08-29 12:00:00+00:00,1.0974864039378405,1.0983312451733174,1.0969525475817206,1.0970159249261906,864.0
2024-08-29 13:00:00+00:00,1.0975795569466749,1.0980476831327457,1.0969853647923824,1.097977935455661,946.0
2024-08-29 14:00:00+00:00,1.0973865096478408,1.098077884001656,1.0969650169022618,1.0975430532695356,1402.0
2024-08-29 15:00:00+00:00,1.0973882546252098,1.0974266505121502,1.096780531134267,1.0969257349275892,1112.0
2024-08-29 16:00:00+00:00,1.0970478894132762,1.09734658169998,1.0964280443059553,1.0971877515470263,983.0
2024-08-29 17:00:00+00:00,1.09714615546119,1.097866547500982,1.0969532499626444,1.0973039448622912,982.0
2024-08-29 18:00:00+00:00,1.0971109408890978,1.0977668439252328,1.0967779529163812,1.0969769818050314,1289.0
2024-08-29 19:00:00+00:00,1.097244474502654,1.0978930170693164,1.0969098941857196,1.0971316269854745,512.0
2024-08-29 20:00:00+00:00,1.0968352021793166,1.0976679837372176,1.0960985461149555,1.0971036844595388,1217.0
2024-08-29 21:00:00+00:00,1.0968633440657565,1.097117288898622,1.0960100523533125,1.0962052813464167,1272.0
2024-08-29 22:00:00+00:00,1.0967883819127149,1.0968555746335449,1.0959057737417532,1.0965577148680885,1206.0
2024-08-29 23:00:00+00:00,1.0965974374863856,1.0974577890668469,1.0962620805880037,1.09656320235142,1562.0
2024-08-30 00:00:00+00:00,1.0966121070676906,1.0971043766005213,1.095675593843482,1.0964051399029828,938.0
2024-08-30 01:00:00+00:00,1.096447294197166,1.097035464328517,1.0958448910137946,1.096515031941874,1209.0
2024-08-30 02:00:00+00:00,1.0965019858942415,1.097140789678429,1.0962598295544714,1.096821929185999,700.0
2024-08-30 03:00:00+00:00,1.0965932420104625,1.0968260595877466,1.095933338665398,1.0959335947300055,922.0
2024-08-30 04:00:00+00:00,1.096466772317858,1.0970245247112285,1.0957580592545653,1.0969519753603172,1253.0
2024-08-30 05:00:00+00:00,1.0963920535084264,1.0970268475834557,1.095641267504368,1.0964856685061568,1112.0
2024-08-30 06:00:00+00:00,1.0965767668541848,1.0977054705676563,1.0961726006377748,1.0974560218210558,727.0
2024-08-30 07:00:00+00:00,1.0966561018884928,1.0968866404508295,1.095933363355084,1.09652166625373,1240.0
2024-08-30 08:00:00+00:00,1.096293514814584,1.0965469400686911,1.0956930190098817,1.095793779209836,1110.0
2024-08-30 09:00:00+00:00,1.09658960761155,1.0969521803232376,1.0959330122848645,1.096102061913776,1519.0
2024-08-30 10:00:00+00:00,1.096590805486137,1.0972566312151542,1.096348208410859,1.0970326464553033,1053.0
2024-08-30 11:00:00+00:00,1.0968369547966197,1.0971695673866202,1.0959563627403588,1.0961416400957735,910.0
2024-08-30 12:00:00+00:00,1.0968658262786026,1.0977456066146456,1.0967021101142056,1.096984079419723,1147.0
2024-08-30 13:00:00+00:00,1.0971305886776472,1.0975341905206977,1.0963508379812203,1.0966346799471818,1371.0
2024-08-30 14:00:00+00:00,1.096801232178583,1.0971257416541087,1.0960630671159663,1.0963164639181957,1495.0
2024-08-30 15:00:00+00:00,1.0966821295179785,1.0969682877011084,1.0963810384814023,1.0965863877664248,1184.0
2024-08-30 16:00:00+00:00,1.0966689244504728,1.0968689475665407,1.0957687483703389,1.0962868993708303,1278.0
2024-08-30 17:00:00+00:00,1.096521487813373,1.097298884352199,1.0960800836561382,1.0961798682509418,982.0
2024-08-30 18:00:00+00:00,1.0965231919462308,1.0979363657181116,1.0963087754363103,1.0976163436420423,1042.0
2024-08-30 19:00:00+00:00,1.0964026241375735,1.0972696485487032,1.095845866426437,1.095986023535482,1185.0
2024-08-30 20:00:00+00:00,1.0964124201875267,1.096672711586758,1.0948203990350134,1.0952424085662489,1131.0
2024-08-30 21:00:00+00:00,1.0960145345305827,1.0964637887250324,1.0957983344768571,1.0959176971405973,665.0
2024-08-30 22:00:00+00:00,1.0960725784831735,1.0966724033190252,1.0954417002827317,1.0958873137579492,1056.0
2024-08-30 23:00:00+00:00,1.0960659817159033,1.0965162201541652,1.0955604909814496,1.09590596022023,1424.0
2024-08-31 00:00:00+00:00,1.095439200991046,1.0960912302478292,1.0951245610418072,1.0953118539196405,1422.0
2024-08-31 01:00:00+00:00,1.0954299091115518,1.0959178929040536,1.0947894598060597,1.0948600896340992,1133.0
2024-08-31 02:00:00+00:00,1.0952945853883658,1.095783358303703,1.094635869330095,1.0947507399818566,902.0
2024-08-31 03:00:00+00:00,1.0950451877495064,1.0956072904624188,1.094473541895508,1.094562390475435,1193.0
2024-08-31 04:00:00+00:00,1.0950112647772106,1.0954470478225573,1.0946916580499704,1.0949598470863222,1355.0
2024-08-31 05:00:00+00:00,1.0947989366862498,1.0952580836044823,1.094356595467764,1.0943735840415572,1137.0
2024-08-31 06:00:00+00:00,1.094558452143633,1.095089426661746,1.0942685287759233,1.0947630943172928,1135.0
2024-08-31 07:00:00+00:00,1.0944784178880067,1.0948003195985885,1.0938441417565867,1.094504621499062,1226.0
2024-08-31 08:00:00+00:00,1.0942732989705009,1.0946355958258591,1.094013141534789,1.0941243677505788,979.0
2024-08-31 09:00:00+00:00,1.0941585068320383,1.0944938654603231,1.093474015961721,1.09370118099578,1317.0
2024-08-31 10:00:00+00:00,1.0940065483650252,1.094573579010994,1.0938662349183303,1.094063165074447,1485.0
2024-08-31 11:00:00+00:00,1.094232028632282,1.0949514415482209,1.0936775100873892,1.094124002954108,821.0
2024-08-31 12:00:00+00:00,1.0939926600589829,1.0947713779897636,1.0933652006159702,1.0936829637199708,1196.0
2024-08-31 13:00:00+00:00,1.093824849758016,1.0942639817026103,1.0935505849603635,1.094086772254392,899.0
2024-08-31 14:00:00+00:00,1.0939137937020174,1.0942552170727289,1.0932156851154105,1.094113681642248,1231.0
2024-08-31 15:00:00+00:00,1.0939327566247166,1.094470902633448,1.0931088434865968,1.093330397602052,1026.0
2024-08-31 16:00:00+00:00,1.0938367416041113,1.094244965702741,1.093609589244403,1.0939208077183793,980.0
2024-08-31 17:00:00+00:00,1.0937616612837535,1.0944588810774536,1.09350435349452,1.0939027820088156,1197.0
2024-08-31 18:00:00+00:00,1.093889008050164,1.0945925373013614,1.0935798197010225,1.0945551758499787,885.0
2024-08-31 19:00:00+00:00,1.0937747668194,1.0938557955364336,1.0932067236769034,1.0937908886991878,736.0
2024-08-31 20:00:00+00:00,1.0938890009114275,1.0943572629253049,1.0934751430153762,1.0938918959857535,1545.0
2024-08-31 21:00:00+00:00,1.0939578752656696,1.0945625217013986,1.0934433321826793,1.0943232381606758,1461.0
2024-08-31 22:00:00+00:00,1.0939413876287114,1.094813427412421,1.0934951614167254,1.0947583200512927,1273.0
2024-08-31 23:00:00+00:00,1.0939259667819972,1.0944937901899596,1.0935786419179443,1.09429326153354,1353.0
2024-09-01 00:00:00+00:00,1.0937324482625883,1.0942424280363576,1.0933144045159633,1.0941482353950778,1656.0
2024-09-01 01:00:00+00:00,1.0939514135778878,1.094721345031742,1.093736142702553,1.094618538290535,1547.0
2024-09-01 02:00:00+00:00,1.0941026500431017,1.0947570506607995,1.0938213304297824,1.0945429996070928,664.0
2024-09-01 03:00:00+00:00,1.0943273416035708,1.0950146490558357,1.0941803410023632,1.094719520434845,1076.0
2024-09-01 04:00:00+00:00,1.0945926414762397,1.0948021435130313,1.09367397485778,1.093892595031872,1062.0
2024-09-01 05:00:00+00:00,1.0947110662388535,1.0950255935953297,1.094219467978636,1.0942466265077655,1151.0
2024-09-01 06:00:00+00:00,1.0946532799111013,1.0951359555669578,1.0940426910679246,1.0948265765438712,1576.0
2024-09-01 07:00:00+00:00,1.094699777511245,1.0951592749676495,1.0944505480496556,1.094998493544975,1333.0
2024-09-01 08:00:00+00:00,1.095270988106774,1.0960258248570638,1.0949420711474995,1.0956938547247073,1273.0
2024-09-01 09:00:00+00:00,1.0951933646857164,1.095878869980805,1.094891146327146,1.0957639875583192,1477.0
2024-09-01 10:00:00+00:00,1.0951499672840297,1.095475832472545,1.0949345186494224,1.09537615361203,1170.0
2024-09-01 11:00:00+00:00,1.0954320273288345,1.0959004526740983,1.0951551826708166,1.095787120829417,1347.0
2024-09-01 12:00:00+00:00,1.0951400619619571,1.095486325644918,1.0945127352881303,1.0948052593771358,654.0
2024-09-01 13:00:00+00:00,1.0949179644240037,1.095594051643967,1.0942835171498526,1.0944736135907904,751.0
2024-09-01 14:00:00+00:00,1.0949364243594608,1.0952233981023538,1.0943565468068053,1.094701767257931,952.0
2024-09-01 15:00:00+00:00,1.094922874172646,1.0954506649708646,1.094447497660985,1.094747200434309,1068.0
2024-09-01 16:00:00+00:00,1.0952233338778892,1.0959531270671892,1.094268098915736,1.0958575043878744,1008.0
2024-09-01 17:00:00+00:00,1.0953607870151818,1.0957477366193085,1.094938481221428,1.095159891343814,1327.0
2024-09-01 18:00:00+00:00,1.0956020561788309,1.095791418116424,1.0949980061353797,1.0952640759001666,1198.0
2024-09-01 19:00:00+00:00,1.095385072808146,1.096033437100789,1.0949413976420248,1.0957381222492184,817.0
2024-09-01 20:00:00+00:00,1.0951821519967608,1.0953994332160866,1.0945557741945968,1.094792680100669,1043.0
2024-09-01 21:00:00+00:00,1.095054998694083,1.0953441938867974,1.094729295611948,1.0949346455012383,1498.0
2024-09-01 22:00:00+00:00,1.0951560798973738,1.0958054976043894,1.0945450869986917,1.0953447836628802,879.0
2024-09-01 23:00:00+00:00,1.0954848934411952,1.095921616699582,1.095277912429746,1.0955386242714646,676.0
2024-09-02 00:00:00+00:00,1.095473649346239,1.0960916390483566,1.0950067665838514,1.0955194589384616,1096.0
2024-09-02 01:00:00+00:00,1.0956023691354038,1.095940389634605,1.0950671256180686,1.095848472907841,946.0
2024-09-02 02:00:00+00:00,1.09589082551677,1.0965932975812884,1.0956932786137856,1.0964518090073874,1402.0
2024-09-02 03:00:00+00:00,1.0963337488280134,1.0970811615903275,1.0960314578708312,1.096630896127076,1667.0
2024-09-02 04:00:00+00:00,1.0966376854917594,1.0970117684808507,1.0963134664446796,1.0966326492175,1046.0
2024-09-02 05:00:00+00:00,1.0967346801964009,1.0968561824278242,1.0960779747912082,1.0961986613463783,672.0
2024-09-02 06:00:00+00:00,1.0966216475311803,1.097167461072451,1.0963682360504157,1.097048055115038,965.0
2024-09-02 07:00:00+00:00,1.0966441551809132,1.0972623960119736,1.0963292502327733,1.0964689296600991,661.0
2024-09-02 08:00:00+00:00,1.0967209013767898,1.0971484767515916,1.0963105264805697,1.09696211489463,1210.0
2024-09-02 09:00:00+00:00,1.0968903533791636,1.097494074729896,1.0965494756271654,1.096941866068642,941.0
2024-09-02 10:00:00+00:00,1.0967090720155728,1.0972310603110362,1.0963680530668147,1.096469478135993,1285.0
2024-09-02 11:00:00+00:00,1.0967840728531684,1.0970017467835265,1.0961700286465288,1.0966081992844956,1317.0
2024-09-02 12:00:00+00:00,1.0966750748745455,1.0973920307368394,1.096210458098314,1.0970371988387273,1191.0
2024-09-02 13:00:00+00:00,1.0965879506129363,1.0968726774096562,1.095703456728885,1.0967042508021256,1028.0
2024-09-02 14:00:00+00:00,1.096454542706865,1.0969931036167215,1.09572972442507,1.0967764837053418,1033.0
2024-09-02 15:00:00+00:00,1.096773372133497,1.0971992195928175,1.096424064086376,1.0966215920784097,1270.0
2024-09-02 16:00:00+00:00,1.096737742372045,1.0969590439311176,1.0963134011256004,1.0964961140092195,1049.0
2024-09-02 17:00:00+00:00,1.0966202937127436,1.0968764323817528,1.0960756186955662,1.0961830142246487,1029.0
2024-09-02 18:00:00+00:00,1.0965573512399491,1.0971698897436892,1.0962805839282137,1.096624223261873,894.0
2024-09-02 19:00:00+00:00,1.0966814307080353,1.0969227832809942,1.0964774818691314,1.096738467380262,1260.0
2024-09-02 20:00:00+00:00,1.0968004126849475,1.097221163065076,1.0962738097566376,1.0969815628911153,1545.0
2024-09-02 21:00:00+00:00,1.096828639060818,1.097061964418194,1.0963413610082555,1.096583198627875,1393.0
2024-09-02 22:00:00+00:00,1.0967575905955949,1.0971098316046874,1.0963822250597657,1.0966670912547072,1096.0
2024-09-02 23:00:00+00:00,1.096763425694173,1.097231799812429,1.09646981800226,1.096754551430109,871.0
2024-09-03 00:00:00+00:00,1.0968959990317415,1.0971788119365524,1.096184948565304,1.096616595046167,1050.0
2024-09-03 01:00:00+00:00,1.096706829599644,1.0971503598501615,1.0961568668828885,1.0964309208579417,1032.0
2024-09-03 02:00:00+00:00,1.0967675501531602,1.0970953009816828,1.0964357468693289,1.0964710315079849,1192.0
2024-09-03 03:00:00+00:00,1.0967933475067686,1.0969207638693657,1.0960989656954536,1.096488465842948,837.0
2024-09-03 04:00:00+00:00,1.0965800799004433,1.0971627488547275,1.0959520089204535,1.096210069102705,674.0
2024-09-03 05:00:00+00:00,1.0965582205635975,1.0972977150757814,1.0960365533880974,1.096829136638058,1086.0
2024-09-03 06:00:00+00:00,1.09659046031275,1.0970425848544492,1.0960812685528627,1.0968994281957407,1107.0
2024-09-03 07:00:00+00:00,1.0965324186466143,1.096984908556072,1.0961733577614945,1.09627862300772,1017.0
2024-09-03 08:00:00+00:00,1.0964035004229369,1.0968749182933175,1.0957881796377102,1.0967230858064203,1118.0
2024-09-03 09:00:00+00:00,1.0966371275491498,1.0973182855567591,1.0962344625241491,1.0971204038467768,1304.0
2024-09-03 10:00:00+00:00,1.096634262954126,1.0969049932264026,1.0961336240266446,1.0965639602118162,1521.0
2024-09-03 11:00:00+00:00,1.0967268863318869,1.0971689012026855,1.0964592447129395,1.0969497862055748,909.0
2024-09-03 12:00:00+00:00,1.0967994428899488,1.09713210907169,1.095787020124029,1.0966620946067218,823.0
2024-09-03 13:00:00+00:00,1.0964773228371392,1.096852949632258,1.0956153638511903,1.0961849258205352,1049.0
2024-09-03 14:00:00+00:00,1.0963201510618132,1.096769146151746,1.0961805670364115,1.0966548290603917,1037.0
2024-09-03 15:00:00+00:00,1.096521583618645,1.0970421823297078,1.0962550436835603,1.0966916082655218,932.0
2024-09-03 16:00:00+00:00,1.096657856272794,1.097022342915064,1.0963312142374584,1.0965039201767777,1129.0
2024-09-03 17:00:00+00:00,1.0966666163304877,1.0969843056440145,1.0960698913443343,1.0961640647043842,1054.0
2024-09-03 18:00:00+00:00,1.0962952984047392,1.096548153964195,1.0954830681155123,1.0964219651588565,723.0
2024-09-03 19:00:00+00:00,1.0964174321136344,1.0971315309080598,1.0956362844410106,1.0970747261763478,958.0
2024-09-03 20:00:00+00:00,1.09665697519531,1.0970765782507406,1.0960701915718452,1.0969836791031993,1083.0
2024-09-03 21:00:00+00:00,1.0966153286134075,1.0971513756423183,1.0961582090912287,1.09618365303768,1162.0
2024-09-03 22:00:00+00:00,1.096537939343781,1.0967216843194831,1.0957728572553924,1.0961952259524632,962.0
2024-09-03 23:00:00+00:00,1.09631219184906,1.0967226291348393,1.0959926729863994,1.096188405838897,1209.0
2024-09-04 00:00:00+00:00,1.0962676574398105,1.0966097357239086,1.0958361275951831,1.096482775248823,1420.0
2024-09-04 01:00:00+00:00,1.0963508071341914,1.09677725151728,1.0959596504484608,1.0961456695844929,865.0
2024-09-04 02:00:00+00:00,1.0963605478760394,1.0968486921697815,1.095754607168387,1.0964139458755118,1072.0
2024-09-04 03:00:00+00:00,1.0966436601924543,1.096940509623299,1.0963464760633166,1.096746136628408,1116.0
2024-09-04 04:00:00+00:00,1.0965650784358232,1.096728627255256,1.0962248217074335,1.096420183913367,1049.0
2024-09-04 05:00:00+00:00,1.096450135704376,1.0969916011115126,1.0963461572222728,1.0967991405279067,1602.0
2024-09-04 06:00:00+00:00,1.0964938827658577,1.0970278184453928,1.0959058026416313,1.0969463135154056,1326.0
2024-09-04 07:00:00+00:00,1.0967201927878265,1.0969594663112223,1.0964099790163733,1.09683606588279,958.0
2024-09-04 08:00:00+00:00,1.0968097573298337,1.0968307791927387,1.096198036512239,1.0968137616374771,1427.0
2024-09-04 09:00:00+00:00,1.0967721275672384,1.0970472838190088,1.095878318995723,1.096645062971982,1178.0
2024-09-04 10:00:00+00:00,1.0966612908279565,1.0971535580832286,1.0961824123307924,1.0968061332087111,824.0
2024-09-04 11:00:00+00:00,1.0968257491559354,1.0970721867112685,1.0963616089847965,1.0970200790732632,853.0
2024-09-04 12:00:00+00:00,1.096886294693619,1.0970890509189637,1.096023774183814,1.096708594384566,1146.0
2024-09-04 13:00:00+00:00,1.0970392936620896,1.0978713211775133,1.096368611674783,1.0977640571663292,1311.0
2024-09-04 14:00:00+00:00,1.096950200931572,1.09735747643026,1.0963234172456708,1.0965926844068543,1367.0
2024-09-04 15:00:00+00:00,1.0967327986902409,1.09712517886993,1.0962242889036944,1.0966509773460769,1738.0
2024-09-04 16:00:00+00:00,1.0966140327161948,1.0971365480243715,1.096417417502468,1.0968814415012604,1658.0
2024-09-04 17:00:00+00:00,1.0967210947149335,1.0973241756767398,1.0964258831513551,1.096932857988986,1396.0
2024-09-04 18:00:00+00:00,1.096714132802293,1.0973864929433608,1.0962658926634925,1.0972043219253829,1217.0
2024-09-04 19:00:00+00:00,1.097200569928864,1.097590888909739,1.0967084281796635,1.0969350034275618,1531.0
2024-09-04 20:00:00+00:00,1.0973675534556746,1.0978764360965,1.0967886422404842,1.096878980502287,1195.0
2024-09-04 21:00:00+00:00,1.0974208641811238,1.0974927161924868,1.0968427723667968,1.0970491314757795,1303.0
2024-09-04 22:00:00+00:00,1.0974404302634564,1.0980427915816433,1.0968261558461982,1.0974044664663412,1341.0
2024-09-04 23:00:00+00:00,1.0974146352458023,1.0979491980235416,1.097013726867135,1.09792469130353,1212.0
2024-09-05 00:00:00+00:00,1.0974632385026262,1.097965229514697,1.097175136985446,1.0974542637305176,1250.0
2024-09-05 01:00:00+00:00,1.097346975584805,1.0977925359554173,1.0969564621215524,1.097421586823307,910.0
2024-09-05 02:00:00+00:00,1.0973193270287878,1.0976534394629651,1.0969564623884496,1.0971185720148258,944.0
2024-09-05 03:00:00+00:00,1.0973054044521375,1.0979819913180848,1.0968521264808155,1.0979795073911174,601.0
2024-09-05 04:00:00+00:00,1.0972835453774654,1.0978299062857355,1.0966589321210054,1.0977429639999492,1304.0
2024-09-05 05:00:00+00:00,1.097351752344821,1.0976262559849204,1.096204012905472,1.0965230239378825,843.0
2024-09-05 06:00:00+00:00,1.0969503963173932,1.0977530473587045,1.09647537983918,1.096783807364902,935.0
2024-09-05 07:00:00+00:00,1.0972303780595676,1.0975646124566727,1.096975906657557,1.0974918635137945,1108.0
2024-09-05 08:00:00+00:00,1.097083660285607,1.0973881147158606,1.096526017063922,1.0969880168541362,1432.0
2024-09-05 09:00:00+00:00,1.0971196056828705,1.097528003311839,1.0968948786261676,1.0973031417183008,1053.0
2024-09-05 10:00:00+00:00,1.0973869119611377,1.0977186877532266,1.096860348713773,1.0969412368301863,1116.0
2024-09-05 11:00:00+00:00,1.0977084394733907,1.0979808601761216,1.0972301464848673,1.0973668146226951,848.0
2024-09-05 12:00:00+00:00,1.0975557908228748,1.0979989359463262,1.0969741194006792,1.097047939499063,1317.0
2024-09-05 13:00:00+00:00,1.0976335916162787,1.0981630394695716,1.096731727991024,1.0968415965824667,1204.0
2024-09-05 14:00:00+00:00,1.0973669232072425,1.097636020638741,1.096748117930333,1.0969820419111995,1245.0
2024-09-05 15:00:00+00:00,1.0973142028687597,1.0977677501831382,1.0967348413473244,1.0969453615932807,811.0
2024-09-05 16:00:00+00:00,1.0971746973383565,1.0976978017687034,1.0967773768234688,1.096920258724238,836.0
2024-09-05 17:00:00+00:00,1.0971707167546063,1.0975645349186465,1.096876646157369,1.0970099102546924,1230.0
2024-09-05 18:00:00+00:00,1.0972944758227732,1.097587933884421,1.097233130595918,1.0974010526676925,1057.0
2024-09-05 19:00:00+00:00,1.097177833559404,1.0976710487527446,1.0968182487830092,1.0969423955877964,1590.0
2024-09-05 20:00:00+00:00,1.097062396922253,1.0974227474274592,1.096602347668431,1.0967620021092763,829.0
2024-09-05 21:00:00+00:00,1.0971339341737083,1.0974839154409013,1.0966755507699697,1.0970682896964616,1556.0
2024-09-05 22:00:00+00:00,1.0971521353946538,1.0979634300386385,1.0966503839721102,1.0972467545479434,1301.0
2024-09-05 23:00:00+00:00,1.097418445032272,1.097876545382436,1.096475074500912,1.0970844018616874,1319.0
2024-09-06 00:00:00+00:00,1.0969103653801469,1.0975206199406855,1.0960697306577991,1.0968595284552054,1290.0
2024-09-06 01:00:00+00:00,1.0966341966942863,1.0971123749080565,1.0962526694953598,1.097045767205681,1069.0
2024-09-06 02:00:00+00:00,1.0965308470884327,1.0968835138538413,1.09589454473971,1.09641338134721,621.0
2024-09-06 03:00:00+00:00,1.096559690350759,1.0966702429719548,1.0959385571958251,1.096525550326978,934.0
2024-09-06 04:00:00+00:00,1.096133293240086,1.0965132792552688,1.0958521943462711,1.0960335369685636,997.0
2024-09-06 05:00:00+00:00,1.096138198365979,1.096431578921924,1.0957285069866016,1.0961830865287414,1222.0
2024-09-06 06:00:00+00:00,1.0957184224661165,1.0964051416686236,1.0956327192120556,1.0956966311851908,1309.0
2024-09-06 07:00:00+00:00,1.0957339510539363,1.0959506923697,1.095048202605962,1.0955998947750083,585.0
2024-09-06 08:00:00+00:00,1.0955407250556723,1.0958700399638237,1.0950609534562878,1.0953425550646672,1190.0
2024-09-06 09:00:00+00:00,1.095552850339014,1.0961828334478725,1.095219841953425,1.0956249207484592,1173.0
2024-09-06 10:00:00+00:00,1.0954831481037397,1.0961032959476942,1.0948130660351756,1.095482221137411,775.0
2024-09-06 11:00:00+00:00,1.0952388370295585,1.0956500372188254,1.0949829245170482,1.0953231157340548,1098.0
2024-09-06 12:00:00+00:00,1.0952335953861665,1.0955487995052484,1.094722557418811,1.0954775715263358,1528.0
2024-09-06 13:00:00+00:00,1.0949906958927629,1.095919933246971,1.0946516491168783,1.0952458461001058,1203.0
2024-09-06 14:00:00+00:00,1.0951286836066862,1.0957100497230985,1.0949905887431983,1.09528857777891,1525.0
2024-09-06 15:00:00+00:00,1.095288135314093,1.0959575169147195,1.09497959907947,1.0956702542509855,1253.0
2024-09-06 16:00:00+00:00,1.0954011670867652,1.0957091567501935,1.0952523724425685,1.0953999929766591,976.0
2024-09-06 17:00:00+00:00,1.0956110468078026,1.0960698951155303,1.0950302225365751,1.095593452816256,1034.0
2024-09-06 18:00:00+00:00,1.0955148398278087,1.0960573735610832,1.0951348019089246,1.0954565668947969,1175.0
2024-09-06 19:00:00+00:00,1.0955541290291642,1.0962032841754608,1.0952201173027512,1.0957907160745006,1127.0
2024-09-06 20:00:00+00:00,1.0958752023684932,1.0961341536222526,1.0951188079147218,1.0958447528501722,1191.0
2024-09-06 21:00:00+00:00,1.0959694234888335,1.0962020612166874,1.0952335619891658,1.09539847374002,1260.0
2024-09-06 22:00:00+00:00,1.095724057349612,1.0963769469179665,1.0953182172125429,1.0957093729252123,1068.0
2024-09-06 23:00:00+00:00,1.0958837923536595,1.0963480051262202,1.095119724948303,1.0960287214469082,1080.0
2024-09-07 00:00:00+00:00,1.095887408969071,1.0966058627772075,1.0955850977455863,1.0958794213690632,1238.0
2024-09-07 01:00:00+00:00,1.096076523363028,1.0964547542943086,1.0957536881244974,1.095948266791134,1242.0
2024-09-07 02:00:00+00:00,1.0961318415251615,1.0964360661636383,1.095902343455203,1.096142790664055,1560.0
2024-09-07 03:00:00+00:00,1.0960868687040342,1.0968696319961395,1.0954558349215011,1.095990183280526,1097.0
2024-09-07 04:00:00+00:00,1.0956462255987869,1.0960828325942125,1.0947038599093144,1.0947204704502276,1010.0
2024-09-07 05:00:00+00:00,1.0954200980171316,1.096159749442289,1.0951581949217657,1.0960798672440648,947.0
2024-09-07 06:00:00+00:00,1.0956434931396068,1.0957738414584453,1.0949093814966238,1.0955341972624184,1170.0
2024-09-07 07:00:00+00:00,1.0954010130308325,1.096434403993286,1.0950672708554945,1.096183557449677,1010.0
2024-09-07 08:00:00+00:00,1.0957020806861602,1.096103553818355,1.0947886264223383,1.0960448684585766,1044.0
2024-09-07 09:00:00+00:00,1.0959737492532018,1.0965201689519248,1.095886979153477,1.09593983992705,746.0
2024-09-07 10:00:00+00:00,1.096205895939632,1.096954606914426,1.0954715330371625,1.0961747045058756,1059.0
2024-09-07 11:00:00+00:00,1.09641510961969,1.0966825467843482,1.095837286455026,1.0966220739989163,1298.0
2024-09-07 12:00:00+00:00,1.0964501762316443,1.096916532443834,1.0955298989731217,1.0956765432229012,813.0
2024-09-07 13:00:00+00:00,1.096178081099244,1.0963987120004282,1.0956686282124086,1.0962039798753114,905.0
2024-09-07 14:00:00+00:00,1.0961920786540171,1.0966693236423362,1.0959897928935256,1.096565277336746,874.0
2024-09-07 15:00:00+00:00,1.0962429590347236,1.0966954179306607,1.0960020405699935,1.096076980473753,714.0
2024-09-07 16:00:00+00:00,1.0962889168709182,1.0965492380074195,1.0959516314047242,1.0962576813658302,797.0
2024-09-07 17:00:00+00:00,1.0961364661906865,1.096385029913746,1.0955410677975366,1.0962942067539387,935.0
2024-09-07 18:00:00+00:00,1.0959557073093829,1.0963630672942302,1.0956015728660935,1.0960482887995138,1434.0
2024-09-07 19:00:00+00:00,1.096100436728531,1.0967905857053522,1.0953448846954268,1.0953482974915576,939.0
2024-09-07 20:00:00+00:00,1.0958007764626536,1.0964182847128443,1.0957406773119218,1.096282690285465,718.0
2024-09-07 21:00:00+00:00,1.095874335279056,1.0967803841403656,1.0957813802206926,1.0962330318249789,930.0
2024-09-07 22:00:00+00:00,1.0962909462386723,1.0968942241334874,1.0960292024519551,1.0963311840478864,1340.0
2024-09-07 23:00:00+00:00,1.0961346617522527,1.0966472771804705,1.095932217269735,1.096545753249884,1360.0
2024-09-08 00:00:00+00:00,1.0961325129377884,1.0965399270175176,1.0956722912748111,1.095944577164453,660.0
2024-09-08 01:00:00+00:00,1.0960627726340513,1.096857652285229,1.0957941431162583,1.0964182218370249,811.0
2024-09-08 02:00:00+00:00,1.0959677634489289,1.0965431019940834,1.0956470312422415,1.0957476454649766,1244.0
2024-09-08 03:00:00+00:00,1.0958257836398353,1.0962959485637638,1.0951844030975169,1.0960243041710638,1146.0
2024-09-08 04:00:00+00:00,1.0955522208630282,1.0959567214144277,1.0951370513300562,1.0958797907766058,934.0
2024-09-08 05:00:00+00:00,1.0954931795255665,1.0959509594542851,1.0948932965114515,1.0957790464240678,621.0
2024-09-08 06:00:00+00:00,1.0957566981891242,1.096160054453214,1.095329345641092,1.096086498881628,1136.0
2024-09-08 07:00:00+00:00,1.0957045202578155,1.096037750997976,1.0951683394453475,1.095922819913596,1096.0
2024-09-08 08:00:00+00:00,1.0957499507738773,1.0968345174874448,1.0951208035685336,1.0962264813577625,971.0
2024-09-08 09:00:00+00:00,1.0960170750930704,1.0965937966692552,1.095651437447851,1.0962018383707997,1158.0
2024-09-08 10:00:00+00:00,1.095709137839902,1.0958780609926224,1.094928121978357,1.0955139044225155,767.0
2024-09-08 11:00:00+00:00,1.0955198766476637,1.0962999173270729,1.0953472682104222,1.096038081389315,958.0
2024-09-08 12:00:00+00:00,1.0955959787972491,1.095912280845175,1.095110085268775,1.0953472491899416,989.0
2024-09-08 13:00:00+00:00,1.0957941704719354,1.0958658342176038,1.0950747670822183,1.0953577302859732,1211.0
2024-09-08 14:00:00+00:00,1.095564060763103,1.0958624320788206,1.0951529620159492,1.0955470302909962,1150.0
2024-09-08 15:00:00+00:00,1.0956703000310857,1.095981866577641,1.0951706097798537,1.0956272919066363,1208.0
2024-09-08 16:00:00+00:00,1.0953763732914994,1.0955804316181093,1.094881602990288,1.0950479296447766,1317.0
2024-09-08 17:00:00+00:00,1.0952715172301943,1.0956041628700253,1.0945899679979276,1.0951735179543671,842.0
2024-09-08 18:00:00+00:00,1.095373398135729,1.0958077769636017,1.0949644850593971,1.0954025170716315,1004.0
2024-09-08 19:00:00+00:00,1.0954212897170157,1.0956311453922674,1.0948406809728433,1.0952079348497286,1534.0
2024-09-08 20:00:00+00:00,1.0950311376338768,1.0952145264431463,1.094350020505007,1.0944071262216983,341.0
2024-09-08 21:00:00+00:00,1.0950343722502789,1.0957725059352814,1.0945291365485927,1.0955446605928314,769.0
2024-09-08 22:00:00+00:00,1.0954103041984748,1.0955557620720993,1.0949895034795478,1.095484046394056,1055.0
2024-09-08 23:00:00+00:00,1.0954047893950736,1.0964175620297594,1.0946241159282144,1.0962323854273457,1179.0
2024-09-09 00:00:00+00:00,1.095725367942122,1.0964058535431276,1.0953326905209255,1.0956710818159296,815.0
2024-09-09 01:00:00+00:00,1.0955795642300046,1.09587413749645,1.0951016880744744,1.0957182247490582,780.0
2024-09-09 02:00:00+00:00,1.095503107193528,1.0962482079284752,1.0953726997380262,1.0959800017835648,917.0
2024-09-09 03:00:00+00:00,1.0957874077860372,1.09620770131462,1.0952387175134988,1.0957169673596487,1135.0
2024-09-09 04:00:00+00:00,1.095924407886772,1.0966032631212594,1.0957324713008705,1.0964862709477392,1185.0
2024-09-09 05:00:00+00:00,1.0959887038169591,1.096368036994401,1.0950242064250184,1.0951997167802685,1890.0
2024-09-09 06:00:00+00:00,1.0955546344546352,1.0958788154751269,1.094762251556895,1.0954664802953806,1162.0
2024-09-09 07:00:00+00:00,1.0953795729195552,1.095666558728473,1.0950327329821792,1.0952832402560213,1126.0
2024-09-09 08:00:00+00:00,1.095359374073892,1.096244603221311,1.0948414334387322,1.0949765189943397,807.0
2024-09-09 09:00:00+00:00,1.0950093306511464,1.0953449608993246,1.0946568304598518,1.0951095814729863,1264.0
2024-09-09 10:00:00+00:00,1.0953741537287232,1.0957337253626904,1.0948429667568425,1.0952686373999343,1305.0
2024-09-09 11:00:00+00:00,1.095350071765608,1.096493406049987,1.0947902121589843,1.0950443801536252,1067.0
2024-09-09 12:00:00+00:00,1.0958096689593395,1.0960870945870995,1.0953521046470345,1.0959378947708918,1295.0
2024-09-09 13:00:00+00:00,1.0955365525339955,1.0957589767027986,1.094776398279799,1.0955888059951988,1187.0
2024-09-09 14:00:00+00:00,1.095490885338366,1.0958188405663776,1.095219277475237,1.0954630939212646,1028.0
2024-09-09 15:00:00+00:00,1.0957208936747265,1.0959430718511534,1.0953972090368769,1.09580305989379,1372.0
2024-09-09 16:00:00+00:00,1.0957808608848922,1.0963213910680394,1.0954663082433789,1.0956281863923054,699.0
2024-09-09 17:00:00+00:00,1.0956246937781289,1.0961425794570934,1.0951062342807736,1.0958087655618118,1437.0
2024-09-09 18:00:00+00:00,1.0957396148405378,1.0961706366514323,1.095514774558899,1.0958911495813497,1286.0
2024-09-09 19:00:00+00:00,1.0959641217800098,1.0966527863541642,1.0956072678685085,1.0965126713264028,658.0
2024-09-09 20:00:00+00:00,1.0961327402077874,1.0963160756360977,1.095538210433432,1.0956455967124612,1002.0
2024-09-09 21:00:00+00:00,1.0958993093470577,1.0961999624612988,1.094890246640582,1.095825208547159,1314.0
2024-09-09 22:00:00+00:00,1.0958389929903736,1.0968721130689023,1.0953637605769475,1.0957326548982316,1364.0
2024-09-09 23:00:00+00:00,1.0955369801594588,1.0956208479937022,1.0949466055553647,1.095492026174903,829.0
2024-09-10 00:00:00+00:00,1.0950167109266606,1.0952995758338102,1.094268959776319,1.094348269778799,707.0
2024-09-10 01:00:00+00:00,1.095024618613294,1.095596058936386,1.094792431259996,1.0952739710358823,1485.0
2024-09-10 02:00:00+00:00,1.095263274215872,1.0954077011260754,1.0945923725142204,1.0951198270234774,1255.0
2024-09-10 03:00:00+00:00,1.09504687394073,1.0955806851893868,1.094531008740212,1.095447298026451,1148.0
2024-09-10 04:00:00+00:00,1.0948686726391137,1.0957033198279298,1.0943328635053806,1.0955073936786175,1246.0
2024-09-10 05:00:00+00:00,1.0949047386888366,1.0950261029295871,1.09414486008417,1.094999040290051,941.0
2024-09-10 06:00:00+00:00,1.094591872181025,1.0950787131833215,1.0941644645938724,1.094914527027281,700.0
2024-09-10 07:00:00+00:00,1.0948929235219664,1.09538190066512,1.0942839541417446,1.0951865687113438,987.0
2024-09-10 08:00:00+00:00,1.0952578747006574,1.0953529237821162,1.0945222462561657,1.095073863347393,703.0
2024-09-10 09:00:00+00:00,1.0949856174801322,1.0953103233347323,1.0941426542641646,1.0951559618762396,1302.0
2024-09-10 10:00:00+00:00,1.095011185920709,1.09564406606375,1.0941796472749858,1.0954871326402436,1295.0
2024-09-10 11:00:00+00:00,1.094938785399797,1.0957068529738196,1.0945280005281166,1.0945847943111555,1053.0
2024-09-10 12:00:00+00:00,1.0953527007144093,1.0959773257772705,1.0951802780051332,1.0958357498735685,1293.0
2024-09-10 13:00:00+00:00,1.095443408035759,1.0959847071878976,1.0950928500067691,1.0954428322791545,878.0
2024-09-10 14:00:00+00:00,1.095295166187406,1.095531236817272,1.0945994034805728,1.094753026331499,1118.0
2024-09-10 15:00:00+00:00,1.0950915588068868,1.0957030603052225,1.094756757809997,1.0948585329881384,883.0
2024-09-10 16:00:00+00:00,1.0948555120295158,1.0954662843626146,1.094403642866336,1.0949802196528369,1368.0
2024-09-10 17:00:00+00:00,1.0947887330075323,1.095413076201181,1.0942364434836054,1.0951224767456889,1195.0
2024-09-10 18:00:00+00:00,1.0946882662877615,1.095475325952606,1.094626669035689,1.0953385116248,1155.0
2024-09-10 19:00:00+00:00,1.0950195473014357,1.0953081247751772,1.0942307215873015,1.0943080131878025,1284.0
2024-09-10 20:00:00+00:00,1.0948792907384428,1.0951229813618213,1.0943656978934135,1.094874397756738,1432.0
2024-09-10 21:00:00+00:00,1.094721242770153,1.095233238276479,1.0945924636767714,1.0949315000201605,1058.0
2024-09-10 22:00:00+00:00,1.094697063483153,1.09495208885091,1.0938216017477338,1.0947378869171578,1109.0
2024-09-10 23:00:00+00:00,1.0944990705923223,1.0947145946598522,1.093698102791609,1.0939995285943385,1580.0
2024-09-11 00:00:00+00:00,1.094275724847556,1.0947836021883677,1.0942341435808154,1.094592566358048,977.0
2024-09-11 01:00:00+00:00,1.0942729167677152,1.0949187259110402,1.0939124034329557,1.0947056268553492,1338.0
2024-09-11 02:00:00+00:00,1.0947380612938749,1.0948685858898548,1.0942702483634308,1.094534966686592,981.0
2024-09-11 03:00:00+00:00,1.0944546745352204,1.094669464259345,1.093909322718031,1.094167510017556,1329.0
2024-09-11 04:00:00+00:00,1.0942162099380353,1.0947088307868629,1.0938076812247035,1.0939432055385103,1376.0
2024-09-11 05:00:00+00:00,1.0941519892039695,1.0945038135817915,1.0936366254263123,1.0942397740992291,1142.0
2024-09-11 06:00:00+00:00,1.0944430525243274,1.0946276439452356,1.0938547146808169,1.0939309800238382,673.0
2024-09-11 07:00:00+00:00,1.0941925102785892,1.0947863363877526,1.094153817721128,1.0945738794572817,712.0
2024-09-11 08:00:00+00:00,1.0943470135121218,1.0948237093702626,1.0939165095891572,1.0948056988900403,1225.0
2024-09-11 09:00:00+00:00,1.0943359256275382,1.0946495384045252,1.0939665568434478,1.0943620831012129,1255.0
2024-09-11 10:00:00+00:00,1.0942549695895247,1.0949084792126993,1.0934027338199497,1.0941243902364226,1401.0
2024-09-11 11:00:00+00:00,1.0939337550838617,1.0945399424156852,1.0935025599376365,1.094071726623456,772.0
2024-09-11 12:00:00+00:00,1.0945138544008148,1.0947175236533084,1.0940691541213383,1.0944347315968532,1024.0
2024-09-11 13:00:00+00:00,1.0945836611882365,1.094848196705603,1.0943242209408712,1.0946298585130196,693.0
2024-09-11 14:00:00+00:00,1.0945773868206432,1.0950987983764773,1.094130943788857,1.0941762287218102,797.0
2024-09-11 15:00:00+00:00,1.0947508864379802,1.095265989851803,1.0940108041097925,1.0952208182986205,1121.0
2024-09-11 16:00:00+00:00,1.0950481694752363,1.0955997317488195,1.094942541367837,1.0953478407641573,1015.0
2024-09-11 17:00:00+00:00,1.0949891303995891,1.0953740805201937,1.094796147095615,1.094800290719683,1282.0
2024-09-11 18:00:00+00:00,1.0949112138732495,1.0957128277608164,1.0941023966797512,1.0945962219222791,1472.0
2024-09-11 19:00:00+00:00,1.0949337572735502,1.0953940908127775,1.094652493698293,1.0947303542950326,745.0
2024-09-11 20:00:00+00:00,1.0951890093961951,1.0954838349750535,1.0945799826848075,1.0951788181086644,967.0
2024-09-11 21:00:00+00:00,1.0952918196972778,1.0960500808975884,1.0946577023216908,1.0947598243655736,851.0
2024-09-11 22:00:00+00:00,1.0953683811893071,1.0953989640142736,1.0944578523504056,1.0948839168908229,1097.0
2024-09-11 23:00:00+00:00,1.0953208772000826,1.0958355618915017,1.0944802063416472,1.095715613177486,1248.0
2024-09-12 00:00:00+00:00,1.0958407805831756,1.09668024471531,1.0957633766539427,1.096275782161813,803.0
2024-09-12 01:00:00+00:00,1.0961162019073178,1.0964266827593658,1.095656070586419,1.0960041723649183,872.0
2024-09-12 02:00:00+00:00,1.096206892249712,1.0964736424466075,1.095422548628581,1.0957651978884242,698.0
2024-09-12 03:00:00+00:00,1.096472351959749,1.0969557313940532,1.0959422737571984,1.096317627163538,1405.0
2024-09-12 04:00:00+00:00,1.0963825430255991,1.096655522418,1.096239133229584,1.0964110723976053,1674.0
2024-09-12 05:00:00+00:00,1.0962365328960215,1.0965356299313826,1.095682523784837,1.0959112609976438,1040.0
2024-09-12 06:00:00+00:00,1.0961406928972708,1.096627120039949,1.095925007373317,1.0963740048691564,774.0
2024-09-12 07:00:00+00:00,1.0961796638775916,1.0962991533186657,1.095760745899649,1.0958616323107628,1170.0
2024-09-12 08:00:00+00:00,1.0958676449169489,1.096377514418496,1.095548629405629,1.0959280771079354,1114.0
2024-09-12 09:00:00+00:00,1.0958113154174354,1.0960905737943345,1.09540618370707,1.0955673962351922,1125.0
2024-09-12 10:00:00+00:00,1.0956319953373646,1.0961676860972889,1.095042626250002,1.0961581050068323,1131.0
2024-09-12 11:00:00+00:00,1.095769786647719,1.0960878825177218,1.0954597065228735,1.0955700357086346,1092.0
2024-09-12 12:00:00+00:00,1.0956283299799296,1.0964199305764752,1.0954392982359042,1.0961238717515216,1074.0
2024-09-12 13:00:00+00:00,1.09605462022582,1.0968790876512469,1.0958579854839654,1.096214689504056,1312.0
2024-09-12 14:00:00+00:00,1.0960899946366782,1.0961986365968412,1.095700133389114,1.0959813801819385,1686.0
2024-09-12 15:00:00+00:00,1.096109041802653,1.0961572911556476,1.0956005563218258,1.0959539239047034,1123.0
2024-09-12 16:00:00+00:00,1.095802078326685,1.0961927842231012,1.095195566479857,1.0961207396579713,1753.0
2024-09-12 17:00:00+00:00,1.0962102005883274,1.0971729525902931,1.095948769426705,1.0960783483826693,933.0
2024-09-12 18:00:00+00:00,1.0965021185490378,1.0970870494420155,1.0963249586920338,1.0968013367842764,1190.0
2024-09-12 19:00:00+00:00,1.096463859246356,1.096951015692247,1.0956478708471762,1.096105558058428,775.0
2024-09-12 20:00:00+00:00,1.0960953180449418,1.096808218109384,1.0951368834953783,1.095213604013766,876.0
2024-09-12 21:00:00+00:00,1.0961672370482902,1.0967786601555514,1.0957699823164484,1.0957818196065097,1612.0
2024-09-12 22:00:00+00:00,1.0964647691038891,1.096913348681906,1.0960622524157522,1.0966822372387244,1153.0
2024-09-12 23:00:00+00:00,1.0962193518276016,1.0967357182576651,1.0956922936086506,1.0963156062380546,1068.0
2024-09-13 00:00:00+00:00,1.096261834785328,1.096820805501226,1.0958580750455482,1.0961386350612878,759.0
2024-09-13 01:00:00+00:00,1.0957893076521577,1.0962288734682308,1.0952281300779445,1.0960520728441758,791.0
2024-09-13 02:00:00+00:00,1.095885914402585,1.0963568927262048,1.0951736199586122,1.0953715370979604,1385.0
2024-09-13 03:00:00+00:00,1.0960405618591698,1.096361066553467,1.095395989532015,1.0959907460265663,1225.0
2024-09-13 04:00:00+00:00,1.0959565583480988,1.0962320399528755,1.095356160108111,1.0956373073521923,492.0
2024-09-13 05:00:00+00:00,1.0959658029482442,1.0960925354153033,1.0953803791790082,1.0954588361366229,1341.0
2024-09-13 06:00:00+00:00,1.0958679536332805,1.096427773486828,1.0955552634336458,1.0960575817611884,1401.0
2024-09-13 07:00:00+00:00,1.096043699604453,1.0965068926465562,1.0955060496162403,1.095723071291434,1102.0
2024-09-13 08:00:00+00:00,1.0960123678634794,1.0967747033233703,1.0956416483908256,1.0965525600043555,1041.0
2024-09-13 09:00:00+00:00,1.0957230722032414,1.096069737073614,1.0948541197817836,1.0952094939404018,1247.0
2024-09-13 10:00:00+00:00,1.09564036107685,1.0961735927037883,1.0950090248214437,1.0950268373114225,1409.0
2024-09-13 11:00:00+00:00,1.0956297725107724,1.096016259725772,1.0950687634436589,1.0958782991256826,476.0
2024-09-13 12:00:00+00:00,1.0956225094612078,1.0962558331249157,1.0952348087999972,1.0960179511256407,1035.0
2024-09-13 13:00:00+00:00,1.095571058783693,1.09573098596772,1.095289297835956,1.0954466842862096,769.0
2024-09-13 14:00:00+00:00,1.095406438203569,1.095915920246021,1.094717621990232,1.0950558293713086,1285.0
2024-09-13 15:00:00+00:00,1.0952587464579842,1.0959576995131963,1.095050514137197,1.09545634275959,1351.0
2024-09-13 16:00:00+00:00,1.0955454926292651,1.095785962852297,1.0942944274390138,1.095406477677883,801.0
2024-09-13 17:00:00+00:00,1.095470884045508,1.095835408890483,1.0948138551060391,1.0957509654747042,839.0
2024-09-13 18:00:00+00:00,1.0958348017755268,1.0961279513658344,1.095280431168084,1.0953948482911708,1173.0
2024-09-13 19:00:00+00:00,1.0956672901332716,1.096071787073427,1.0951883796727442,1.0958993160203208,705.0
2024-09-13 20:00:00+00:00,1.0956269906913485,1.0960867312201903,1.094984749746578,1.0955851429178067,740.0
2024-09-13 21:00:00+00:00,1.0956844103239127,1.096123648472914,1.0949604323478634,1.095150227620448,1171.0
2024-09-13 22:00:00+00:00,1.0955042868079654,1.095949217257468,1.095049223022183,1.0951518096199797,913.0
2024-09-13 23:00:00+00:00,1.09576436977562,1.0966342294480869,1.0949670378153324,1.0965767362367955,1191.0
2024-09-14 00:00:00+00:00,1.095808944757909,1.0965793639349497,1.0951090232578418,1.0960608758834856,1016.0
2024-09-14 01:00:00+00:00,1.0956494387903744,1.0960284677246497,1.0952035349590283,1.095764971672782,872.0
2024-09-14 02:00:00+00:00,1.0957265840542407,1.0964940157461291,1.095559414027469,1.0959886824176706,1182.0
2024-09-14 03:00:00+00:00,1.095923340333336,1.0963332366313994,1.0954016232662642,1.0961511329164642,770.0
2024-09-14 04:00:00+00:00,1.095892698884675,1.0962935026152951,1.0954239367418457,1.09609626474039,994.0
2024-09-14 05:00:00+00:00,1.0958849322105229,1.096429067732698,1.095042619307508,1.0961048163981757,743.0
2024-09-14 06:00:00+00:00,1.0959590370648622,1.0961103222876485,1.0953990378282832,1.0955268984423914,1286.0
2024-09-14 07:00:00+00:00,1.0958636216453097,1.0963116031091689,1.095451717926971,1.095713009152206,1511.0
2024-09-14 08:00:00+00:00,1.096030619237372,1.096712418660569,1.0958497768085418,1.096528841739293,1138.0
2024-09-14 09:00:00+00:00,1.096154832851577,1.0966852882800069,1.0955160270053126,1.095653313832408,836.0
2024-09-14 10:00:00+00:00,1.0960698210399356,1.0966814475393645,1.095777022858674,1.0961647938583223,1272.0
2024-09-14 11:00:00+00:00,1.0959570711978557,1.0965021445133154,1.095295405399986,1.095888267955213,758.0
2024-09-14 12:00:00+00:00,1.0957035859817252,1.0959967427774782,1.0952986755779954,1.095541768809682,1203.0
2024-09-14 13:00:00+00:00,1.0956334868618478,1.0961856450596243,1.095419945504985,1.0956672844590285,950.0
2024-09-14 14:00:00+00:00,1.095987168861588,1.0963787365318869,1.0958494475981817,1.0963503219093649,651.0
2024-09-14 15:00:00+00:00,1.0964486334897714,1.096820843236018,1.0962564776380774,1.0966530036143736,1057.0
2024-09-14 16:00:00+00:00,1.0966211121423914,1.0969347716164417,1.0962595699300786,1.096609861517048,990.0
2024-09-14 17:00:00+00:00,1.0966804082567074,1.096962147592644,1.096127051262128,1.0966587827385152,1295.0
2024-09-14 18:00:00+00:00,1.096550740529424,1.0967726816526773,1.0960500429438724,1.0966085597935968,1203.0
2024-09-14 19:00:00+00:00,1.0965073569051569,1.0972416259916815,1.0960182547419206,1.0969782759466016,1333.0
2024-09-14 20:00:00+00:00,1.096503291384351,1.097200226896073,1.096233744129058,1.0970380446301549,1185.0
2024-09-14 21:00:00+00:00,1.0969692653203278,1.0976242662108422,1.0963019261932745,1.0973943324743485,1191.0
2024-09-14 22:00:00+00:00,1.097173625312981,1.09765339918237,1.0966585616477256,1.0968446060573451,1148.0
2024-09-14 23:00:00+00:00,1.0967612959705582,1.0972524041097522,1.096056975787706,1.0969421327319877,943.0
2024-09-15 00:00:00+00:00,1.0965627534084006,1.0967152580038584,1.0958711672756545,1.0964991788828005,1136.0
2024-09-15 01:00:00+00:00,1.096442785687472,1.096664567269934,1.095517140817622,1.096042396315814,1427.0
2024-09-15 02:00:00+00:00,1.0964365625322825,1.0968502357577132,1.0956749604075255,1.0962889007254497,1464.0
2024-09-15 03:00:00+00:00,1.0962842947261515,1.0967402225725666,1.0956377750414814,1.0960280464973524,711.0
2024-09-15 04:00:00+00:00,1.0961002480250717,1.096303381684338,1.0955846044178734,1.09585340013292,1345.0
2024-09-15 05:00:00+00:00,1.0958663166356373,1.0967502766538544,1.095540382969154,1.0963636217536752,1295.0
2024-09-15 06:00:00+00:00,1.0959202156077916,1.096381791256078,1.095704673446782,1.0963277002184488,1026.0
2024-09-15 07:00:00+00:00,1.0959462774065438,1.0968119167814443,1.0950763125413752,1.0964986225284443,1211.0
2024-09-15 08:00:00+00:00,1.0960495282326177,1.0965430793975386,1.0957338769973988,1.096039447924182,1136.0
2024-09-15 09:00:00+00:00,1.0966172625332211,1.0972209604586245,1.0961100014028753,1.0967977602950305,1019.0
2024-09-15 10:00:00+00:00,1.0968188850283096,1.097237195234236,1.096497930781082,1.0970906312460365,820.0
2024-09-15 11:00:00+00:00,1.0967194289244662,1.097015364721569,1.0962517310646305,1.096807273287148,1138.0
2024-09-15 12:00:00+00:00,1.0967211011753186,1.0974152284713377,1.0959793869381729,1.096420041590564,920.0
2024-09-15 13:00:00+00:00,1.0963297042678213,1.0967235012264007,1.0959645509641702,1.096383455407381,1011.0
2024-09-15 14:00:00+00:00,1.0963538773562531,1.0967421284576646,1.095594749923101,1.0966534200297886,1187.0
2024-09-15 15:00:00+00:00,1.096731316809864,1.0972279716313835,1.0961465603570286,1.0971002380088255,998.0
2024-09-15 16:00:00+00:00,1.09671882514882,1.0976905569626576,1.0963909106129155,1.0964473698930193,1108.0
2024-09-15 17:00:00+00:00,1.096950835720549,1.0974089161257805,1.0967829764968258,1.097184754246191,1270.0
2024-09-15 18:00:00+00:00,1.097035948552773,1.0978811472572163,1.0964629723401298,1.0975666529676749,1110.0
2024-09-15 19:00:00+00:00,1.0969841785912855,1.0974177174291164,1.096704793064944,1.0972078428963,1470.0
2024-09-15 20:00:00+00:00,1.0970953828934435,1.0974809112257935,1.096848575165411,1.097096633340441,1100.0
2024-09-15 21:00:00+00:00,1.097357828416362,1.0980106637730471,1.0963516184198765,1.0973961166930424,1369.0
2024-09-15 22:00:00+00:00,1.0972730179877088,1.0975865858561449,1.096654106890282,1.0971799302125076,1453.0
2024-09-15 23:00:00+00:00,1.0973595876996471,1.0978655851223755,1.0964226366782714,1.0974673984406391,1145.0
2024-09-16 00:00:00+00:00,1.0974596244017136,1.0978474737342128,1.0968849730842678,1.097016526337818,760.0
2024-09-16 01:00:00+00:00,1.0973962260018872,1.0979740502620046,1.0965750162037384,1.097645098927517,714.0
2024-09-16 02:00:00+00:00,1.0975335536165571,1.0979933399560726,1.0969474365027283,1.097152311255829,1261.0
2024-09-16 03:00:00+00:00,1.0974957596485757,1.0982000017340818,1.0972919261224352,1.098094904394463,768.0
2024-09-16 04:00:00+00:00,1.0975186318286017,1.098207948804973,1.0973960090088717,1.0979657006207784,1107.0
2024-09-16 05:00:00+00:00,1.0977403171383049,1.0986835389998066,1.097415466431196,1.0983299267749986,1097.0
2024-09-16 06:00:00+00:00,1.0979224914505434,1.0984437674844894,1.0974114620847917,1.0978966954374918,1137.0
2024-09-16 07:00:00+00:00,1.0977731342197328,1.098241248939338,1.0973260890260357,1.0979161017813042,709.0
2024-09-16 08:00:00+00:00,1.097593590461515,1.0978555403202424,1.0973756217953807,1.0974216413060578,1021.0
2024-09-16 09:00:00+00:00,1.097529475351946,1.0982046537621657,1.0970820159717818,1.0971505429262145,1459.0
2024-09-16 10:00:00+00:00,1.0972930073198204,1.0976876385231145,1.0965714058023164,1.0967183459209926,1273.0
2024-09-16 11:00:00+00:00,1.0971190290890869,1.0975111878770476,1.0962006706964664,1.097501216386903,1395.0
2024-09-16 12:00:00+00:00,1.0972128447566327,1.0978493342870137,1.0969615390753922,1.0975401911815443,716.0
2024-09-16 13:00:00+00:00,1.097413356481602,1.0984919592695424,1.0967945514100903,1.0978259974863842,497.0
2024-09-16 14:00:00+00:00,1.097727993676961,1.098007757229794,1.0971097636768934,1.0974416854303473,1168.0
2024-09-16 15:00:00+00:00,1.0976093577702772,1.0982498116822388,1.0972739214105345,1.0976132216847276,1400.0
2024-09-16 16:00:00+00:00,1.0974213629844238,1.0979044473849036,1.0970790176298622,1.097534686767565,1081.0
2024-09-16 17:00:00+00:00,1.0972516840503157,1.0977852373473995,1.096728533413888,1.0967977762918646,837.0
2024-09-16 18:00:00+00:00,1.09723776026411,1.0979314651316974,1.096954186426742,1.0971504208490046,1496.0
2024-09-16 19:00:00+00:00,1.0970519562827166,1.098173757603637,1.0965369451896916,1.0969099686380237,620.0
2024-09-16 20:00:00+00:00,1.0970660781566708,1.0977233744321206,1.0966631164960403,1.0971592228820028,1016.0
2024-09-16 21:00:00+00:00,1.0971438778387876,1.0978330273730277,1.0968339273606855,1.0973338298086772,1370.0
2024-09-16 22:00:00+00:00,1.0973088192151486,1.0976031144302352,1.0971030103666124,1.0972589831136372,968.0
2024-09-16 23:00:00+00:00,1.0972289182765171,1.09759411955751,1.0967922474641203,1.0970577913548762,1112.0
2024-09-17 00:00:00+00:00,1.097371648661257,1.0978938652218715,1.0969904423463357,1.097797572278453,602.0
2024-09-17 01:00:00+00:00,1.0972998035430512,1.0977057811716424,1.0964940106460426,1.0970188358979405,1284.0
2024-09-17 02:00:00+00:00,1.097103839087201,1.0974090794602018,1.096526961097875,1.0965619547910073,1144.0
2024-09-17 03:00:00+00:00,1.0972049368000538,1.0977113274962744,1.0967542325229789,1.09719626664958,930.0
2024-09-17 04:00:00+00:00,1.0972471284639205,1.097472897733858,1.0968072358956231,1.0969789514577526,1241.0
2024-09-17 05:00:00+00:00,1.0968973044148185,1.0974822733076792,1.096342350965967,1.096886279684541,989.0
2024-09-17 06:00:00+00:00,1.0972955125545836,1.0976794979535616,1.096582172085525,1.0967028089224429,1239.0
2024-09-17 07:00:00+00:00,1.0973678739433308,1.0975675300179142,1.0966354806515737,1.096988835685293,1101.0
2024-09-17 08:00:00+00:00,1.097282201415602,1.0976174688788218,1.0968507458552363,1.09707360601412,718.0
2024-09-17 09:00:00+00:00,1.0971904933180647,1.0979571960340138,1.0963880371494543,1.0977993431768274,1040.0
2024-09-17 10:00:00+00:00,1.097035569534368,1.0973761448615909,1.0965789779509891,1.0971364711372795,1047.0
2024-09-17 11:00:00+00:00,1.0970385869668835,1.0975181885308012,1.0966417639489028,1.0967333012002438,929.0
2024-09-17 12:00:00+00:00,1.0968023566092004,1.0968571369449378,1.0961256454625257,1.0964833103875404,1221.0
2024-09-17 13:00:00+00:00,1.0965580519521478,1.096855374776157,1.0962204968661182,1.0966942704567535,837.0
2024-09-17 14:00:00+00:00,1.0968856983138142,1.0975832307186857,1.0962208820967767,1.0966985778100693,1261.0
2024-09-17 15:00:00+00:00,1.096921267347489,1.0978067647623415,1.096469159483465,1.097194626283126,1381.0
2024-09-17 16:00:00+00:00,1.0971740376104353,1.097587964507603,1.0967757688273951,1.0973442835402394,1216.0
2024-09-17 17:00:00+00:00,1.097313364838127,1.097640466403743,1.0970597661587154,1.0975295854198468,1219.0
2024-09-17 18:00:00+00:00,1.097061808587211,1.09744547085291,1.0966373346435272,1.097299076292738,1219.0
2024-09-17 19:00:00+00:00,1.0971811892663434,1.0978669122376192,1.0967030030848413,1.0975867191899162,384.0
2024-09-17 20:00:00+00:00,1.096979810669931,1.0973712283910166,1.096321394900647,1.097000629853252,1103.0
2024-09-17 21:00:00+00:00,1.096763244033048,1.0972213710720988,1.096529061143483,1.09675614439437,1345.0
2024-09-17 22:00:00+00:00,1.096494339333539,1.0972301033536436,1.096052221309383,1.096106074685493,1121.0
2024-09-17 23:00:00+00:00,1.0964225160341086,1.097149354386627,1.0962668901086692,1.0970066269620615,1028.0
2024-09-18 00:00:00+00:00,1.0967005211654373,1.0969589651218723,1.0954134923445955,1.0961850218423748,1071.0
2024-09-18 01:00:00+00:00,1.0966471645857008,1.0975927548732085,1.096238539417375,1.096620555064591,575.0
2024-09-18 02:00:00+00:00,1.0965761506273206,1.097182589503528,1.095905731920089,1.0963647850377294,922.0
2024-09-18 03:00:00+00:00,1.096498680203934,1.0967905469231285,1.0961554301891063,1.0965566842068897,1324.0
2024-09-18 04:00:00+00:00,1.0965168569200072,1.0971152221038445,1.0957251153740302,1.0962504475629462,1007.0
2024-09-18 05:00:00+00:00,1.096471555778719,1.0970057013238197,1.095944008773768,1.096795235988731,1343.0
2024-09-18 06:00:00+00:00,1.096218791071902,1.0970285054310902,1.095809587302783,1.0959376007401718,409.0
2024-09-18 07:00:00+00:00,1.0957992682596245,1.096589488179789,1.095071630715824,1.0962626712237873,1016.0
2024-09-18 08:00:00+00:00,1.095830313043444,1.0964469217139523,1.0956610572784873,1.0958791881174883,987.0
2024-09-18 09:00:00+00:00,1.095819105737338,1.0963032749665298,1.0951906095584314,1.0952619798575414,763.0
2024-09-18 10:00:00+00:00,1.0958987529403854,1.0966007490976573,1.0954437011691125,1.0957488320242967,904.0
2024-09-18 11:00:00+00:00,1.0959933621603373,1.096438091382082,1.095707042991292,1.0957799514786732,970.0
2024-09-18 12:00:00+00:00,1.096162759814855,1.0964947139605228,1.0960459074616091,1.096407830171268,1034.0
2024-09-18 13:00:00+00:00,1.096278274217565,1.0965886328849634,1.0953149557842623,1.095580628580808,1178.0
2024-09-18 14:00:00+00:00,1.0960074065230392,1.0966635751316505,1.0950394275659356,1.0959540644931651,788.0
2024-09-18 15:00:00+00:00,1.0960788072648189,1.0963756844304358,1.0956055538919625,1.096145049481981,1234.0
2024-09-18 16:00:00+00:00,1.0959523912508122,1.096381965019771,1.0955787480020724,1.0962031890592143,1156.0
2024-09-18 17:00:00+00:00,1.095923487819398,1.0963603870227483,1.0950838787454638,1.095233580237157,936.0
2024-09-18 18:00:00+00:00,1.0962101904501107,1.0963751059565092,1.0954249440044657,1.0959648253358063,975.0
2024-09-18 19:00:00+00:00,1.096137279741514,1.0966412489107098,1.0953883392662007,1.09629138601015,1204.0
2024-09-18 20:00:00+00:00,1.0962512127769413,1.0966245871414015,1.0958132842245247,1.0963861800601096,1553.0
2024-09-18 21:00:00+00:00,1.096175039745912,1.0965118908661695,1.0953977489607325,1.095863483144811,1005.0
2024-09-18 22:00:00+00:00,1.0960892470871175,1.0963863371210691,1.0952063256721576,1.0957079452816694,1347.0
2024-09-18 23:00:00+00:00,1.0958921126225294,1.0964128893719896,1.0948181455095083,1.0953045329624034,637.0
2024-09-19 00:00:00+00:00,1.0954389881701942,1.0955635375920414,1.0948652657483915,1.0953046434097649,1401.0
2024-09-19 01:00:00+00:00,1.0956020031133966,1.09620122430491,1.0952738417807566,1.0954133827028625,1154.0
2024-09-19 02:00:00+00:00,1.0956845726349558,1.0960321504846509,1.0950954885180406,1.0955041304415896,1705.0
2024-09-19 03:00:00+00:00,1.0958069489765874,1.0964409808903637,1.0951982377997724,1.096255546991666,1535.0
2024-09-19 04:00:00+00:00,1.0961129136213592,1.0965203969972206,1.095367517498218,1.0959890012962197,1287.0
2024-09-19 05:00:00+00:00,1.0962021857189757,1.0972147758510111,1.0954743497241377,1.0968806861233893,971.0
2024-09-19 06:00:00+00:00,1.0960598486750908,1.0967280954285965,1.0956575405095288,1.096099198432115,759.0
2024-09-19 07:00:00+00:00,1.0961214254882752,1.0965780840633643,1.09523713873926,1.0959351842958336,1171.0
2024-09-19 08:00:00+00:00,1.0959203034650324,1.0963613332456184,1.0955172919209148,1.0962200688353914,1063.0
2024-09-19 09:00:00+00:00,1.0960903059735474,1.096836188933865,1.0956966004638538,1.0966529570930044,845.0
2024-09-19 10:00:00+00:00,1.09604883814014,1.0967547427363755,1.0958512284462585,1.0965741263545086,1021.0
2024-09-19 11:00:00+00:00,1.0963855685928865,1.0964550865048366,1.095683225390811,1.096115079575531,1722.0
2024-09-19 12:00:00+00:00,1.0960009695450497,1.0966926271644248,1.0956673424301289,1.096315895990681,1019.0
2024-09-19 13:00:00+00:00,1.0961672404629772,1.0967509553828838,1.0954443239534373,1.0963929885319654,943.0
2024-09-19 14:00:00+00:00,1.0962944639059342,1.0972376182433865,1.0949868696441434,1.0970603931095948,1246.0
2024-09-19 15:00:00+00:00,1.0965113255117556,1.0973099271730884,1.0956472463838816,1.0957628023493702,1382.0
2024-09-19 16:00:00+00:00,1.0965440783789893,1.0968512935385857,1.096042404213549,1.0964629356523914,911.0
2024-09-19 17:00:00+00:00,1.0967187262467986,1.0974525393590595,1.0962344977882874,1.097199026273893,964.0
2024-09-19 18:00:00+00:00,1.0969842213189545,1.0977950710644406,1.096695224893378,1.096748200482974,1504.0
2024-09-19 19:00:00+00:00,1.096845505557078,1.097570545580048,1.096446734503931,1.0972392976493408,505.0
2024-09-19 20:00:00+00:00,1.0969495683355204,1.0971195052979288,1.0964816704237308,1.0969593547630765,1465.0
2024-09-19 21:00:00+00:00,1.097137228601584,1.0978859928123352,1.0966145518088573,1.0975728393294977,1050.0
2024-09-19 22:00:00+00:00,1.0973024769268536,1.0976763670742342,1.0969517112639002,1.0973848993999815,1438.0
2024-09-19 23:00:00+00:00,1.0974702006064927,1.098591756925625,1.0971359440487207,1.0979943970415178,1270.0
2024-09-20 00:00:00+00:00,1.0977718598816968,1.098078674181567,1.0972806038398275,1.0980202994533996,701.0
2024-09-20 01:00:00+00:00,1.0975259990939792,1.098467963372633,1.0970385142262162,1.0981975778024238,954.0
2024-09-20 02:00:00+00:00,1.0979297623049893,1.098094601688179,1.097395693549847,1.097710310111707,1220.0
2024-09-20 03:00:00+00:00,1.09788820143119,1.0982585002105418,1.0972981140609006,1.09812693213328,906.0
2024-09-20 04:00:00+00:00,1.0978519390424002,1.0985216908690547,1.0973888264791032,1.0974879119208154,1653.0
2024-09-20 05:00:00+00:00,1.097811031162808,1.098045265307282,1.09742117219498,1.0976366290258055,1175.0
2024-09-20 06:00:00+00:00,1.0975381653086256,1.0978150621302452,1.0966392521429027,1.0973370170936902,1294.0
2024-09-20 07:00:00+00:00,1.0974051285875417,1.0982972872402772,1.096665434676448,1.098133609770637,1053.0
2024-09-20 08:00:00+00:00,1.097740045540098,1.0982169726176862,1.096929150171753,1.0978359934755315,629.0
2024-09-20 09:00:00+00:00,1.0976146049632776,1.098057253001218,1.0971890525274577,1.0976974003626931,1349.0
2024-09-20 10:00:00+00:00,1.097555197263507,1.0983453101088816,1.097259255184043,1.0982763442332466,1058.0
2024-09-20 11:00:00+00:00,1.097515432677799,1.0978433486839407,1.097046246595904,1.0975688062148792,1077.0
2024-09-20 12:00:00+00:00,1.0976873994658742,1.0988138089029806,1.0972606014317006,1.0977958395273104,958.0
2024-09-20 13:00:00+00:00,1.0978065110975874,1.097991748306754,1.0971134454819442,1.0975690731856658,855.0
2024-09-20 14:00:00+00:00,1.0978222489287084,1.098349109593875,1.0970436868382658,1.0971523117932378,697.0
2024-09-20 15:00:00+00:00,1.0978162943458964,1.0982368143838153,1.096866137517317,1.0970481042844251,1199.0
2024-09-20 16:00:00+00:00,1.0977498714635363,1.0982444734845822,1.0972495083038436,1.0976687545040815,1402.0
2024-09-20 17:00:00+00:00,1.097902082234167,1.0983176471639575,1.0972169630645228,1.097688497891904,1241.0
2024-09-20 18:00:00+00:00,1.0979127698770612,1.0982402903730422,1.0973084339524173,1.0979674063713971,935.0
2024-09-20 19:00:00+00:00,1.0980970295062251,1.0982485280214305,1.097703649552455,1.0980616481615,1107.0
2024-09-20 20:00:00+00:00,1.097856403090519,1.0984305005174362,1.096868823148988,1.0972240132807158,1403.0
2024-09-20 21:00:00+00:00,1.0977540968071244,1.0981355119277516,1.0971905162123452,1.0973136126467975,1433.0
2024-09-20 22:00:00+00:00,1.0975285028490245,1.0981935392988276,1.0970301662061248,1.0975923442667042,1618.0
2024-09-20 23:00:00+00:00,1.0974896596369206,1.098681614469304,1.0968783354167664,1.097990924486561,1429.0
2024-09-21 00:00:00+00:00,1.098203042207277,1.0991679887361885,1.097179963820896,1.097401676738972,1006.0
2024-09-21 01:00:00+00:00,1.0983120139773055,1.0987204633847716,1.0980225189289696,1.098029728134101,1358.0
2024-09-21 02:00:00+00:00,1.0982058279533975,1.0986664146574496,1.0976241984963804,1.098147673549004,754.0
2024-09-21 03:00:00+00:00,1.0983303805428806,1.099267882411061,1.097589623341818,1.0987542852419112,1669.0
2024-09-21 04:00:00+00:00,1.0983993186769712,1.0990199580214586,1.0977776296187771,1.0986966890544227,1223.0
2024-09-21 05:00:00+00:00,1.0983871610811358,1.0988902397857387,1.0976740024947564,1.098662519730633,1016.0
2024-09-21 06:00:00+00:00,1.098181897158004,1.0987769267286025,1.0971988316433363,1.0973879520830152,933.0
2024-09-21 07:00:00+00:00,1.0978498880815069,1.098724803495838,1.097166003887959,1.097255598851489,1237.0
2024-09-21 08:00:00+00:00,1.0977815436369722,1.0984051697680004,1.0967501944974904,1.097534844285508,1519.0
2024-09-21 09:00:00+00:00,1.0978438547420997,1.098548020721376,1.0976916271692223,1.0980994466369405,1252.0
2024-09-21 10:00:00+00:00,1.0980023622863897,1.0983786713125288,1.097867950280836,1.098125004574137,1191.0
2024-09-21 11:00:00+00:00,1.0980069697735353,1.0984916381979186,1.0967045815466068,1.0982103912559265,1165.0
2024-09-21 12:00:00+00:00,1.0980815825182209,1.0986313898020204,1.0977671471514854,1.097992092301353,1016.0
2024-09-21 13:00:00+00:00,1.0981815568134947,1.099223920174088,1.0979610346095117,1.099139232305297,1107.0
2024-09-21 14:00:00+00:00,1.0982079950682042,1.0986747981977392,1.0975390218632315,1.0986049121935757,1458.0
2024-09-21 15:00:00+00:00,1.0982489061885847,1.0989799397424165,1.0974653999591215,1.0985627481764069,889.0
2024-09-21 16:00:00+00:00,1.0982404712855542,1.0986986497127091,1.0978427695985389,1.098517770354682,1489.0
2024-09-21 17:00:00+00:00,1.0984176396116423,1.0993969685667906,1.097886304972142,1.0991717736053936,1003.0
2024-09-21 18:00:00+00:00,1.09839910799616,1.0989150408049562,1.0975013379666594,1.0987149943790275,1551.0
2024-09-21 19:00:00+00:00,1.0986066203623532,1.0988716032950778,1.0981005807401356,1.0984316704146997,940.0
2024-09-21 20:00:00+00:00,1.0985481199900589,1.0992877811507276,1.098082477780041,1.0989293421572757,835.0
2024-09-21 21:00:00+00:00,1.0987615780282116,1.0993719771022523,1.0982731291435472,1.0989527671233144,1303.0
2024-09-21 22:00:00+00:00,1.0988969463574203,1.0993021523367688,1.0987014621659406,1.0989369625706695,959.0
2024-09-21 23:00:00+00:00,1.0990116669342949,1.100113545799955,1.098735062170942,1.0999958843108342,915.0
2024-09-22 00:00:00+00:00,1.0990015941815858,1.1002507664194936,1.098667909060529,1.100136417514417,920.0
2024-09-22 01:00:00+00:00,1.0992850225601138,1.0995965487275263,1.0987968670629191,1.098888148969468,831.0
2024-09-22 02:00:00+00:00,1.099186675828459,1.0997803583139183,1.098812083182967,1.0990996269413416,988.0
2024-09-22 03:00:00+00:00,1.0990144836519935,1.0997263619012303,1.098627016650346,1.0995179966866817,546.0
2024-09-22 04:00:00+00:00,1.0991809462026312,1.100090884234424,1.097947711823414,1.0999144996929335,1590.0
2024-09-22 05:00:00+00:00,1.0991276153200025,1.099884657480206,1.0985124404934823,1.0995302756384782,1159.0
2024-09-22 06:00:00+00:00,1.0994794787333435,1.1003918190294002,1.0991470661993876,1.099408166291252,1776.0
2024-09-22 07:00:00+00:00,1.0997646382397404,1.1004140927701684,1.0992702290432632,1.0996292858555925,1198.0
2024-09-22 08:00:00+00:00,1.1000623085033363,1.1004451942937503,1.0993512890947303,1.1004428242594892,650.0
2024-09-22 09:00:00+00:00,1.1002053809965309,1.1009428045682026,1.0998256901448238,1.09984098737117,939.0
2024-09-22 10:00:00+00:00,1.100402535756912,1.10100176203035,1.0999884979318564,1.1009673526406525,1446.0
2024-09-22 11:00:00+00:00,1.100519983626958,1.1009794160005315,1.1003428822211858,1.1007515413207858,1288.0
2024-09-22 12:00:00+00:00,1.1005492687329763,1.101225553066173,1.0998635842310218,1.1009765128513007,1192.0
2024-09-22 13:00:00+00:00,1.1005580344276245,1.1010523232078733,1.099576583695799,1.101019152349718,1025.0
2024-09-22 14:00:00+00:00,1.0999228052607046,1.1009129565213145,1.0994839760657855,1.0998276370400386,1321.0
2024-09-22 15:00:00+00:00,1.0996498066975329,1.099917059558057,1.0993346783730535,1.099431566389819,887.0
2024-09-22 16:00:00+00:00,1.0999193534144538,1.100454784314937,1.0995491677231064,1.1000429915434933,1429.0
2024-09-22 17:00:00+00:00,1.1000198772851533,1.1004561331962477,1.0994730906253536,1.0999850258402302,919.0
2024-09-22 18:00:00+00:00,1.1000877292091356,1.1012165156999754,1.0995491644060835,1.0999495591057091,1272.0
2024-09-22 19:00:00+00:00,1.100126540409886,1.1013610274311032,1.0998418338209428,1.1002285912421532,992.0
2024-09-22 20:00:00+00:00,1.0999539591375858,1.1001635336753954,1.099152727986807,1.0997647963262258,1018.0
2024-09-22 21:00:00+00:00,1.0997056111093404,1.100621649604491,1.0994755373811198,1.1004446786893844,1575.0
2024-09-22 22:00:00+00:00,1.099668863055561,1.1004257357924054,1.0990909550711596,1.0997951489462103,932.0
2024-09-22 23:00:00+00:00,1.099581140080344,1.1001625182335115,1.0992108061074122,1.0994954900133964,1347.0
2024-09-23 00:00:00+00:00,1.0994687378253296,1.100317382661992,1.0992864318539537,1.1000414913159933,915.0
2024-09-23 01:00:00+00:00,1.0997016271706546,1.1004625786647728,1.0993395758435247,1.1000079397722913,1375.0
2024-09-23 02:00:00+00:00,1.0997771776337226,1.100444417709862,1.0993458339082405,1.0996628354865343,986.0
2024-09-23 03:00:00+00:00,1.0995090023372418,1.100569236056499,1.0983090612339077,1.100149513452573,1003.0
2024-09-23 04:00:00+00:00,1.0997336296574023,1.1004855509440017,1.0995371321913685,1.1003278004218198,1328.0
2024-09-23 05:00:00+00:00,1.0997378529962372,1.1004816891991445,1.0992307907776575,1.1002614896253724,1064.0
2024-09-23 06:00:00+00:00,1.0995916355595452,1.0999418329310433,1.098963778065565,1.0991183395355864,1138.0
2024-09-23 07:00:00+00:00,1.0995201766862135,1.10032125379908,1.0994007706270668,1.0996063152694555,1430.0
2024-09-23 08:00:00+00:00,1.0998658425895211,1.1003566314463686,1.099577305439202,1.0997553104369882,1208.0
2024-09-23 09:00:00+00:00,1.0998141110633863,1.1003227070508743,1.0993358943916527,1.0997677778819148,1247.0
2024-09-23 10:00:00+00:00,1.099406340978716,1.0997367556296416,1.0986412932140044,1.0994681683083007,1303.0
2024-09-23 11:00:00+00:00,1.0994083951737237,1.099987024302828,1.0990173796214944,1.0991272129930705,615.0
2024-09-23 12:00:00+00:00,1.098996056776742,1.0993241633072972,1.097785646325449,1.0983829767058946,986.0
2024-09-23 13:00:00+00:00,1.0986742974543235,1.0991358762057557,1.0982323202505446,1.0990262716185462,1185.0
2024-09-23 14:00:00+00:00,1.0988114634965742,1.099517950672008,1.097706500059041,1.098031019001482,827.0
2024-09-23 15:00:00+00:00,1.0987119810067612,1.100325443259818,1.0985056949415852,1.1001281568792949,971.0
2024-09-23 16:00:00+00:00,1.0987869590930412,1.099343651963993,1.0978018897571804,1.0990315256986312,867.0
2024-09-23 17:00:00+00:00,1.0988858170982396,1.0993441256409249,1.098522289879186,1.0988842127253156,968.0
2024-09-23 18:00:00+00:00,1.098824367635279,1.0999334162500416,1.0983900713903172,1.0988363323934625,825.0
2024-09-23 19:00:00+00:00,1.098706103796428,1.0989618349791133,1.098104633036735,1.0983340941720985,1105.0
2024-09-23 20:00:00+00:00,1.0985613964245933,1.0989042795329036,1.0975262751089354,1.098771468763296,1296.0
2024-09-23 21:00:00+00:00,1.0988259015154291,1.0998722218246253,1.0981525136835977,1.099365266339273,1330.0
2024-09-23 22:00:00+00:00,1.0987232910735023,1.0995170447215554,1.0980515795717074,1.099400684193408,1263.0
2024-09-23 23:00:00+00:00,1.0986549532863878,1.0990833390978594,1.0980677005556323,1.0988424127716978,617.0
2024-09-24 00:00:00+00:00,1.0985160030372376,1.0997715646676494,1.098177315350905,1.099746154735504,1008.0
2024-09-24 01:00:00+00:00,1.098515261637785,1.0995809032808108,1.0982470493773069,1.0991721168485105,1304.0
2024-09-24 02:00:00+00:00,1.0989974918728704,1.0999838016896788,1.098726054010033,1.0998040010239558,1465.0
2024-09-24 03:00:00+00:00,1.0990958426734398,1.099497323640776,1.0986103159928455,1.099214387383683,795.0
2024-09-24 04:00:00+00:00,1.0992538955533528,1.0996355685421726,1.098764979360917,1.0995067180647378,1235.0
2024-09-24 05:00:00+00:00,1.0991444342235162,1.1000102757236956,1.0988556208574187,1.099007825667227,877.0
2024-09-24 06:00:00+00:00,1.0992047714710702,1.100009862220003,1.0983255869760469,1.0999887446256276,890.0
2024-09-24 07:00:00+00:00,1.099270757796892,1.099718439990194,1.0986643057216878,1.0990332284232296,1058.0
2024-09-24 08:00:00+00:00,1.0993891502125184,1.100011670196958,1.0988144591257802,1.098907726658486,1144.0
2024-09-24 09:00:00+00:00,1.0995846374617764,1.1009126165521623,1.099024031389523,1.1005820854657704,1156.0
2024-09-24 10:00:00+00:00,1.0996487342838597,1.1000098944870889,1.0991384565147462,1.0992385914067069,917.0
2024-09-24 11:00:00+00:00,1.099609803153614,1.1000043398966608,1.0991824933730616,1.09941613365754,902.0
2024-09-24 12:00:00+00:00,1.0993740663541738,1.100448274471686,1.098803287435959,1.100085470578232,1269.0
2024-09-24 13:00:00+00:00,1.0994675433259575,1.1000917110694186,1.098968787778782,1.0998255616023178,1409.0
2024-09-24 14:00:00+00:00,1.0995030044665302,1.099949077738292,1.098540210060397,1.0991636539009642,1219.0
2024-09-24 15:00:00+00:00,1.0989891119371418,1.0998432990232083,1.0985061663437488,1.0993766224519037,1355.0
2024-09-24 16:00:00+00:00,1.0992887321714166,1.0995345094648172,1.0987303836984472,1.099348587298106,1527.0
2024-09-24 17:00:00+00:00,1.0994028286630753,1.0998885004087915,1.0991152754747315,1.0992446253265291,1114.0
2024-09-24 18:00:00+00:00,1.0990991074518115,1.0995346691727523,1.0985162096960317,1.0986059469292793,1202.0
2024-09-24 19:00:00+00:00,1.099328472213793,1.0996209820584724,1.0983602382451554,1.0994227393094314,1564.0
2024-09-24 20:00:00+00:00,1.0993275641314824,1.1002984677140244,1.0988626820343717,1.0995283890419876,816.0
2024-09-24 21:00:00+00:00,1.0993839058589954,1.1001124392250257,1.0989333407836088,1.0992113520339128,910.0
2024-09-24 22:00:00+00:00,1.0995601166772468,1.100673730065534,1.0992286289300282,1.0995847928761728,1289.0
2024-09-24 23:00:00+00:00,1.099304609546116,1.099860967389724,1.0986009027880144,1.0996940874172298,1308.0
2024-09-25 00:00:00+00:00,1.0994798997708386,1.1006361203031854,1.0980143604798251,1.0992607309767697,829.0
2024-09-25 01:00:00+00:00,1.0994569261000482,1.1004490312399176,1.0989974216731595,1.1000988173503647,604.0
2024-09-25 02:00:00+00:00,1.0993910436298928,1.1004070590386636,1.0986240693642149,1.09975461455472,1360.0
2024-09-25 03:00:00+00:00,1.0992847204446063,1.0997477085120153,1.0986886188325569,1.098799182682508,1502.0
2024-09-25 04:00:00+00:00,1.099280307712487,1.0996637824493212,1.0982401429062434,1.099352914137688,1130.0
2024-09-25 05:00:00+00:00,1.0994242710511937,1.1001076923278883,1.0988359956649192,1.099045952552731,786.0
2024-09-25 06:00:00+00:00,1.0995093025296236,1.10041243098983,1.0992349341569352,1.0996777086144984,1235.0
2024-09-25 07:00:00+00:00,1.0993441127248629,1.100056167693044,1.098915305699233,1.0997119095111212,1257.0
2024-09-25 08:00:00+00:00,1.099299398604763,1.099746221921342,1.0986530687755238,1.099173334094179,991.0
2024-09-25 09:00:00+00:00,1.0994129161023989,1.100731980744961,1.0992098823683558,1.1005322006586076,1103.0
2024-09-25 10:00:00+00:00,1.1000317694913289,1.10035930593388,1.099328020146347,1.099601280954833,1725.0
2024-09-25 11:00:00+00:00,1.1003108390372092,1.1012556508212503,1.0995366628701784,1.100843752718476,1335.0
2024-09-25 12:00:00+00:00,1.1002991373313624,1.1010212036440334,1.0994986119496055,1.0998774621404075,735.0
2024-09-25 13:00:00+00:00,1.100374989966699,1.1012024037280137,1.099173972046499,1.1011973454299229,1136.0
2024-09-25 14:00:00+00:00,1.1005636741583562,1.1010479249309748,1.1000657786924222,1.100285083274359,1542.0
2024-09-25 15:00:00+00:00,1.1006345260575798,1.102115713794248,1.0991864657704395,1.100337427185368,1119.0
2024-09-25 16:00:00+00:00,1.100397160216546,1.1013506304807232,1.0993551891173203,1.1012766798633489,1085.0
2024-09-25 17:00:00+00:00,1.1006276660930503,1.101457336480975,1.1002622302871514,1.100959602307244,787.0
2024-09-25 18:00:00+00:00,1.1007706780004207,1.1012380566569768,1.1000300483311352,1.1003329874691836,848.0
2024-09-25 19:00:00+00:00,1.100877435761365,1.1016156498201088,1.100307989950738,1.1010220436223233,1216.0
2024-09-25 20:00:00+00:00,1.1010050296140337,1.1013330302981448,1.100374698615537,1.10043096653663,957.0
2024-09-25 21:00:00+00:00,1.10088765077775,1.1017784486094853,1.1002420997196118,1.100777254718595,1252.0
2024-09-25 22:00:00+00:00,1.100823801664018,1.101292758979834,1.1005023291782123,1.1011574805009914,1092.0
2024-09-25 23:00:00+00:00,1.100920808357835,1.101713391278578,1.1000135518611338,1.1002922044673458,913.0
2024-09-26 00:00:00+00:00,1.1008971167581392,1.1013652543982655,1.100381257754334,1.1011693049306397,1166.0
2024-09-26 01:00:00+00:00,1.101294815786982,1.1021228105321204,1.1007321757952022,1.1016782061866437,1292.0
2024-09-26 02:00:00+00:00,1.101167012483694,1.1014668060299655,1.1007049593978169,1.1013658767535697,1412.0
2024-09-26 03:00:00+00:00,1.1011159280563267,1.1024432385820535,1.10098559043801,1.1010120711911908,1237.0
2024-09-26 04:00:00+00:00,1.1014203101746145,1.1022244749738133,1.100718519381949,1.1019615493248045,1053.0
2024-09-26 05:00:00+00:00,1.1013501138196398,1.101808511938779,1.100469646007178,1.1011878516015126,1166.0
2024-09-26 06:00:00+00:00,1.1009419996233476,1.1022893395635012,1.100352474378118,1.102018130470579,1228.0
2024-09-26 07:00:00+00:00,1.1009748049774974,1.101547652532748,1.0999830317647905,1.1001310558930888,1006.0
2024-09-26 08:00:00+00:00,1.101162747840864,1.1017094166891128,1.100266721962071,1.100954147479274,1345.0
2024-09-26 09:00:00+00:00,1.1011694643563454,1.1014219426508352,1.1002669361562396,1.1007597673348806,1333.0
2024-09-26 10:00:00+00:00,1.10124082926144,1.1019496427670032,1.100643477812839,1.1016018038905138,948.0
2024-09-26 11:00:00+00:00,1.1013160244422229,1.1015208648293369,1.1005103889807475,1.1013734111857847,1333.0
2024-09-26 12:00:00+00:00,1.1014315592585004,1.102896371738185,1.1011764328733171,1.1026260344791747,909.0
2024-09-26 13:00:00+00:00,1.1017403151676408,1.1022026015595634,1.10071238229136,1.1021864066261873,1305.0
2024-09-26 14:00:00+00:00,1.10148714794626,1.1020500898990824,1.1006949716063976,1.1010529272995595,1298.0
2024-09-26 15:00:00+00:00,1.1014746817445316,1.102562550150128,1.1007393387964208,1.1020908920497436,836.0
2024-09-26 16:00:00+00:00,1.1014773902651342,1.1023085529254326,1.101219813613899,1.101510271471909,686.0
2024-09-26 17:00:00+00:00,1.1014208283802718,1.101747370998119,1.1005974049109624,1.1010308656506005,1528.0
2024-09-26 18:00:00+00:00,1.1014412574362598,1.101715450320207,1.1006605636619056,1.100764469901902,1392.0
2024-09-26 19:00:00+00:00,1.1012639494231955,1.1017949238529667,1.100383302293071,1.1011421886075097,892.0
2024-09-26 20:00:00+00:00,1.1010738665693738,1.101605949781601,1.1001631552254532,1.1010023890453964,1508.0
2024-09-26 21:00:00+00:00,1.101161380320709,1.102112244526407,1.10041321784203,1.10074890472244,885.0
2024-09-26 22:00:00+00:00,1.1011613736512855,1.1017549411210428,1.100707650458723,1.1014571296535325,1419.0
2024-09-26 23:00:00+00:00,1.101176730304246,1.1018777796017496,1.100423403744646,1.1015383302406343,1123.0
2024-09-27 00:00:00+00:00,1.101311865234623,1.1020321781281035,1.1004361982139603,1.1007124599356666,989.0
2024-09-27 01:00:00+00:00,1.101137787228761,1.1014477539256131,1.1003188447761965,1.100539998060961,884.0
2024-09-27 02:00:00+00:00,1.1011505368530092,1.1017888100253468,1.1002921026483092,1.1011850321193242,1443.0
2024-09-27 03:00:00+00:00,1.101161760171499,1.1018928771108445,1.1004409401364892,1.101602262750223,475.0
2024-09-27 04:00:00+00:00,1.1009911954312102,1.102084151917904,1.100613576683871,1.1011993955789414,1178.0
2024-09-27 05:00:00+00:00,1.1010441333105128,1.10138026883327,1.1002879566214472,1.100816837206251,722.0
2024-09-27 06:00:00+00:00,1.1010793055269896,1.1013691925364943,1.100546571225215,1.1009057538414488,1189.0
2024-09-27 07:00:00+00:00,1.1010366151073914,1.1016227404615178,1.1002441332634378,1.100837203836092,1181.0
2024-09-27 08:00:00+00:00,1.100947364342843,1.1014929563675206,1.1002544219602173,1.1010796283311506,761.0
2024-09-27 09:00:00+00:00,1.101212687064871,1.1021939539518475,1.100466487995825,1.1021680720213978,1000.0
2024-09-27 10:00:00+00:00,1.101300181211648,1.1020359966576787,1.1009561426057557,1.1013788952339238,1629.0
2024-09-27 11:00:00+00:00,1.101257492799092,1.1022060681235064,1.100793842183098,1.1014795620568885,1026.0
2024-09-27 12:00:00+00:00,1.1012423072272022,1.1021133707709645,1.101042734144559,1.1015393115612122,811.0
2024-09-27 13:00:00+00:00,1.1015535988737637,1.1024443290993522,1.1013414791471978,1.1015705602507504,1034.0
2024-09-27 14:00:00+00:00,1.101545808701817,1.1026451507295238,1.1009314173136715,1.1021859990231102,1136.0
2024-09-27 15:00:00+00:00,1.1014876305169323,1.1028299773966517,1.1011181473787364,1.102310338588599,1219.0
2024-09-27 16:00:00+00:00,1.1016409518978825,1.102959958418699,1.1013753869824197,1.1028810287864632,975.0
2024-09-27 17:00:00+00:00,1.1015875362816123,1.103019029339139,1.100851663648715,1.1019730975148094,851.0
2024-09-27 18:00:00+00:00,1.1017538924015604,1.102923175558869,1.1014303952351912,1.102849011315755,809.0
2024-09-27 19:00:00+00:00,1.1014599364423925,1.101845633275893,1.1008135634504013,1.1016938645413803,1079.0
2024-09-27 20:00:00+00:00,1.101455655167145,1.102484824389299,1.1011054513535663,1.1023646244493344,1482.0
2024-09-27 21:00:00+00:00,1.101238034404651,1.102426536124897,1.1009376049457986,1.1016400194961318,590.0
2024-09-27 22:00:00+00:00,1.1016492506662436,1.1023255208342824,1.1008768762991177,1.1016226297576472,971.0
2024-09-27 23:00:00+00:00,1.101896171948496,1.1022951183145635,1.1008118491158625,1.101997147084396,1432.0
2024-09-28 00:00:00+00:00,1.1017081615314794,1.1022422809312546,1.1004652762090006,1.10199284318558,1326.0
2024-09-28 01:00:00+00:00,1.1019947106306915,1.1026129640809217,1.101182706831063,1.1016097893220504,830.0
2024-09-28 02:00:00+00:00,1.1018205237929637,1.1031039084522087,1.1011540410720524,1.1015629233506097,1011.0
2024-09-28 03:00:00+00:00,1.101909869871386,1.10332166306933,1.1011829627233087,1.1025621230278049,1154.0
2024-09-28 04:00:00+00:00,1.102202904553932,1.1029515831302,1.1010022210522417,1.102820554465959,973.0
2024-09-28 05:00:00+00:00,1.1021634831492957,1.102994183929604,1.1013091838533058,1.10174882709016,1054.0
2024-09-28 06:00:00+00:00,1.1023971025477053,1.1030050821747994,1.1019210795452117,1.102078832813542,1184.0
2024-09-28 07:00:00+00:00,1.1022464216147585,1.1030936104554256,1.1020146400504292,1.102929795968544,1005.0
2024-09-28 08:00:00+00:00,1.10240703762684,1.1026726356933445,1.1008979354568116,1.101493321701684,1032.0
2024-09-28 09:00:00+00:00,1.1021546760868572,1.1030104291566063,1.1016960099269837,1.1024403970887928,834.0
2024-09-28 10:00:00+00:00,1.1019787393977394,1.102973395847154,1.1016175545262996,1.1025273265117186,1141.0
2024-09-28 11:00:00+00:00,1.1019481447308377,1.1029943101300197,1.1006110137475869,1.1009666553295978,1530.0
2024-09-28 12:00:00+00:00,1.102114051764291,1.10265319588837,1.1012021405023018,1.1019299047508515,1548.0
2024-09-28 13:00:00+00:00,1.1020660211854565,1.1027696291437308,1.1008633964030097,1.1027279929764395,1302.0
2024-09-28 14:00:00+00:00,1.1020715202142912,1.1031263463233263,1.1015245174320234,1.1030528572566831,1135.0
2024-09-28 15:00:00+00:00,1.1023685521916722,1.102926372283474,1.1016123369123842,1.102310506741681,1344.0
2024-09-28 16:00:00+00:00,1.1022759445249923,1.103186746607763,1.101094632672662,1.1016002126624704,644.0
2024-09-28 17:00:00+00:00,1.102244625056504,1.102581001265421,1.1015368151633986,1.1017105260117108,858.0
2024-09-28 18:00:00+00:00,1.1019906344828931,1.1024953065025935,1.10166668073069,1.1019867806020511,1073.0
2024-09-28 19:00:00+00:00,1.102223520160937,1.1033406163614856,1.1013696752358948,1.102875243402794,1110.0
2024-09-28 20:00:00+00:00,1.1024970909620402,1.1029154879841525,1.101614219361918,1.1017063921407648,560.0
2024-09-28 21:00:00+00:00,1.1026564587332048,1.102857872169957,1.1017449114769464,1.1020112897118122,1444.0
2024-09-28 22:00:00+00:00,1.1025893390938375,1.103717457748213,1.102272113696113,1.1036772965220152,649.0
2024-09-28 23:00:00+00:00,1.102614863882844,1.102933657634022,1.1019485264922937,1.1024923309362404,1049.0
2024-09-29 00:00:00+00:00,1.1026637433723736,1.1029030558076889,1.101619298261186,1.1022711913351926,813.0
2024-09-29 01:00:00+00:00,1.1027561585730323,1.102936468726634,1.1018537347374775,1.1018640605349004,951.0
2024-09-29 02:00:00+00:00,1.102352886568614,1.1029688523550365,1.1017972256978816,1.10284507770522,1039.0
2024-09-29 03:00:00+00:00,1.1022553463325433,1.1029294820159188,1.1014091408076887,1.10152997696028,717.0
2024-09-29 04:00:00+00:00,1.1021779948540646,1.103017256752005,1.101748619946456,1.1027335037903456,1128.0
2024-09-29 05:00:00+00:00,1.102604256914415,1.103934960557258,1.101893923622706,1.1036377720664798,1601.0
2024-09-29 06:00:00+00:00,1.1026892947465476,1.102915828924354,1.1015124601371036,1.1017683845590052,1155.0
2024-09-29 07:00:00+00:00,1.1026582954542825,1.1035837571612548,1.102211504223357,1.1023222750802055,1396.0
2024-09-29 08:00:00+00:00,1.103011880152395,1.1036244127159962,1.1020750394896894,1.1022884060704368,853.0
2024-09-29 09:00:00+00:00,1.1032193850312335,1.103654493817506,1.1016933070385042,1.101999429043269,637.0
2024-09-29 10:00:00+00:00,1.1030448370992008,1.1039603178735171,1.1019766822877208,1.1031615317133756,766.0
2024-09-29 11:00:00+00:00,1.1030680562188897,1.1040560743153716,1.102663252582882,1.103141109220797,1257.0
2024-09-29 12:00:00+00:00,1.1033418110074826,1.103968249096869,1.102587396948126,1.1029985848580646,1524.0
2024-09-29 13:00:00+00:00,1.1034921991891742,1.1047596504013493,1.1028769975039336,1.1045217271922292,999.0
2024-09-29 14:00:00+00:00,1.103813337242489,1.103897801262358,1.1028258876816537,1.1033165967065548,1048.0
2024-09-29 15:00:00+00:00,1.1037155214886656,1.104313158187129,1.102977155326846,1.1036408815190857,858.0
2024-09-29 16:00:00+00:00,1.1037620936004364,1.104288790062053,1.1033703142111193,1.103941179701733,660.0
2024-09-29 17:00:00+00:00,1.1040427475103034,1.1046896011083414,1.1029035300355603,1.1044224429936145,911.0
2024-09-29 18:00:00+00:00,1.1037935035040356,1.1046243025913869,1.103108689208958,1.103377110473191,1003.0
2024-09-29 19:00:00+00:00,1.1040039455292647,1.1053096926506136,1.1035872907835045,1.1040307833496863,1594.0
2024-09-29 20:00:00+00:00,1.1039713316225976,1.1050356765703493,1.102822866125592,1.1039429613311469,655.0
2024-09-29 21:00:00+00:00,1.1040478850661957,1.1049302656926234,1.1035753291619812,1.1043211627390364,1622.0
2024-09-29 22:00:00+00:00,1.104469329505998,1.105057182953931,1.1032373996638984,1.1042170484825584,867.0
2024-09-29 23:00:00+00:00,1.1044285057751912,1.1053837974404133,1.1035651107265214,1.104315259788932,1628.0
2024-09-30 00:00:00+00:00,1.1040519651427538,1.1048149638398042,1.102969920364718,1.1031790715523382,709.0
2024-09-30 01:00:00+00:00,1.1039638919017112,1.1049732638846197,1.1036931913869223,1.1047673804157068,1063.0
2024-09-30 02:00:00+00:00,1.1044340381376072,1.1047047247677957,1.1033602946972487,1.103567471085132,1390.0
2024-09-30 03:00:00+00:00,1.1041434404482189,1.1049600886179605,1.1036856276036382,1.104905622587717,735.0
2024-09-30 04:00:00+00:00,1.1043278904344238,1.104665722240768,1.1033882291891055,1.1036441069729093,594.0
2024-09-30 05:00:00+00:00,1.1043133398420355,1.105044807832979,1.1040261919492014,1.104447783746627,844.0
2024-09-30 06:00:00+00:00,1.1046138106280985,1.105438256038532,1.1042840004364018,1.1047512458808415,1133.0
2024-09-30 07:00:00+00:00,1.1044284028431457,1.105039754358751,1.1041056112772971,1.1045117258351895,950.0
2024-09-30 08:00:00+00:00,1.10451985630677,1.1051779089667872,1.1040894028853354,1.104991052016417,919.0
2024-09-30 09:00:00+00:00,1.1046497915842974,1.1054285101356225,1.104147929577595,1.1051373754870617,1386.0
2024-09-30 10:00:00+00:00,1.1046982208850076,1.1054001847237769,1.1044556029315993,1.1047248683289457,797.0
2024-09-30 11:00:00+00:00,1.1048489655863851,1.1066487324042609,1.1045028644921335,1.1052401419399411,1286.0
2024-09-30 12:00:00+00:00,1.1048374725558507,1.1055668879258262,1.1046166424887232,1.1053667381144536,1372.0
2024-09-30 13:00:00+00:00,1.1049723729375898,1.1057217312467549,1.1038537421456396,1.1040391702695913,940.0
2024-09-30 14:00:00+00:00,1.1046652392011391,1.1058096207870551,1.1041952784773594,1.1054574757361613,522.0
2024-09-30 15:00:00+00:00,1.1043002372774813,1.1054266960543306,1.10429248257073,1.1050599738644709,921.0
2024-09-30 16:00:00+00:00,1.104564219160209,1.1057783650670534,1.104287471704453,1.1051392442273429,814.0
2024-09-30 17:00:00+00:00,1.104613455127746,1.105035965954008,1.1039396613173218,1.1043204047437254,1584.0
2024-09-30 18:00:00+00:00,1.1043825294589908,1.1049107957966302,1.1034535911175378,1.104096259129911,615.0
2024-09-30 19:00:00+00:00,1.1045266666506917,1.1050941178932416,1.10405232946815,1.1042860687984486,1168.0
2024-09-30 20:00:00+00:00,1.104617668216076,1.1055659640405475,1.1036673431852226,1.1040600381448369,1377.0
2024-09-30 21:00:00+00:00,1.104750502853911,1.1056528091162374,1.1043381439959714,1.1049716749643532,850.0
2024-09-30 22:00:00+00:00,1.1049461684355957,1.1052660413862911,1.1042779311889694,1.1047596773405652,1626.0
2024-09-30 23:00:00+00:00,1.1047980478337276,1.1051315777998043,1.1043265298004952,1.104630865683749,1092.0
2024-10-01 00:00:00+00:00,1.1045374011244908,1.105148390524654,1.1040376213602177,1.1047877433347175,808.0
2024-10-01 01:00:00+00:00,1.1046573192144984,1.1054938339465816,1.1040054856506858,1.105148803402525,1534.0
2024-10-01 02:00:00+00:00,1.1046643333976982,1.1052145511101352,1.104315497863634,1.104890005080735,1422.0
2024-10-01 03:00:00+00:00,1.1047554973644682,1.105317650986401,1.1037379400781009,1.104930141259702,1172.0
2024-10-01 04:00:00+00:00,1.1046205890513798,1.1050390058762984,1.1038236658507503,1.1044164129702032,630.0
2024-10-01 05:00:00+00:00,1.1046438780566057,1.1052657576295597,1.103482226812078,1.1046442495173676,808.0
2024-10-01 06:00:00+00:00,1.1043945429935251,1.1049620910465805,1.103817363365451,1.104349229132843,856.0
2024-10-01 07:00:00+00:00,1.104107002193875,1.1043341922386611,1.1027330283842849,1.1029960054775834,1080.0
2024-10-01 08:00:00+00:00,1.1039708042219962,1.1050438769052944,1.1029186139747036,1.1044679541929094,1101.0
2024-10-01 09:00:00+00:00,1.104056916424783,1.1045811756678556,1.103433383814309,1.104043793443391,1169.0
2024-10-01 10:00:00+00:00,1.103868886007074,1.1046027142354748,1.102241334908064,1.104150489008551,895.0
2024-10-01 11:00:00+00:00,1.1038356705645338,1.1045698790887375,1.1034571626388214,1.1036439240917002,1108.0
2024-10-01 12:00:00+00:00,1.1035008091615577,1.1050633558799918,1.1030118999427605,1.1037881876669486,1273.0
2024-10-01 13:00:00+00:00,1.1037083201266222,1.1043116634777324,1.1031606807545409,1.1039978785284137,1164.0
2024-10-01 14:00:00+00:00,1.1037768404670594,1.104912528715851,1.103159980921825,1.1048268214606984,935.0
2024-10-01 15:00:00+00:00,1.1036911909342892,1.1043681834562045,1.103128492187898,1.1038408486173878,1124.0
2024-10-01 16:00:00+00:00,1.1037402979679865,1.104121813837042,1.1030852805805964,1.1034793809073795,896.0
2024-10-01 17:00:00+00:00,1.1037270889932695,1.1040749997600576,1.1026806217893368,1.102876192504059,1055.0
2024-10-01 18:00:00+00:00,1.10363590356444,1.104482728793552,1.1025308862695502,1.1035776352703237,816.0
2024-10-01 19:00:00+00:00,1.1035468761046183,1.1048887599507815,1.1024287499293888,1.1025928435852423,1455.0
2024-10-01 20:00:00+00:00,1.1034344411129011,1.1038568333289205,1.1025626389215804,1.1029187510768228,1167.0
2024-10-01 21:00:00+00:00,1.1036784296227613,1.1042854870996226,1.102908786580353,1.1036047206976218,1378.0
2024-10-01 22:00:00+00:00,1.1037184799413942,1.10430829083591,1.102542150451036,1.1041138303261522,649.0
2024-10-01 23:00:00+00:00,1.1035361565021418,1.1040132666243427,1.102416545456517,1.103063656082942,932.0
2024-10-02 00:00:00+00:00,1.1033462825266782,1.103482642525211,1.1023709490101814,1.1033233940531466,913.0
2024-10-02 01:00:00+00:00,1.103353658270022,1.1043741543297618,1.1029320934166988,1.104312806404242,1440.0
2024-10-02 02:00:00+00:00,1.103225366784354,1.104926847608564,1.102844292658786,1.1035635701732014,1099.0
2024-10-02 03:00:00+00:00,1.1036347130306992,1.1041821001967516,1.1028168282447413,1.103703241965717,896.0
2024-10-02 04:00:00+00:00,1.103751715292972,1.104835041667528,1.102882902107891,1.1032817354810085,1378.0
2024-10-02 05:00:00+00:00,1.1037802646904675,1.1045313626629374,1.1032729319799277,1.1036288207443397,1142.0
2024-10-02 06:00:00+00:00,1.1036565070044655,1.1048903411323234,1.102854036259539,1.1032114088585834,1313.0
2024-10-02 07:00:00+00:00,1.1035738418904113,1.1047475143802483,1.1031758225403507,1.1037749892262303,1224.0
2024-10-02 08:00:00+00:00,1.1036608713296727,1.1044419258425673,1.1030680228297696,1.1040634951634407,1161.0
2024-10-02 09:00:00+00:00,1.1037278709207268,1.1040764264778875,1.1020981079146293,1.103344601103681,982.0
2024-10-02 10:00:00+00:00,1.1036314770483395,1.104272414278255,1.1029455892022562,1.1035650391727652,1337.0
2024-10-02 11:00:00+00:00,1.103835131814171,1.1055658384607818,1.103280288242751,1.1051358790307018,938.0
2024-10-02 12:00:00+00:00,1.1040005174104797,1.1050921936412694,1.1031091768606325,1.1045568975160227,976.0
2024-10-02 13:00:00+00:00,1.1040163166816068,1.1045690863388715,1.102700837668171,1.1042871358593744,638.0
2024-10-02 14:00:00+00:00,1.1042148773110747,1.105542095377439,1.103785806974816,1.1053071135041976,1059.0
2024-10-02 15:00:00+00:00,1.1044161637157732,1.106015504537535,1.1041789547491212,1.1051354832509814,1096.0
2024-10-02 16:00:00+00:00,1.1046169117713258,1.1055431823331714,1.1037111415493437,1.1052375779920336,1711.0
2024-10-02 17:00:00+00:00,1.1045719515491033,1.105200649591593,1.103495617670307,1.1038444470250528,927.0
2024-10-02 18:00:00+00:00,1.1048303721175357,1.1066318170478353,1.1042730647992005,1.104972240251352,1377.0
2024-10-02 19:00:00+00:00,1.1047892065433638,1.1052880181375535,1.103602634224015,1.1048058820627815,1575.0
2024-10-02 20:00:00+00:00,1.1047933068925035,1.105554519829969,1.1041336322906514,1.1045629545087663,1011.0
2024-10-02 21:00:00+00:00,1.1045717902533128,1.1049153715725442,1.1038679731810104,1.104631325898681,891.0
2024-10-02 22:00:00+00:00,1.1043089373606647,1.1049734167007843,1.1036237855516362,1.104610601310389,967.0
2024-10-02 23:00:00+00:00,1.104312880958081,1.1051421549246252,1.1036148406294604,1.1046568330847004,1242.0
2024-10-03 00:00:00+00:00,1.1044743792174343,1.105702916875101,1.1033972285471505,1.1057021967340963,885.0
2024-10-03 01:00:00+00:00,1.1046483013334658,1.1050984226417542,1.1038040207459126,1.1047364029886273,1123.0
2024-10-03 02:00:00+00:00,1.1046155328579752,1.1050053160594877,1.1034025212911147,1.1045952529528955,883.0
2024-10-03 03:00:00+00:00,1.1045488692455327,1.1053991895758275,1.1036472206277246,1.10464159262427,990.0
2024-10-03 04:00:00+00:00,1.104793302654177,1.1058286891023874,1.1039184411251446,1.1040362637095666,1381.0
2024-10-03 05:00:00+00:00,1.1046618969173208,1.1051934449848568,1.1035389307803956,1.104022067768951,1045.0
2024-10-03 06:00:00+00:00,1.1046272782350015,1.105805691225186,1.1041289390253026,1.1056988374691663,553.0
2024-10-03 07:00:00+00:00,1.1046506526369817,1.105489144421607,1.103730026811683,1.104795676195779,1040.0
2024-10-03 08:00:00+00:00,1.1043667171719953,1.1052469245029315,1.103550558657172,1.1040008902570635,912.0
2024-10-03 09:00:00+00:00,1.1043233713656166,1.1051453545879664,1.103532780088203,1.10360871370125,1521.0
2024-10-03 10:00:00+00:00,1.104345434985762,1.105083556370557,1.1031939995141335,1.103385057642135,1360.0
2024-10-03 11:00:00+00:00,1.1044369972790335,1.1051372438172655,1.103478077882987,1.1040763278259142,1219.0
2024-10-03 12:00:00+00:00,1.1044013691160457,1.105363539717112,1.1033527794060944,1.1050251272276297,796.0
2024-10-03 13:00:00+00:00,1.1048879526173974,1.1055109962730338,1.104081116770688,1.1044958448733018,1259.0
2024-10-03 14:00:00+00:00,1.1044982259718623,1.1053774740013809,1.1040544325725363,1.1048082076178458,1232.0
2024-10-03 15:00:00+00:00,1.1048238356676712,1.1058363887000475,1.104208900590209,1.1054555235648076,901.0
2024-10-03 16:00:00+00:00,1.105184493765764,1.1061219899072208,1.1047185370431996,1.10560165422569,1076.0
2024-10-03 17:00:00+00:00,1.105057472304765,1.1058023427622732,1.1043305198938018,1.1043518705050122,1135.0
2024-10-03 18:00:00+00:00,1.105207921770571,1.105827952352456,1.104432610312812,1.1051442723398386,948.0
2024-10-03 19:00:00+00:00,1.105023011854349,1.105813507699904,1.1047921379663015,1.1048681600749444,954.0
2024-10-03 20:00:00+00:00,1.1052486942240316,1.1057827903077384,1.1046326909730106,1.1048371421116827,1023.0
2024-10-03 21:00:00+00:00,1.1054997352857914,1.107235263300787,1.105124288787806,1.106177711135535,1242.0
2024-10-03 22:00:00+00:00,1.1058982345684458,1.106342177827314,1.105127817910908,1.105497368716176,926.0
2024-10-03 23:00:00+00:00,1.1061311202291215,1.107280959562134,1.1059297182952543,1.106402273043526,1585.0
2024-10-04 00:00:00+00:00,1.1061256785609066,1.1072800111995622,1.1057212931385183,1.106688089236254,1087.0
2024-10-04 01:00:00+00:00,1.1061249969105829,1.106757798983172,1.1054725468784303,1.106380047198316,792.0
2024-10-04 02:00:00+00:00,1.1061755567355174,1.1074735916013607,1.1056485944674936,1.1062547972965664,1269.0
2024-10-04 03:00:00+00:00,1.1066342346992688,1.107343807799066,1.1048636208531175,1.1054689461373008,1029.0
2024-10-04 04:00:00+00:00,1.106448275390744,1.1070915954066702,1.105693558017136,1.1061623829765803,777.0
2024-10-04 05:00:00+00:00,1.1065830952405638,1.1075783509098378,1.1058773727324274,1.10631197601956,857.0
2024-10-04 06:00:00+00:00,1.1065196646406534,1.1070319637582222,1.1054493585832124,1.1068153531203448,1110.0
2024-10-04 07:00:00+00:00,1.1062362118925142,1.107703836601628,1.1053011708300062,1.1058985078692152,1307.0
2024-10-04 08:00:00+00:00,1.106477939540284,1.1074141397488044,1.1056907812178722,1.1058490759766368,1053.0
2024-10-04 09:00:00+00:00,1.106502402885714,1.1075316066407304,1.1062391386765815,1.1074633360581023,684.0
2024-10-04 10:00:00+00:00,1.106775950207973,1.1071638610829442,1.1059406440255228,1.106512938491497,1481.0
2024-10-04 11:00:00+00:00,1.107044964261851,1.1074090995503982,1.1050834800412253,1.106177419168398,1196.0
2024-10-04 12:00:00+00:00,1.106851960103855,1.1071949861772066,1.105930896443807,1.106100919083032,1487.0
2024-10-04 13:00:00+00:00,1.106855310297962,1.1076637178438111,1.105510421186641,1.1075127909136782,1215.0
2024-10-04 14:00:00+00:00,1.106950111725516,1.1082761444602682,1.1063949208464336,1.1071988287366905,1131.0
2024-10-04 15:00:00+00:00,1.1067501915980806,1.1075395772802763,1.106168147737196,1.1074490284917382,1017.0
2024-10-04 16:00:00+00:00,1.1067174382199565,1.1069565095635767,1.1053457579114858,1.105403208684095,1250.0
2024-10-04 17:00:00+00:00,1.1065815699891954,1.107504925575469,1.1063906293342074,1.1071269138432127,1461.0
2024-10-04 18:00:00+00:00,1.1065410362637838,1.1075939942095594,1.1057231656371034,1.107311897959523,1247.0
2024-10-04 19:00:00+00:00,1.1064870266178524,1.1072638372143704,1.1053880640271752,1.1055891009088832,1000.0
2024-10-04 20:00:00+00:00,1.1065117050603177,1.1067253151603995,1.105344879098593,1.1063450104734665,1381.0
2024-10-04 21:00:00+00:00,1.1062860881277197,1.107001190046792,1.1057012927331806,1.1062958986925544,527.0
2024-10-04 22:00:00+00:00,1.106072714915679,1.1063591642824475,1.1053728806783365,1.1059796712492185,1463.0
2024-10-04 23:00:00+00:00,1.106056557490367,1.1065906217797994,1.1051989136075762,1.1060474239734597,1347.0
2024-10-05 00:00:00+00:00,1.1063004127411054,1.1072245983491895,1.105392515354268,1.1055194815738536,927.0
2024-10-05 01:00:00+00:00,1.1062360119683905,1.1069224071595432,1.1051105339375151,1.1057730031216726,937.0
2024-10-05 02:00:00+00:00,1.106020060619104,1.1067389129169074,1.1045461609405176,1.1062000509406689,971.0
2024-10-05 03:00:00+00:00,1.1057608989322067,1.107222266455599,1.1048964034134543,1.107083685102619,1192.0
2024-10-05 04:00:00+00:00,1.105841232694116,1.1070737800366088,1.1047271483176262,1.104937811417733,1050.0
2024-10-05 05:00:00+00:00,1.1058794807182335,1.107130564951087,1.105473157566281,1.1060337062232448,1096.0
2024-10-05 06:00:00+00:00,1.1055968745307592,1.1063700811127888,1.1048171717648765,1.1051839344187675,1044.0
2024-10-05 07:00:00+00:00,1.1054597567112965,1.1060374876395729,1.10443455515919,1.1056090417148152,949.0
2024-10-05 08:00:00+00:00,1.1054670421821609,1.1059716185715434,1.104400173208263,1.105816231746375,1591.0
2024-10-05 09:00:00+00:00,1.1053544545068756,1.105816884290293,1.1046940797109792,1.1051214992588996,1327.0
2024-10-05 10:00:00+00:00,1.105125163723628,1.1059566588179282,1.1045496417376064,1.1046020009539337,795.0
2024-10-05 11:00:00+00:00,1.1050861182537814,1.10617319444987,1.104809258532573,1.1055186683284854,1197.0
2024-10-05 12:00:00+00:00,1.105138053944945,1.1055899526508135,1.1043070616324435,1.105425542943962,819.0
2024-10-05 13:00:00+00:00,1.10517825178315,1.1064165103533594,1.104688183601931,1.106074703574916,988.0
2024-10-05 14:00:00+00:00,1.1053235686286471,1.106729492632495,1.1047090382833484,1.105367144421385,1550.0
2024-10-05 15:00:00+00:00,1.1051440296615371,1.1057347832059805,1.1039227627904928,1.1052327498363193,1206.0
2024-10-05 16:00:00+00:00,1.105232587694038,1.105946019561508,1.1041280437330727,1.1051235093851648,1256.0
2024-10-05 17:00:00+00:00,1.105260294026723,1.1059164653678009,1.104413144351695,1.104961509662207,1481.0
2024-10-05 18:00:00+00:00,1.105103579998406,1.1054117015622258,1.1034984864670647,1.1043332578141265,610.0
2024-10-05 19:00:00+00:00,1.1050138809165682,1.1053389598828764,1.1041702960865547,1.104559838078441,792.0
2024-10-05 20:00:00+00:00,1.105085846252739,1.106156804831078,1.1034756443879652,1.10364634250376,1187.0
2024-10-05 21:00:00+00:00,1.104975081818336,1.1054615759751567,1.1042179544833974,1.1053540857527735,1092.0
2024-10-05 22:00:00+00:00,1.105047291934903,1.1059914733645764,1.1044368571433534,1.105932879009967,1578.0
2024-10-05 23:00:00+00:00,1.1052947641465714,1.105813359587981,1.1039714486540917,1.1055309936765392,1595.0
2024-10-06 00:00:00+00:00,1.1056142791051098,1.1061181075150226,1.104241476034532,1.1046357339701984,1269.0
2024-10-06 01:00:00+00:00,1.105421974256839,1.1066340208650245,1.1048260652154065,1.1051782197934534,1025.0
2024-10-06 02:00:00+00:00,1.1051325690177047,1.1053840412839286,1.104029997889361,1.1040723516691202,903.0
2024-10-06 03:00:00+00:00,1.104807022849565,1.1056895407533354,1.104564504319512,1.105305394529452,1144.0
2024-10-06 04:00:00+00:00,1.104904866592878,1.1061529861075583,1.10430377829502,1.105484691031968,1115.0
2024-10-06 05:00:00+00:00,1.1050296084649407,1.1070601160650642,1.1047601397865836,1.1054855070706473,1424.0
2024-10-06 06:00:00+00:00,1.1052995590223296,1.106227589452373,1.1043773473793044,1.1056833935950685,981.0
2024-10-06 07:00:00+00:00,1.1052016910074172,1.1056731465395604,1.1045466646100617,1.1049044930665832,1526.0
2024-10-06 08:00:00+00:00,1.1054081449150055,1.106227280415359,1.105031722557935,1.105558947983703,1350.0
2024-10-06 09:00:00+00:00,1.1055723716123895,1.1061007148908768,1.105079440636227,1.105832188110902,1230.0
2024-10-06 10:00:00+00:00,1.1055303539377033,1.1059681729716884,1.1046947310534247,1.1056616661340493,667.0
2024-10-06 11:00:00+00:00,1.1054567504563524,1.1063319517842416,1.1052200827567964,1.105752487000625,1048.0
2024-10-06 12:00:00+00:00,1.1056767166284929,1.106433548045798,1.1048513133002993,1.1049812014824465,903.0
2024-10-06 13:00:00+00:00,1.1059516155776683,1.106286344941361,1.1049682114869888,1.1058367804594038,1290.0
2024-10-06 14:00:00+00:00,1.106011721078319,1.1068781835542578,1.1048756910502104,1.1066418785182215,1136.0
2024-10-06 15:00:00+00:00,1.105845497829344,1.1071981014179155,1.1042248540760988,1.105763843935846,832.0
2024-10-06 16:00:00+00:00,1.1055000243606028,1.1064059801449169,1.104858411383893,1.1059768886593404,1625.0
2024-10-06 17:00:00+00:00,1.1056091347214014,1.106346414638528,1.1045067507672843,1.1053990023674811,1076.0
2024-10-06 18:00:00+00:00,1.1052150526572002,1.106415864412738,1.1046225904388474,1.1053748048024747,1127.0
2024-10-06 19:00:00+00:00,1.1054609218590208,1.1062750831276054,1.104531045932013,1.1048970563112182,984.0
2024-10-06 20:00:00+00:00,1.1056708356109224,1.1077171198525773,1.1047188335974951,1.1056096963322768,1711.0
2024-10-06 21:00:00+00:00,1.105829996212159,1.1064976294774491,1.1051560106447162,1.1059016652843567,1219.0
2024-10-06 22:00:00+00:00,1.1058761144431986,1.1066713132221278,1.105114642273971,1.1063506807994128,1226.0
2024-10-06 23:00:00+00:00,1.1057310976707526,1.1059537549809364,1.1047107977572104,1.1052796288267692,689.0
2024-10-07 00:00:00+00:00,1.1057216622544477,1.1066855251026824,1.1050679274972497,1.1059987658160857,1141.0
2024-10-07 01:00:00+00:00,1.105830301687422,1.107265897047019,1.1051628167577734,1.1053548024692483,810.0
2024-10-07 02:00:00+00:00,1.1057629421495194,1.1064973820180692,1.1052692766879006,1.106181863038809,1491.0
2024-10-07 03:00:00+00:00,1.1058277807645829,1.1073685047842727,1.1053932200289809,1.106024380239368,1320.0
2024-10-07 04:00:00+00:00,1.1059948017615844,1.1077439433231748,1.105435826408624,1.1059976012233332,1271.0
2024-10-07 05:00:00+00:00,1.1056515903309123,1.106344528670246,1.104738317141998,1.1053653122335356,900.0
2024-10-07 06:00:00+00:00,1.1058407721439818,1.107197381699454,1.1045998472897192,1.1068808595579636,1012.0
2024-10-07 07:00:00+00:00,1.105812215283876,1.107074902874443,1.1045633384006956,1.106915222041501,1133.0
2024-10-07 08:00:00+00:00,1.1057092407289746,1.1062295196938094,1.104179008636969,1.105440552487971,1042.0
2024-10-07 09:00:00+00:00,1.105749704558746,1.106850548190643,1.1045126673762475,1.1047359671805452,931.0
2024-10-07 10:00:00+00:00,1.1054137235325856,1.1061276201143353,1.1047432282869063,1.1058101348761735,829.0
2024-10-07 11:00:00+00:00,1.1054608008021614,1.106221999648427,1.1040679041757528,1.1042754267120365,1385.0
2024-10-07 12:00:00+00:00,1.1055778950335202,1.107171833952299,1.1047329956887255,1.1051407463826004,1137.0
2024-10-07 13:00:00+00:00,1.105717076986672,1.107234262426977,1.1051460886877855,1.1056073646813769,828.0
2024-10-07 14:00:00+00:00,1.1057943851037677,1.107175286009344,1.1045795638628275,1.10665954582162,1503.0
2024-10-07 15:00:00+00:00,1.1055697606351504,1.1061131191329476,1.1046485007774924,1.1053689652960774,1521.0
2024-10-07 16:00:00+00:00,1.1055847736056568,1.1059246064592,1.104347969539476,1.105774311724694,1517.0
2024-10-07 17:00:00+00:00,1.1053630675766015,1.10614100067601,1.1050155412240417,1.1052836778396995,1140.0
2024-10-07 18:00:00+00:00,1.1057084130247283,1.1066780978453492,1.1047281840080274,1.1055473078746758,1176.0
2024-10-07 19:00:00+00:00,1.1054136983351857,1.1061442016041876,1.1046914215842136,1.1051756360213552,945.0
2024-10-07 20:00:00+00:00,1.105609925306709,1.1062525897105848,1.1045561878634316,1.1053690427754408,505.0
2024-10-07 21:00:00+00:00,1.1056213910846646,1.1065464957549875,1.1046143897976402,1.1052246326293071,620.0
2024-10-07 22:00:00+00:00,1.1055827756933223,1.1065598230470814,1.1046386292922183,1.1064807742368732,714.0
2024-10-07 23:00:00+00:00,1.1058132355161765,1.1070938927182186,1.1052242475577487,1.106406045132436,974.0
2024-10-08 00:00:00+00:00,1.1060568083675597,1.1069855510513489,1.1057775378300707,1.106790778265733,1333.0
2024-10-08 01:00:00+00:00,1.106187540308397,1.107189428693505,1.1056962185225456,1.1067617115895316,1156.0
2024-10-08 02:00:00+00:00,1.106038709373156,1.1068894828528395,1.1053791781501257,1.1057426141050104,953.0
2024-10-08 03:00:00+00:00,1.1060960223589045,1.1075444540354036,1.1056341905155775,1.1069197370116008,1347.0
2024-10-08 04:00:00+00:00,1.1062689138286166,1.1078209641071386,1.105498119244824,1.1077356561101708,1273.0
2024-10-08 05:00:00+00:00,1.1066988982097703,1.1068811249500277,1.1048126913622955,1.1067309593199606,1018.0
2024-10-08 06:00:00+00:00,1.106571218011583,1.1070433129863604,1.1050142737592927,1.105286592499751,1109.0
2024-10-08 07:00:00+00:00,1.1066190315583633,1.1073235927137632,1.10556823648146,1.1061173310865888,1438.0
2024-10-08 08:00:00+00:00,1.1065261704156863,1.1074113431431762,1.1056366636933297,1.106256602605686,1002.0
2024-10-08 09:00:00+00:00,1.1065131967500028,1.1071574005792044,1.1054693376003948,1.1057040840332464,1063.0
2024-10-08 10:00:00+00:00,1.1066295207527603,1.107775963698696,1.1055305705450773,1.106348109445236,1394.0
2024-10-08 11:00:00+00:00,1.1067073377084276,1.1071938462080244,1.1045868734701674,1.1065899954354852,1098.0
2024-10-08 12:00:00+00:00,1.1066122922432209,1.107040908273185,1.1060664947600591,1.1065293873362327,841.0
2024-10-08 13:00:00+00:00,1.106611624797772,1.1079580869159318,1.1056290314352415,1.1077061855538144,863.0
2024-10-08 14:00:00+00:00,1.1065736876914811,1.10818879216264,1.1061183837623092,1.1076074675374472,1408.0
2024-10-08 15:00:00+00:00,1.1067479485875296,1.107212970395538,1.1060414640208238,1.106920921833172,856.0
2024-10-08 16:00:00+00:00,1.1069383764037186,1.1077457714232497,1.1055718033856112,1.107397535525141,555.0
2024-10-08 17:00:00+00:00,1.1067690744235787,1.107459823798758,1.1058668867513222,1.1062508341279793,1014.0
2024-10-08 18:00:00+00:00,1.1063008826540048,1.1076967560926156,1.10432529052256,1.1060702066463972,1600.0
2024-10-08 19:00:00+00:00,1.1063921933809269,1.106981199195355,1.105693824003631,1.106805401657168,1044.0
2024-10-08 20:00:00+00:00,1.1062513075097442,1.1068851003706517,1.1053216347991628,1.1057267833889124,1096.0
2024-10-08 21:00:00+00:00,1.1059982423940042,1.1067711339399873,1.1051939024308914,1.1059763931937758,1655.0
2024-10-08 22:00:00+00:00,1.1062712253714058,1.1080835441590369,1.1045203911138437,1.1051731535232994,1247.0
2024-10-08 23:00:00+00:00,1.1062641715698418,1.1074386764578268,1.104673742352475,1.1058636829926776,1165.0
2024-10-09 00:00:00+00:00,1.1060766395009676,1.1067466995947564,1.1057443837585763,1.106204073388482,1703.0
2024-10-09 01:00:00+00:00,1.1062817027785068,1.107458956005518,1.104880853449073,1.1056109786512134,1073.0
2024-10-09 02:00:00+00:00,1.10606615310184,1.1069646436540228,1.1056792104761852,1.1062716191374784,857.0
2024-10-09 03:00:00+00:00,1.1061539209406743,1.1069555060954468,1.103861544781196,1.106428883685049,1072.0
2024-10-09 04:00:00+00:00,1.1060752002834706,1.1065595438003544,1.104972609208536,1.106082425346028,1216.0
2024-10-09 05:00:00+00:00,1.1060435971320275,1.1073671074938656,1.1042166922916663,1.1069988913938742,774.0
2024-10-09 06:00:00+00:00,1.105988727331963,1.106416899348084,1.104602963241927,1.1057312772075285,905.0
2024-10-09 07:00:00+00:00,1.1061044885726312,1.1075979693785496,1.105084273744401,1.1073094487202813,1112.0
2024-10-09 08:00:00+00:00,1.1064808141006308,1.107080244286731,1.1053259127156794,1.1053961444236495,1076.0
2024-10-09 09:00:00+00:00,1.1062679076594657,1.1065587839434914,1.105199158876237,1.1061278011267568,1040.0
2024-10-09 10:00:00+00:00,1.1061737168794996,1.1068345896917056,1.1054232909285515,1.106629216850426,1250.0
2024-10-09 11:00:00+00:00,1.1062336749644843,1.1068237873717093,1.1050904837817503,1.105848555613642,1092.0
2024-10-09 12:00:00+00:00,1.1062946208996964,1.1071959102646929,1.105990210124973,1.1062380856052532,923.0
2024-10-09 13:00:00+00:00,1.1065268636809265,1.1070649011713618,1.1060265901947268,1.1062701624266569,886.0
2024-10-09 14:00:00+00:00,1.1069233394433378,1.1076390965327785,1.105682749535717,1.106858252946697,1005.0
2024-10-09 15:00:00+00:00,1.106889369335543,1.107516362493416,1.1055428717964737,1.1059105876812525,871.0
2024-10-09 16:00:00+00:00,1.1068579373102232,1.107872406317446,1.1064809415473955,1.1068609289823614,957.0
2024-10-09 17:00:00+00:00,1.1068546709356128,1.1081635321530354,1.1062761169444264,1.1068500639933556,965.0
2024-10-09 18:00:00+00:00,1.1068477926738798,1.1071284461076816,1.1054379157916532,1.1064121653591974,1035.0
2024-10-09 19:00:00+00:00,1.1068074786849205,1.1077907446677349,1.1054547713264102,1.1068460101149946,1328.0
2024-10-09 20:00:00+00:00,1.106965768935763,1.1076579674219251,1.1054074704529442,1.1056523260216249,1121.0
2024-10-09 21:00:00+00:00,1.1067819648584178,1.107870697208455,1.1060344731872949,1.107174126074456,1384.0
2024-10-09 22:00:00+00:00,1.106550102116044,1.107645737483067,1.1054537141766647,1.1060423657773035,1384.0
2024-10-09 23:00:00+00:00,1.1068621773179883,1.1081250248870342,1.106469937628456,1.106491150461507,1341.0
2024-10-10 00:00:00+00:00,1.1067604176383947,1.1078179835215896,1.1065921689341207,1.1070230611818257,1497.0
2024-10-10 01:00:00+00:00,1.1067801597834954,1.1077743042820936,1.105976372591466,1.1062918950040297,1403.0
2024-10-10 02:00:00+00:00,1.106949849337492,1.1083413106418645,1.1061990319095774,1.1081583584874608,1334.0
2024-10-10 03:00:00+00:00,1.107000929699745,1.1071018065839855,1.1057046919349889,1.107050219173079,1415.0
2024-10-10 04:00:00+00:00,1.106739467617093,1.1075129969832784,1.1060492273091451,1.1061179193838773,1227.0
2024-10-10 05:00:00+00:00,1.106782523958153,1.1073240777167186,1.1051420006245225,1.1056932474337675,702.0
2024-10-10 06:00:00+00:00,1.1066530621443929,1.1075041149765164,1.1059552950093423,1.1067721191015962,1297.0
2024-10-10 07:00:00+00:00,1.106625894635763,1.1076900751074372,1.1056983011575992,1.1061388886019596,1122.0
2024-10-10 08:00:00+00:00,1.106423812410501,1.1070151405776285,1.1051127195297623,1.10645557819775,1387.0
2024-10-10 09:00:00+00:00,1.1065888724061617,1.1072358653369383,1.1050821512462918,1.1058298361163543,1114.0
2024-10-10 10:00:00+00:00,1.1066390287856376,1.1078004719887848,1.1048712273223642,1.1065069377629646,1305.0
2024-10-10 11:00:00+00:00,1.1066522784160948,1.1071448693060888,1.105512068305808,1.1057009870544612,720.0
2024-10-10 12:00:00+00:00,1.106477185468121,1.1077942899984328,1.1058173644113531,1.107095901324407,984.0
2024-10-10 13:00:00+00:00,1.106357992977892,1.1074370569514498,1.105265652676159,1.107425713377684,1080.0
2024-10-10 14:00:00+00:00,1.1063429578767612,1.1081204032684957,1.1052447619182104,1.1074415488322855,1055.0
2024-10-10 15:00:00+00:00,1.1065242909438595,1.10746069803478,1.1059577522330175,1.1072931440164642,1528.0
2024-10-10 16:00:00+00:00,1.1062764151795312,1.1066676070247583,1.104960371981608,1.1054298748145477,861.0
2024-10-10 17:00:00+00:00,1.1062692895862534,1.107060509828708,1.10531663006922,1.105986868973046,1072.0
2024-10-10 18:00:00+00:00,1.1064205186914176,1.1073226504428952,1.1052928230950156,1.1059062760008849,653.0
2024-10-10 19:00:00+00:00,1.1057482195671695,1.1067398240611452,1.1051424767583318,1.1055792930863346,430.0
2024-10-10 20:00:00+00:00,1.1059069205850545,1.1065860147519044,1.1047031126054776,1.10630109198465,1395.0
2024-10-10 21:00:00+00:00,1.106009703839305,1.1071609247179228,1.1053614372481109,1.106594189821266,1574.0
2024-10-10 22:00:00+00:00,1.1058948603356038,1.106561304066787,1.104135886801649,1.1053696290868769,1446.0
2024-10-10 23:00:00+00:00,1.1059571179691023,1.106595975253396,1.1052948299054133,1.1062555187366314,1076.0
2024-10-11 00:00:00+00:00,1.1060422759016704,1.1067160185139124,1.104688118442766,1.1063426979617137,1098.0
2024-10-11 01:00:00+00:00,1.106018349854735,1.107186020366183,1.105054871637369,1.1062739744601084,1293.0
2024-10-11 02:00:00+00:00,1.1060308556592764,1.1066684944917418,1.1045600568608829,1.1058594958113408,1058.0
2024-10-11 03:00:00+00:00,1.106303857912344,1.1073917000282472,1.1053943371093031,1.1069603344484775,542.0
2024-10-11 04:00:00+00:00,1.1060902914965265,1.1067863895548111,1.1055376469463758,1.1057760795863822,1155.0
2024-10-11 05:00:00+00:00,1.1059932189878168,1.107054339231953,1.105357233173376,1.10568507626253,785.0
2024-10-11 06:00:00+00:00,1.1061353553817206,1.1076770420146629,1.1056158134997442,1.106148621967755,1134.0
2024-10-11 07:00:00+00:00,1.1061783816422954,1.1069926277014128,1.104832022515263,1.1067996716635018,1320.0
2024-10-11 08:00:00+00:00,1.1060850995455456,1.107629079144784,1.1055382088547037,1.1063740191523137,709.0
2024-10-11 09:00:00+00:00,1.1057664771039837,1.1063951094695943,1.1037286363017644,1.1042286574415132,988.0
2024-10-11 10:00:00+00:00,1.1054836962143155,1.106606896258565,1.104741554464614,1.1057686821376993,1186.0
2024-10-11 11:00:00+00:00,1.105884218114054,1.1065318807300584,1.1043665258635809,1.105573114587043,1607.0
2024-10-11 12:00:00+00:00,1.105679686749618,1.1063815873545937,1.1053516386304525,1.105947382239712,839.0
2024-10-11 13:00:00+00:00,1.10560159912254,1.1063165146013645,1.1045467473753705,1.1054414617136508,1084.0
2024-10-11 14:00:00+00:00,1.1055582731191445,1.1066981765971236,1.1046880911557184,1.1061023687908038,1196.0
2024-10-11 15:00:00+00:00,1.105627385355123,1.1060043940786215,1.104485960195324,1.105361381263446,769.0
2024-10-11 16:00:00+00:00,1.1054910777364018,1.106539091088962,1.1048069011509474,1.1054055211868183,1206.0
2024-10-11 17:00:00+00:00,1.1057855386231878,1.1067701833465802,1.1051384283736796,1.1058610883282654,1049.0
2024-10-11 18:00:00+00:00,1.105801539581038,1.1062697686528815,1.1046629699281874,1.105169143555374,949.0
2024-10-11 19:00:00+00:00,1.105891758335953,1.106767750279662,1.1048093936017669,1.1058724045731114,1061.0
2024-10-11 20:00:00+00:00,1.105723115100517,1.1072480038724233,1.1041985540540609,1.1057742930781715,894.0
2024-10-11 21:00:00+00:00,1.106093015689907,1.106987731166276,1.1042953095160606,1.106036919002719,1428.0
2024-10-11 22:00:00+00:00,1.106033270047987,1.107206659670651,1.1052912992402466,1.1057331977550855,1195.0
2024-10-11 23:00:00+00:00,1.1059997231021632,1.1064058285516007,1.1049397608565112,1.1053024655971493,886.0
2024-10-12 00:00:00+00:00,1.1058797084156855,1.1067182376692402,1.105327852487707,1.106270123814182,1320.0
2024-10-12 01:00:00+00:00,1.1059596591359238,1.1067727020749178,1.1049981651629477,1.1062021594336189,810.0
2024-10-12 02:00:00+00:00,1.1058136174293305,1.1065561214971906,1.1050335135239424,1.1059207667341138,839.0
2024-10-12 03:00:00+00:00,1.106147420707923,1.1069698712246103,1.1051800322210852,1.106643457954274,1016.0
2024-10-12 04:00:00+00:00,1.1061769964805563,1.1074754476219832,1.1058086081036933,1.1061511722829478,909.0
2024-10-12 05:00:00+00:00,1.1064646841021544,1.107160032284857,1.104976166323971,1.1067922352768902,1110.0
2024-10-12 06:00:00+00:00,1.1066643449409184,1.1081736914898053,1.10594491316684,1.1074722313359202,976.0
2024-10-12 07:00:00+00:00,1.1069813781716566,1.1073586566630638,1.1062418332544135,1.1070916941973288,795.0
2024-10-12 08:00:00+00:00,1.1068267952199735,1.1076528486804282,1.1062325859160365,1.1067940818534248,1013.0
2024-10-12 09:00:00+00:00,1.1067983707398803,1.1085172716852645,1.1051695019563053,1.108405150908867,1133.0
2024-10-12 10:00:00+00:00,1.106719628333098,1.1077985939443116,1.1053095952650172,1.1053173491533608,1573.0
2024-10-12 11:00:00+00:00,1.1066963505163356,1.1085519422779742,1.1050048603642812,1.1064644144121063,826.0
2024-10-12 12:00:00+00:00,1.1066851046074295,1.1082305731851037,1.106263567121237,1.106710853151343,899.0
2024-10-12 13:00:00+00:00,1.1064081908728345,1.1082641923726644,1.1064070894004847,1.1071956314954892,1658.0
2024-10-12 14:00:00+00:00,1.1069657968771294,1.1079884872741932,1.1056896048144085,1.1056998157695332,1286.0
2024-10-12 15:00:00+00:00,1.1064834864563182,1.1068107287381457,1.1057221764275815,1.1065259053984378,1281.0
2024-10-12 16:00:00+00:00,1.1066455017499055,1.107383193675943,1.1051942785706448,1.1057691781950356,987.0
2024-10-12 17:00:00+00:00,1.1066951459636194,1.1073562725773107,1.1059194596751567,1.1065158164912936,453.0
2024-10-12 18:00:00+00:00,1.1066036935633514,1.1087928473119213,1.1058294328045764,1.1078167840979076,1199.0
2024-10-12 19:00:00+00:00,1.106740991217149,1.109432744034133,1.1057888525118944,1.1060461761147804,833.0
2024-10-12 20:00:00+00:00,1.1067591749818837,1.1075756963468415,1.105145239416432,1.1055388553387928,1116.0
2024-10-12 21:00:00+00:00,1.1067611596265492,1.1088426108217326,1.1057484264745223,1.1059765524675578,779.0
2024-10-12 22:00:00+00:00,1.1070977355126652,1.1073688787692877,1.105147600236172,1.106190444532263,1107.0
2024-10-12 23:00:00+00:00,1.1066972156015975,1.1078541544484457,1.106063845703501,1.1075774202290607,1246.0
2024-10-13 00:00:00+00:00,1.1066159450297228,1.1075162966872565,1.105488942834106,1.1058513924246325,1064.0
2024-10-13 01:00:00+00:00,1.1062752494830963,1.1069911337885932,1.1050560146565278,1.1068780469098256,861.0
2024-10-13 02:00:00+00:00,1.10643830874573,1.1078420208357815,1.1056829468018554,1.107196123846526,1461.0
2024-10-13 03:00:00+00:00,1.1063495585306269,1.1069327725270517,1.1054272899844246,1.1063431857096797,1072.0
2024-10-13 04:00:00+00:00,1.1063366089645643,1.1071151865805031,1.105444448224102,1.1069703263272177,1023.0
2024-10-13 05:00:00+00:00,1.1063884967467177,1.1074138276494123,1.105700499946897,1.1060895673335616,1084.0
2024-10-13 06:00:00+00:00,1.1062599608290182,1.1072547663122536,1.105839257619705,1.1059784881294803,1001.0
2024-10-13 07:00:00+00:00,1.1063989913582302,1.1077870532349905,1.1048417489361195,1.105124745898855,986.0
2024-10-13 08:00:00+00:00,1.1063428961957826,1.1079607851647837,1.1057321289623363,1.1077694713117483,1170.0
2024-10-13 09:00:00+00:00,1.1066626000715996,1.109555520974887,1.105806944105016,1.1060186928259903,1179.0
2024-10-13 10:00:00+00:00,1.1069535495458842,1.1075520423856675,1.1060419690306746,1.1066144713305648,1452.0
2024-10-13 11:00:00+00:00,1.1069413067073473,1.1075258791598044,1.1059129007148836,1.1068561622280018,1501.0
2024-10-13 12:00:00+00:00,1.1071717516992825,1.1079674539306217,1.1063138744314935,1.1064046742879128,1339.0
2024-10-13 13:00:00+00:00,1.106851399812708,1.107845005418898,1.106480895928028,1.1073981729871645,905.0
2024-10-13 14:00:00+00:00,1.107104299289695,1.1080349975214256,1.1066020293295478,1.1068965778707065,1487.0
2024-10-13 15:00:00+00:00,1.106997729206857,1.107860226186894,1.1058124512469882,1.1075968543425607,1500.0
2024-10-13 16:00:00+00:00,1.1071329692728449,1.1081497767800284,1.104706510026891,1.1080621400060793,1065.0
2024-10-13 17:00:00+00:00,1.1070071560735508,1.1075844193952002,1.106389284656646,1.1071012943551255,1565.0
2024-10-13 18:00:00+00:00,1.1068196398195125,1.108253765600455,1.105974084491766,1.1080610421316472,863.0
2024-10-13 19:00:00+00:00,1.106580684222127,1.107873301828424,1.1049393827834313,1.1074509609880752,1184.0
2024-10-13 20:00:00+00:00,1.106746208845643,1.1077260208469484,1.106218825182137,1.1067608229084758,966.0
2024-10-13 21:00:00+00:00,1.1067896859529442,1.1075378667472433,1.1050378397462333,1.1068542564524866,1143.0
2024-10-13 22:00:00+00:00,1.106708898359254,1.10815432078538,1.1057381528284034,1.1057643634126637,1113.0
2024-10-13 23:00:00+00:00,1.106761288613399,1.1079537269413762,1.1062420325799094,1.1068633481073298,1461.0
2024-10-14 00:00:00+00:00,1.1067816520262763,1.1079065765815852,1.1057712424741502,1.1075468717977612,1056.0
2024-10-14 01:00:00+00:00,1.1069062644034586,1.108466242244411,1.1059981539918091,1.1078171367050569,918.0
2024-10-14 02:00:00+00:00,1.106777227678769,1.1080711135116406,1.105992653834627,1.107214147634472,1339.0
2024-10-14 03:00:00+00:00,1.1065356504867043,1.1083607755534308,1.1047984570826854,1.107546585226659,1407.0
2024-10-14 04:00:00+00:00,1.1066648501881178,1.107981233898215,1.1056898298725757,1.1064762692889674,838.0
2024-10-14 05:00:00+00:00,1.1067490111272058,1.108152641128855,1.1059157797493973,1.1060655882584374,1121.0
2024-10-14 06:00:00+00:00,1.1064170655208452,1.106962013285506,1.105215323225194,1.105539851685383,1236.0
2024-10-14 07:00:00+00:00,1.1064117153337985,1.1075969976085038,1.1060129551592413,1.107238399391873,1518.0
2024-10-14 08:00:00+00:00,1.1066041219111264,1.1073227509911614,1.1061595102043176,1.1070113244124862,1550.0
2024-10-14 09:00:00+00:00,1.1066531386608272,1.107937937303892,1.1049779842898713,1.1069661748897444,942.0
2024-10-14 10:00:00+00:00,1.1067706523398422,1.1076309355516107,1.1058069600362348,1.1061701993818196,1373.0
2024-10-14 11:00:00+00:00,1.106614865923429,1.1069873426291532,1.1051681016305188,1.1058747940330196,668.0
2024-10-14 12:00:00+00:00,1.1064052123159545,1.1066267982052942,1.104548721080758,1.104753550172095,693.0
2024-10-14 13:00:00+00:00,1.106144907728983,1.106621025184379,1.1047811840447253,1.1051097527513736,1071.0
2024-10-14 14:00:00+00:00,1.1058568371761783,1.1073576015742796,1.1039282281865035,1.1040632861455064,1029.0
2024-10-14 15:00:00+00:00,1.1056392590549309,1.1059152640687349,1.1051017539676522,1.1057206900867074,1222.0
2024-10-14 16:00:00+00:00,1.105604577148443,1.107067662017654,1.1038383983372249,1.1040228875544236,1221.0
2024-10-14 17:00:00+00:00,1.105422590938231,1.1060914769204444,1.1044236590611454,1.1058122841983862,1394.0
2024-10-14 18:00:00+00:00,1.105266945835481,1.1060308147005244,1.1045075598606446,1.1049904083392874,1009.0
2024-10-14 19:00:00+00:00,1.105141102234422,1.1068819498613514,1.1046765283821178,1.105821098571254,1418.0
2024-10-14 20:00:00+00:00,1.105112395949846,1.10571513264635,1.1041914360910368,1.1050814645032905,1243.0
2024-10-14 21:00:00+00:00,1.1048773618893082,1.1060209274006614,1.1032253900356304,1.1059435428176878,903.0
2024-10-14 22:00:00+00:00,1.104999376271858,1.1056138900314596,1.1035819731733685,1.1046515210270114,1063.0
2024-10-14 23:00:00+00:00,1.105291469946634,1.106388998067013,1.1048043355809505,1.1051416992896372,982.0
2024-10-15 00:00:00+00:00,1.105244564278857,1.1057530998765803,1.104623528095365,1.1055592613778116,901.0
2024-10-15 01:00:00+00:00,1.1054317251547126,1.1057167614035797,1.104489370882046,1.1055253244807448,1782.0
2024-10-15 02:00:00+00:00,1.1055381798195176,1.1072406813096332,1.1043497162722429,1.106790904263162,1136.0
2024-10-15 03:00:00+00:00,1.1056283391250432,1.1071633338772855,1.1050794234529164,1.1067722087341512,1099.0
2024-10-15 04:00:00+00:00,1.1058489626529286,1.1070992041893588,1.10450639116004,1.1070095501434742,1276.0
2024-10-15 05:00:00+00:00,1.105908947317921,1.1075282977922047,1.105494344642299,1.1061089088014011,1102.0
2024-10-15 06:00:00+00:00,1.106212427840652,1.10688911968762,1.1056287070580235,1.1060269719540017,1553.0
2024-10-15 07:00:00+00:00,1.1062996243868228,1.1068696183807558,1.1047227634517762,1.1067995824872698,1209.0
2024-10-15 08:00:00+00:00,1.1064325617143742,1.1075414539183648,1.1056084714340464,1.1058077451191073,747.0
2024-10-15 09:00:00+00:00,1.1064512067592311,1.10731317973782,1.1057719777353578,1.1062407821201796,1306.0
2024-10-15 10:00:00+00:00,1.1062532216670826,1.107420188366511,1.1051411898393086,1.1065686780063162,1371.0
2024-10-15 11:00:00+00:00,1.1062930785239873,1.1070081058764196,1.1047560584817215,1.1060084626897644,1071.0
2024-10-15 12:00:00+00:00,1.1062489988161737,1.107628599269889,1.1046650142539782,1.1070432333578937,969.0
2024-10-15 13:00:00+00:00,1.1062420105057669,1.1074657414792248,1.1051437743117667,1.105944364433416,706.0
2024-10-15 14:00:00+00:00,1.1060579040190035,1.1064185990753028,1.1041424073279262,1.1062072506176857,839.0
2024-10-15 15:00:00+00:00,1.1059406846140811,1.1075384716741563,1.1052100868172428,1.107174613832023,853.0
2024-10-15 16:00:00+00:00,1.1060356029645009,1.1067403787539087,1.104639729338582,1.1055525383167195,635.0
2024-10-15 17:00:00+00:00,1.1061482929199231,1.107489303726611,1.1050151367096293,1.1061977967578531,975.0
2024-10-15 18:00:00+00:00,1.106117529371915,1.1067834087821564,1.1056905172219296,1.10628265578699,1221.0
2024-10-15 19:00:00+00:00,1.1062259868412692,1.1068794729374616,1.1046688062046257,1.1057055799779476,1542.0
2024-10-15 20:00:00+00:00,1.106098887231873,1.106646376642651,1.1045517898974089,1.1063289551902826,1102.0
2024-10-15 21:00:00+00:00,1.1060412522898366,1.1070670964577525,1.10515264118526,1.1065264087549722,365.0
2024-10-15 22:00:00+00:00,1.1062619964129408,1.1075733863631858,1.105751746392584,1.105974876208585,890.0
2024-10-15 23:00:00+00:00,1.1062435322466957,1.1084726797654414,1.105843957646268,1.106540294357812,1420.0
2024-10-16 00:00:00+00:00,1.1064266071085649,1.1078845825413377,1.106268663184589,1.1072981680273155,1425.0
2024-10-16 01:00:00+00:00,1.106524865872979,1.107268778064839,1.1055249427419125,1.1056752841687456,1029.0
2024-10-16 02:00:00+00:00,1.1067426975986976,1.1075694909326168,1.105822678797528,1.1061069822850265,1300.0
2024-10-16 03:00:00+00:00,1.1068876003253385,1.1080630077476623,1.1057778278265715,1.1074909250085996,1441.0
2024-10-16 04:00:00+00:00,1.1068633111003965,1.107482000253582,1.1057583646782772,1.1069557643013317,922.0
2024-10-16 05:00:00+00:00,1.10647258345169,1.107522724414443,1.1055176886878162,1.107519752635033,941.0
2024-10-16 06:00:00+00:00,1.1062141846778826,1.1077848531368115,1.105290480245413,1.1060328996537487,1279.0
2024-10-16 07:00:00+00:00,1.1067270325550471,1.10741676085994,1.1056017583937807,1.1065152177846136,1409.0
2024-10-16 08:00:00+00:00,1.106756827216938,1.1079023279091502,1.1060319324777454,1.1078071637611742,1514.0
2024-10-16 09:00:00+00:00,1.1066654766873878,1.1083827085206284,1.1054921695143856,1.1057299974004569,905.0
2024-10-16 10:00:00+00:00,1.10664925924885,1.1084743752983408,1.106372217644096,1.107794165574448,1099.0
2024-10-16 11:00:00+00:00,1.1068902040761852,1.1085631466360537,1.1045989940243288,1.107912156834432,1011.0
2024-10-16 12:00:00+00:00,1.1070792841513677,1.108342807605068,1.1058776065392473,1.106281514912329,1236.0
2024-10-16 13:00:00+00:00,1.1072449890698923,1.1083997622292705,1.1066661600035932,1.10762052945498,777.0
2024-10-16 14:00:00+00:00,1.1072402762983626,1.1083757977518367,1.1058087425606045,1.105948950306104,1328.0
2024-10-16 15:00:00+00:00,1.1074170447885632,1.1081849475078482,1.1065576904056764,1.1077634894797077,1394.0
2024-10-16 16:00:00+00:00,1.1073445624198373,1.108592410841957,1.106255296069255,1.1080881684088888,1177.0
2024-10-16 17:00:00+00:00,1.1073077587963558,1.107623955574275,1.1059593493738904,1.1067591497984992,947.0
2024-10-16 18:00:00+00:00,1.107018805629715,1.1090302324554315,1.1062618452684805,1.107070852302238,773.0
2024-10-16 19:00:00+00:00,1.107269626708975,1.10775856288579,1.106075945479878,1.107064864108443,850.0
2024-10-16 20:00:00+00:00,1.107107739075215,1.1079457718559265,1.1055014643681584,1.1079278958472878,1008.0
2024-10-16 21:00:00+00:00,1.1074098014457678,1.1084579674526465,1.1067049327430698,1.1084095525489015,1019.0
2024-10-16 22:00:00+00:00,1.1072069654233667,1.1080901961485272,1.1057613390015937,1.1060137331391682,1456.0
2024-10-16 23:00:00+00:00,1.1069510885058316,1.1076280654534514,1.1059353467634847,1.106349978412798,1096.0
2024-10-17 00:00:00+00:00,1.10684239290671,1.108037481821572,1.105779731197918,1.1065766083369677,1240.0
2024-10-17 01:00:00+00:00,1.1069635593485,1.108264508241826,1.106444788900164,1.1076056955332263,1301.0
2024-10-17 02:00:00+00:00,1.107086378121782,1.107947169997432,1.1060278905400145,1.1068158572354465,826.0
2024-10-17 03:00:00+00:00,1.1073800106741194,1.1083178735990258,1.1066304355852108,1.1067078682994989,1111.0
2024-10-17 04:00:00+00:00,1.1073707178945331,1.1078627739233642,1.1061606724751352,1.106612652605183,1229.0
2024-10-17 05:00:00+00:00,1.1073856143859735,1.10871363482979,1.1058510275223117,1.106454688746129,1026.0
2024-10-17 06:00:00+00:00,1.107436457353509,1.1077700339990493,1.106669041309789,1.1072845369373072,1049.0
2024-10-17 07:00:00+00:00,1.1073507058614709,1.1088462080092614,1.1061257510326996,1.1064846110810462,1329.0
2024-10-17 08:00:00+00:00,1.1072915001817996,1.1094210305732195,1.105725427004176,1.106616111476718,882.0
2024-10-17 09:00:00+00:00,1.1073741697872417,1.1083335149707405,1.1059559619166135,1.1062728891887048,1459.0
2024-10-17 10:00:00+00:00,1.1075426680896343,1.1088674478353555,1.1061368841879753,1.1080580251193075,1421.0
2024-10-17 11:00:00+00:00,1.107484467041476,1.1081874146525892,1.1069247878082074,1.107619189433789,1383.0
2024-10-17 12:00:00+00:00,1.1075512525695432,1.108943759618206,1.1068264812709232,1.1075205121271583,1330.0
2024-10-17 13:00:00+00:00,1.107776468107634,1.1082501649685923,1.10655499370101,1.1077685312861827,1002.0
2024-10-17 14:00:00+00:00,1.1077322069370277,1.1096069553271033,1.1066105516860405,1.1087900062998617,1278.0
2024-10-17 15:00:00+00:00,1.1078507411933731,1.1094448440197362,1.105670564535821,1.1076646974541324,844.0
2024-10-17 16:00:00+00:00,1.1078292103469327,1.108250896577754,1.107294771136451,1.107784447156387,1537.0
2024-10-17 17:00:00+00:00,1.1077272161476814,1.1089793540554314,1.106955552270114,1.108305227210768,1134.0
2024-10-17 18:00:00+00:00,1.1077675957864324,1.1082720457634856,1.1068322929672545,1.1075467373262535,1106.0
2024-10-17 19:00:00+00:00,1.1077065102315753,1.1081148268194974,1.1059589799273144,1.1073451405558847,772.0
2024-10-17 20:00:00+00:00,1.1076758843461303,1.108368986525976,1.1063955401830952,1.1082911618924172,988.0
2024-10-17 21:00:00+00:00,1.1077225362114054,1.1096468720192167,1.1068518098495643,1.1069776501885034,680.0
2024-10-17 22:00:00+00:00,1.1076514262720976,1.1085117110049458,1.106923328974602,1.1074275205118365,976.0
2024-10-17 23:00:00+00:00,1.1079241904034718,1.1087617928811015,1.106823074138937,1.10846802132149,1564.0
2024-10-18 00:00:00+00:00,1.1076566222258324,1.1091937261326872,1.107157272742374,1.108018243794305,1269.0
2024-10-18 01:00:00+00:00,1.1077534529849078,1.1085344680211682,1.1063311960565283,1.1078606415727037,744.0
2024-10-18 02:00:00+00:00,1.1078717699445375,1.1085145269888272,1.106994996931724,1.1077855756145003,1139.0
2024-10-18 03:00:00+00:00,1.1076074148089556,1.1084548729236217,1.1067289546417578,1.1080875518220965,836.0
2024-10-18 04:00:00+00:00,1.1080741624445167,1.1096038009530786,1.1066640022312006,1.1073673406684017,609.0
2024-10-18 05:00:00+00:00,1.108045372465075,1.109693348118698,1.1073989867468348,1.1078059253605057,999.0
2024-10-18 06:00:00+00:00,1.1080373657058902,1.1092104176978996,1.106463403288641,1.1071843920341864,585.0
2024-10-18 07:00:00+00:00,1.1077703011691,1.1084851770028272,1.1053308238151438,1.1084313386046571,985.0
2024-10-18 08:00:00+00:00,1.1074679192936747,1.1092575759929535,1.1064640253605542,1.1087544768345616,1228.0
2024-10-18 09:00:00+00:00,1.1077804675863792,1.1093706088940378,1.1067996634893142,1.108539656048887,1144.0
2024-10-18 10:00:00+00:00,1.1080127757095022,1.1085820712080696,1.1074770921784869,1.1080932394664158,1044.0
2024-10-18 11:00:00+00:00,1.107922353132774,1.1088351708286006,1.1072574134854916,1.108099518512763,628.0
2024-10-18 12:00:00+00:00,1.1077149582307282,1.108227134788094,1.106823490497595,1.1075238659860522,696.0
2024-10-18 13:00:00+00:00,1.107585495812292,1.1082057995270247,1.1071873480532055,1.1072296642592676,767.0
2024-10-18 14:00:00+00:00,1.107738749610975,1.108366895982224,1.1058204833185086,1.106091567912738,1107.0
2024-10-18 15:00:00+00:00,1.1075921587412565,1.1083401985945365,1.1063991414588368,1.106905272431538,1309.0
2024-10-18 16:00:00+00:00,1.1075570468099645,1.1090494565454092,1.106993545279044,1.1083268431033275,1279.0
2024-10-18 17:00:00+00:00,1.1076294912330216,1.1086306819650615,1.1070224525266077,1.107499320261517,1171.0
2024-10-18 18:00:00+00:00,1.1075485714991231,1.1091712048583386,1.1059015651686646,1.1060630459307406,731.0
2024-10-18 19:00:00+00:00,1.107308360135413,1.1091243124582086,1.10627644696141,1.1080913655228894,692.0
2024-10-18 20:00:00+00:00,1.1070373022372622,1.107874390308205,1.10579244255057,1.1077299407603536,1930.0
2024-10-18 21:00:00+00:00,1.107180593613974,1.1082411921969264,1.10548919066717,1.107845697260992,1031.0
2024-10-18 22:00:00+00:00,1.1069235077488886,1.1074726599596851,1.1060177362428725,1.1062516543315783,997.0
2024-10-18 23:00:00+00:00,1.1067656180100396,1.1076577191965593,1.1049892949530953,1.107217939414535,1265.0
2024-10-19 00:00:00+00:00,1.106832694902808,1.1072917175545771,1.1056407375027026,1.105821052890681,1293.0
2024-10-19 01:00:00+00:00,1.107123822592699,1.1087423865466557,1.1060548460726172,1.1067259290694111,781.0
2024-10-19 02:00:00+00:00,1.1071377059354794,1.108298606669044,1.1067657115657894,1.1073512113523991,1244.0
2024-10-19 03:00:00+00:00,1.1069542180665504,1.1076920259702534,1.1064586278178996,1.1071454473771791,1288.0
2024-10-19 04:00:00+00:00,1.106920198932733,1.1074979953659296,1.1059035842675182,1.1061447300214302,1190.0
2024-10-19 05:00:00+00:00,1.1067868187930936,1.1074843567981547,1.1049421195354996,1.1066453846070303,1114.0
2024-10-19 06:00:00+00:00,1.1067236847734891,1.1072711681018648,1.1057515906271729,1.1064247255473851,760.0
2024-10-19 07:00:00+00:00,1.1067630243891164,1.1081829191491332,1.1057695816853352,1.1077334740116505,1408.0
2024-10-19 08:00:00+00:00,1.1066642908657751,1.1084679623789022,1.1057296992920551,1.1062550965181095,1306.0
2024-10-19 09:00:00+00:00,1.1068928151010715,1.1079065712336735,1.1058903305483148,1.105942653505159,570.0
2024-10-19 10:00:00+00:00,1.1071762559570737,1.1083037106037747,1.1064472844577786,1.1069309564048273,881.0
2024-10-19 11:00:00+00:00,1.1069352925804437,1.1077521169265674,1.1062704153481622,1.1068874496145946,1014.0
2024-10-19 12:00:00+00:00,1.106910095603182,1.1075726184588648,1.105893713570255,1.1064192829270625,942.0
2024-10-19 13:00:00+00:00,1.1070845221183236,1.1083057635004585,1.105878948335853,1.1067319598820995,988.0
2024-10-19 14:00:00+00:00,1.1071129084200602,1.1075925063796737,1.1061698745675677,1.1064691787639618,546.0
2024-10-19 15:00:00+00:00,1.1069951219988212,1.10765914951182,1.1065124960045,1.107231297251714,1303.0
2024-10-19 16:00:00+00:00,1.1073521521723972,1.108312931451439,1.1067011990825106,1.1076985959719678,911.0
2024-10-19 17:00:00+00:00,1.1074866858748436,1.1085372260309638,1.1060716124123935,1.108249975404043,1008.0
2024-10-19 18:00:00+00:00,1.1077780478712689,1.108724518389076,1.105634653623002,1.1060859663122604,744.0
2024-10-19 19:00:00+00:00,1.1074768236929982,1.1087795434455707,1.107054029221273,1.1083507183049912,1007.0
2024-10-19 20:00:00+00:00,1.107347690573049,1.1092683213562131,1.1063304616754512,1.1063432945300349,1529.0
2024-10-19 21:00:00+00:00,1.107306391687744,1.1081545293172417,1.1055984309571092,1.105902913322408,1504.0
2024-10-19 22:00:00+00:00,1.1075340228684614,1.1090126082774403,1.1069310525817666,1.1073494992527422,1132.0
2024-10-19 23:00:00+00:00,1.107355486400858,1.108349742553897,1.1053719932823272,1.1078475743812566,761.0
2024-10-20 00:00:00+00:00,1.1074041615212675,1.1082300363533053,1.1060141732738733,1.1067038976359669,721.0
2024-10-20 01:00:00+00:00,1.107416763809512,1.1087377889037775,1.1058396783548532,1.108147734467905,1281.0
2024-10-20 02:00:00+00:00,1.1074439220963597,1.1091118547540364,1.1059028402767588,1.10820821001369,1227.0
2024-10-20 03:00:00+00:00,1.10763782902255,1.1083747999359,1.1065745295086242,1.107291210743663,1022.0
2024-10-20 04:00:00+00:00,1.1075738379082878,1.108537902166178,1.1059238995159717,1.1061670843530356,748.0
2024-10-20 05:00:00+00:00,1.1074047625088843,1.1084693679564133,1.1066700583921534,1.1074189899294655,1698.0
2024-10-20 06:00:00+00:00,1.107378222826631,1.108211663326807,1.1056494135868302,1.106312281953597,1296.0
2024-10-20 07:00:00+00:00,1.1073014012189806,1.108944840343604,1.1060706049341062,1.1070025208682936,1175.0
2024-10-20 08:00:00+00:00,1.1071591561333944,1.1080029125033954,1.1063639884611258,1.1068151227297984,1414.0
2024-10-20 09:00:00+00:00,1.107262986593596,1.1081417935362967,1.106013806724033,1.1069184289968628,990.0
2024-10-20 10:00:00+00:00,1.107364119128301,1.1085647569768644,1.1058087688051776,1.1080455687820123,1145.0
2024-10-20 11:00:00+00:00,1.107378271325162,1.108553137136802,1.1065963102894656,1.1081860433431945,1125.0
2024-10-20 12:00:00+00:00,1.107594857316203,1.1079182164248316,1.1065302016947185,1.1072321516335455,948.0
2024-10-20 13:00:00+00:00,1.1074312106140212,1.1085415163063128,1.1064201296269884,1.107207528256754,979.0
2024-10-20 14:00:00+00:00,1.107573126019083,1.108067935077346,1.1062077256833422,1.1066767610157862,1676.0
2024-10-20 15:00:00+00:00,1.1072204829154837,1.1089125615630635,1.1062682554932295,1.108228555787183,1378.0
2024-10-20 16:00:00+00:00,1.1074570308266998,1.1093095953861178,1.1070328962357898,1.1079945099401136,928.0
2024-10-20 17:00:00+00:00,1.1073442514341596,1.1078459550879036,1.1055148506021684,1.1058101219012724,538.0
2024-10-20 18:00:00+00:00,1.1068643840344867,1.1079995175228077,1.1057525844320184,1.1078899131157594,1361.0
2024-10-20 19:00:00+00:00,1.1065897757445795,1.1074140026909502,1.104430593339341,1.1048028020731604,1064.0
2024-10-20 20:00:00+00:00,1.1062765014353009,1.1069912687519896,1.1045079614019149,1.1065322317741446,758.0
2024-10-20 21:00:00+00:00,1.1060983523705756,1.1072170274699935,1.10469946595867,1.105296666361675,897.0
2024-10-20 22:00:00+00:00,1.1061700699435533,1.1068799847480495,1.105199316018492,1.1059332868551088,859.0
2024-10-20 23:00:00+00:00,1.1058724195596648,1.106663456398805,1.1056119602261902,1.1060871423455314,1391.0
2024-10-21 00:00:00+00:00,1.1057854891732444,1.107047395960324,1.105383028425283,1.1069479561700537,886.0
2024-10-21 01:00:00+00:00,1.1056114701541988,1.107045555729906,1.1052230939099954,1.1062316530242349,1162.0
2024-10-21 02:00:00+00:00,1.1056546119013548,1.1060479571391302,1.1037090013225574,1.1056450390722945,1320.0
2024-10-21 03:00:00+00:00,1.1059931224985804,1.1070066274391923,1.1054833804681117,1.105581682934422,1313.0
2024-10-21 04:00:00+00:00,1.1060333428952844,1.107546971916002,1.104986147915546,1.106728723371453,1129.0
2024-10-21 05:00:00+00:00,1.1066148461477192,1.107746970572825,1.1058150783236151,1.1063263427614325,1810.0
2024-10-21 06:00:00+00:00,1.1068249764378095,1.107753062610471,1.1056358967484403,1.1066727126884262,1542.0
2024-10-21 07:00:00+00:00,1.1067274736462902,1.1083277538591272,1.106021839465672,1.1069670813737846,919.0
2024-10-21 08:00:00+00:00,1.1067404747263103,1.1079819573761092,1.1060359648684008,1.1066895181261576,1370.0
2024-10-21 09:00:00+00:00,1.106767000590035,1.1072699349237964,1.1051557200875497,1.10553189217114,1188.0
2024-10-21 10:00:00+00:00,1.106662782505336,1.1082481867846656,1.105645526215112,1.1079419308527347,679.0
2024-10-21 11:00:00+00:00,1.106585454249871,1.108011678685323,1.1060878856908931,1.1077582322725126,857.0
2024-10-21 12:00:00+00:00,1.1066184537023582,1.1075385245157603,1.106043309041074,1.106764343101316,1203.0
2024-10-21 13:00:00+00:00,1.106807576417129,1.1092134089714716,1.105852012794922,1.1058844006947282,1168.0
2024-10-21 14:00:00+00:00,1.1066301850963929,1.107646031292407,1.1058379098941118,1.1061657447878426,545.0
2024-10-21 15:00:00+00:00,1.10663369641568,1.1074518895806118,1.1052592196519568,1.1068812711883584,952.0
2024-10-21 16:00:00+00:00,1.1065963231467209,1.107725978842219,1.1058855155794438,1.1072749375918975,929.0
2024-10-21 17:00:00+00:00,1.1066989891262975,1.1074412449545736,1.1048317325609582,1.1066967535026364,879.0
2024-10-21 18:00:00+00:00,1.106472305515542,1.1068002551841682,1.1046546530759596,1.1064800998024402,1158.0
2024-10-21 19:00:00+00:00,1.1063914942550492,1.1079681162215018,1.1058648215236533,1.1064955282116185,1449.0
2024-10-21 20:00:00+00:00,1.106459317102256,1.1081532402430854,1.1058493755038146,1.1066034687023287,1262.0
2024-10-21 21:00:00+00:00,1.106517741256884,1.1070718354333988,1.1052739502514084,1.1057714875469058,1332.0
2024-10-21 22:00:00+00:00,1.1062183306134172,1.1066677197462105,1.104455351696884,1.1060899830638056,444.0
2024-10-21 23:00:00+00:00,1.1060554281161268,1.1069931279582448,1.1051988105406705,1.1066083057798966,673.0
2024-10-22 00:00:00+00:00,1.1062744251471452,1.106614357916141,1.1045653391278365,1.1063127665328871,964.0
2024-10-22 01:00:00+00:00,1.1061851187950509,1.1065144487971912,1.1052398216716577,1.1059458363527117,1195.0
2024-10-22 02:00:00+00:00,1.1060315582034754,1.1066270838392172,1.105208555187546,1.1057973711220124,621.0
2024-10-22 03:00:00+00:00,1.1059425693641811,1.1072578258289287,1.105227645833913,1.107214276097256,1411.0
2024-10-22 04:00:00+00:00,1.1057812109971106,1.1066116238225092,1.104824039276113,1.1065419769794909,642.0
2024-10-22 05:00:00+00:00,1.105806969958779,1.1066264344640646,1.105218249096832,1.1062774068871857,1164.0
2024-10-22 06:00:00+00:00,1.1061048316597226,1.1072892911642906,1.1048457145384871,1.106312307450477,1132.0
2024-10-22 07:00:00+00:00,1.1061908909267724,1.1068208309687286,1.1053462981808415,1.1057820123257494,827.0
2024-10-22 08:00:00+00:00,1.105993163244008,1.1063431436972175,1.1047159011114007,1.1056540315434586,714.0
2024-10-22 09:00:00+00:00,1.1059943564424215,1.1069162254015767,1.1050993404676004,1.105708733215808,650.0
2024-10-22 10:00:00+00:00,1.1060772338929352,1.1084581407781238,1.1050638173394074,1.1079046122734098,1134.0
2024-10-22 11:00:00+00:00,1.1062059642367568,1.1076446076529312,1.105492891636395,1.1073826534343765,1075.0
2024-10-22 12:00:00+00:00,1.1061120581005404,1.1065589658951165,1.103933138434353,1.1053317922050838,1114.0
2024-10-22 13:00:00+00:00,1.1058569044013025,1.1062416746405346,1.104669808283076,1.1052054813769772,959.0
2024-10-22 14:00:00+00:00,1.105710143504951,1.1065472348701697,1.1043691285737405,1.1063648151359078,1516.0
2024-10-22 15:00:00+00:00,1.1054469138779588,1.1060037428093268,1.1037259260286345,1.1048374056792951,533.0
2024-10-22 16:00:00+00:00,1.1052719011487808,1.1069169484482153,1.104763936724528,1.1048261025176944,1223.0
2024-10-22 17:00:00+00:00,1.10525296603457,1.105802968178237,1.1046312462496686,1.1053449275312843,950.0
2024-10-22 18:00:00+00:00,1.1052432740009537,1.105679664700309,1.104027213521355,1.104886324168394,901.0
2024-10-22 19:00:00+00:00,1.1052653190011414,1.10625885248725,1.1044188632622816,1.1053769976352126,1161.0
2024-10-22 20:00:00+00:00,1.104936076692966,1.10561866506951,1.1040801445779744,1.1051596687600225,930.0
2024-10-22 21:00:00+00:00,1.1049543801804462,1.1057541321007878,1.103454502497335,1.1050143467345792,781.0
2024-10-22 22:00:00+00:00,1.104962500731714,1.1055076255554892,1.1043503711451386,1.1053631119571354,1083.0
2024-10-22 23:00:00+00:00,1.10463913611479,1.105076224603376,1.1031168563848468,1.1037231270880186,1423.0
2024-10-23 00:00:00+00:00,1.1046716260720009,1.1059844871773925,1.104135846294745,1.104607357343822,609.0
2024-10-23 01:00:00+00:00,1.1047433461816838,1.1060403529655938,1.103940638280121,1.10597155103348,956.0
2024-10-23 02:00:00+00:00,1.1050957659963505,1.106440754240653,1.104500039247421,1.1061927237939442,1076.0
2024-10-23 03:00:00+00:00,1.1048412380786536,1.10655583076261,1.104231139811292,1.1058452419254996,1378.0
2024-10-23 04:00:00+00:00,1.104626077117094,1.1048939462725835,1.103853434630961,1.104482543146668,1421.0
2024-10-23 05:00:00+00:00,1.1044942203349055,1.104963581145116,1.1032136517327906,1.104791699538174,1113.0
2024-10-23 06:00:00+00:00,1.1045105379491305,1.1064350011027555,1.1034777051344105,1.105585530498907,735.0
2024-10-23 07:00:00+00:00,1.1047720541489954,1.1050908752834274,1.1034733258238385,1.1039396557239822,1084.0
2024-10-23 08:00:00+00:00,1.1048360351935225,1.1059362063758875,1.103065861006348,1.1056006978095687,1435.0
2024-10-23 09:00:00+00:00,1.104701523271851,1.105192707909965,1.1037112176970951,1.1046772340855378,988.0
2024-10-23 10:00:00+00:00,1.1048504431963448,1.1057436507240033,1.1036280377771976,1.103727665874637,1155.0
2024-10-23 11:00:00+00:00,1.105092511895025,1.1061510253223352,1.1036308124212972,1.103908267797567,828.0
2024-10-23 12:00:00+00:00,1.1051930978643034,1.1076444415380813,1.1047457636963554,1.1071616277340752,707.0
2024-10-23 13:00:00+00:00,1.1050876744093123,1.1062283955169103,1.10433177184462,1.1047898359871513,1667.0
2024-10-23 14:00:00+00:00,1.1051498333779302,1.107077681122245,1.1044262421552542,1.1067606580992349,596.0
2024-10-23 15:00:00+00:00,1.1054995761620123,1.1065812771357024,1.104978260165003,1.106344015936933,1276.0
2024-10-23 16:00:00+00:00,1.1053638617069126,1.1065888967552422,1.104744514583223,1.1052799061640022,1111.0
2024-10-23 17:00:00+00:00,1.105361794048216,1.105999543982127,1.10434915657391,1.1051605045349928,1624.0
2024-10-23 18:00:00+00:00,1.105379910133792,1.1054928189996716,1.1039770967477576,1.1049635131767424,1004.0
2024-10-23 19:00:00+00:00,1.1053696523642185,1.1055693203296126,1.1036647874602357,1.1054458416607011,1100.0
2024-10-23 20:00:00+00:00,1.1053996767160084,1.1065201185698117,1.1045024877816347,1.1053013425248477,1118.0
2024-10-23 21:00:00+00:00,1.105487410493828,1.106175752345695,1.1032726624362068,1.1036210208513573,724.0
2024-10-23 22:00:00+00:00,1.105353576072913,1.108227441054687,1.1041474761255017,1.1041964824029589,981.0
2024-10-23 23:00:00+00:00,1.1052663596722765,1.106308279629313,1.103715244337917,1.1057515354049678,1435.0
2024-10-24 00:00:00+00:00,1.105212590702466,1.105874339113495,1.1028181213028765,1.105122772271143,1543.0
2024-10-24 01:00:00+00:00,1.1051953104819745,1.1062510522748887,1.1042426467020134,1.1042744208960966,936.0
2024-10-24 02:00:00+00:00,1.1053607490407362,1.1065181105883042,1.1035904839773136,1.1062169103012751,1021.0
2024-10-24 03:00:00+00:00,1.1056051932237878,1.1074034884321702,1.105229067982314,1.105787845209477,1482.0
2024-10-24 04:00:00+00:00,1.1055408519968777,1.10625991141167,1.1048469033692625,1.1058119466509542,757.0
2024-10-24 05:00:00+00:00,1.105390880546817,1.1071224962380772,1.103540313899872,1.106925067308961,1245.0
2024-10-24 06:00:00+00:00,1.1053889488867774,1.1063551832007268,1.1042308616989511,1.1048562435488165,1138.0
2024-10-24 07:00:00+00:00,1.1055306331748982,1.106131392520502,1.1049031674068277,1.1051131889044383,613.0
2024-10-24 08:00:00+00:00,1.1052397613486644,1.105588897455009,1.1043507401206882,1.1052075326361377,1155.0
2024-10-24 09:00:00+00:00,1.1051571710870736,1.1053378331419443,1.103854029801233,1.1050091886322335,1382.0
2024-10-24 10:00:00+00:00,1.105190203683377,1.1073543644036508,1.104587425121366,1.1054714141178672,1009.0
2024-10-24 11:00:00+00:00,1.105518001696745,1.106524378701242,1.1045799838747388,1.1055063672208594,1328.0
2024-10-24 12:00:00+00:00,1.1052492223905244,1.105941334786756,1.104678971152657,1.1055778394584128,1481.0
2024-10-24 13:00:00+00:00,1.105497017162932,1.1067707845658157,1.1046154177556908,1.1053005431278766,1037.0
2024-10-24 14:00:00+00:00,1.1053959963288993,1.1067579598655366,1.1037666264775507,1.1045220153643196,1110.0
2024-10-24 15:00:00+00:00,1.1054993965617903,1.1065835642568451,1.1048209606506618,1.1062302226240266,1355.0
2024-10-24 16:00:00+00:00,1.1054066232997648,1.1061142848420495,1.1032725420561733,1.104528023148026,1215.0
2024-10-24 17:00:00+00:00,1.1052091542156797,1.1057851144356243,1.1042744912166034,1.104446081130052,1223.0
2024-10-24 18:00:00+00:00,1.105101355745978,1.1066540533776754,1.1038364252152668,1.10435431840709,1432.0
2024-10-24 19:00:00+00:00,1.105155815879349,1.1062747291286277,1.1044211851644534,1.1058001171664549,865.0
2024-10-24 20:00:00+00:00,1.1054074087337251,1.1073947169575509,1.104622770097024,1.1067858257879346,643.0
2024-10-24 21:00:00+00:00,1.1056275249476113,1.106213952113237,1.1041085315116226,1.1044331366407405,1384.0
2024-10-24 22:00:00+00:00,1.1054483506003512,1.1060686563233724,1.1047094584630377,1.105220351329311,1309.0
2024-10-24 23:00:00+00:00,1.1054754797944233,1.1072517869974718,1.1036379887909047,1.106692792858767,1436.0
2024-10-25 00:00:00+00:00,1.1053909382109577,1.1063623304494474,1.1043350054860537,1.1048460266802491,1322.0
2024-10-25 01:00:00+00:00,1.105095526129492,1.1062552849691791,1.104178515356942,1.1043579909749273,1511.0
2024-10-25 02:00:00+00:00,1.1053746070136148,1.1060741882845813,1.104200721496086,1.1053985540933948,801.0
2024-10-25 03:00:00+00:00,1.105312984759119,1.1059413445580644,1.1043692137607015,1.105015275651053,822.0
2024-10-25 04:00:00+00:00,1.1052447866550672,1.105883510146702,1.1044981175277635,1.1055506429996302,1292.0
2024-10-25 05:00:00+00:00,1.1049755946109368,1.1060061401909411,1.1041214147889695,1.1046175116475645,987.0
2024-10-25 06:00:00+00:00,1.1053487006910827,1.105713865639243,1.1042478411109329,1.1044959513971904,1136.0
2024-10-25 07:00:00+00:00,1.1055314868973558,1.1067120815408185,1.104948168336621,1.106338416576712,684.0
2024-10-25 08:00:00+00:00,1.105520223893951,1.106225368345317,1.10328467418012,1.105806763518673,1082.0
2024-10-25 09:00:00+00:00,1.1055246438262591,1.1061256941723934,1.1043956156076231,1.1044335009548372,1129.0
2024-10-25 10:00:00+00:00,1.1056469279820158,1.1063495347000063,1.1053155476575651,1.1054739435695085,1430.0
2024-10-25 11:00:00+00:00,1.1053958238229082,1.1069370669967638,1.104469171519072,1.1045708263878735,683.0
2024-10-25 12:00:00+00:00,1.1053530030852206,1.10639364948981,1.1043820105278328,1.105908395049209,1153.0
2024-10-25 13:00:00+00:00,1.1054979983431747,1.107012274243037,1.1050366661410016,1.1051290766468709,1140.0
2024-10-25 14:00:00+00:00,1.10526467984794,1.1067708080096386,1.104234410407762,1.1064704067397613,1458.0
2024-10-25 15:00:00+00:00,1.1050735621860484,1.1062450248977955,1.1042945325339288,1.10509157335616,1252.0
2024-10-25 16:00:00+00:00,1.1053975421771478,1.106731419776128,1.10347731609933,1.10484162919032,1422.0
2024-10-25 17:00:00+00:00,1.1053217532826425,1.1061984590723537,1.1032355552713164,1.1061751282768757,1090.0
2024-10-25 18:00:00+00:00,1.1053632515756735,1.10601703772119,1.1044099798839355,1.1047255897589203,932.0
2024-10-25 19:00:00+00:00,1.10570134786681,1.1064222949492624,1.1048218974514872,1.1056158210149911,1260.0
2024-10-25 20:00:00+00:00,1.106042817612633,1.1063321151509449,1.1043864257737743,1.106086182073457,1206.0
2024-10-25 21:00:00+00:00,1.1059750891040678,1.1067268336746152,1.1045748835759543,1.1060637086266865,1600.0
2024-10-25 22:00:00+00:00,1.1058718032470696,1.106711678589457,1.1042183324766102,1.1059847882725602,605.0
2024-10-25 23:00:00+00:00,1.106002055616443,1.107708997963611,1.1047112924398506,1.1059274748835684,1237.0
2024-10-26 00:00:00+00:00,1.1060050574925402,1.1066796969690216,1.1046827688592402,1.1064145409847426,1576.0
2024-10-26 01:00:00+00:00,1.105879439726282,1.10625826515677,1.1044767435545098,1.104806961324834,850.0
2024-10-26 02:00:00+00:00,1.1059024595366715,1.1065351318278087,1.104551731928872,1.1056936316424495,931.0
2024-10-26 03:00:00+00:00,1.1061447585795776,1.106795529700481,1.105031275445571,1.1064052587023492,1381.0
2024-10-26 04:00:00+00:00,1.1062837819847695,1.1076126441374097,1.1053790457195316,1.1066265812427083,1205.0
2024-10-26 05:00:00+00:00,1.1063014564012523,1.1074141448020625,1.105303059447807,1.106196675187244,938.0
2024-10-26 06:00:00+00:00,1.1061394527630743,1.108153607212651,1.1053308990344377,1.1078965425593184,1016.0
2024-10-26 07:00:00+00:00,1.1059437789672737,1.1070229425104248,1.1043787399131713,1.1061753690357472,1070.0
2024-10-26 08:00:00+00:00,1.105787920981979,1.10774170000738,1.105199900236549,1.1071670400499525,1270.0
2024-10-26 09:00:00+00:00,1.106154406593301,1.1069014942662223,1.1038683692831572,1.106690865353024,1210.0
2024-10-26 10:00:00+00:00,1.1063547169921806,1.1067790529950112,1.1056143892942067,1.1059781675650304,1366.0
2024-10-26 11:00:00+00:00,1.1067818021310878,1.1076692227318634,1.105990129241288,1.1071344367652538,944.0
2024-10-26 12:00:00+00:00,1.1069524642419035,1.1079851560859322,1.1058525531381636,1.1075926281098545,801.0
2024-10-26 13:00:00+00:00,1.106800239758724,1.1080706225394668,1.1052191440192238,1.1053138864791827,913.0
2024-10-26 14:00:00+00:00,1.106471230417441,1.1084776352043535,1.1049513095816863,1.108293340160374,885.0
2024-10-26 15:00:00+00:00,1.106961419716087,1.1081538566817568,1.106159515946073,1.1068060086446785,964.0
2024-10-26 16:00:00+00:00,1.1067757464164831,1.1079297052788917,1.105905944289968,1.1072941537897394,1108.0
2024-10-26 17:00:00+00:00,1.1066873658105307,1.1075828522271405,1.1053151618106698,1.1057549666985007,1724.0
2024-10-26 18:00:00+00:00,1.1063131862985731,1.1072395033658318,1.105318667283783,1.1062162121033587,1051.0
2024-10-26 19:00:00+00:00,1.1060829232737028,1.106879368699277,1.1050463263550625,1.105061031882593,1060.0
2024-10-26 20:00:00+00:00,1.1057764591779484,1.1063476286304967,1.104618535595942,1.104708218506354,1374.0
2024-10-26 21:00:00+00:00,1.1056456905216874,1.1065375406416755,1.1043803836363495,1.1060263431183124,1243.0
2024-10-26 22:00:00+00:00,1.105649010019058,1.1065081771303311,1.1052581301079525,1.1062316216641717,1168.0
2024-10-26 23:00:00+00:00,1.1059500990432896,1.1071744818450084,1.1048661643561857,1.1069811770765867,1332.0
2024-10-27 00:00:00+00:00,1.1060541208053811,1.106555009976018,1.1049225317390334,1.105693536328623,1451.0
2024-10-27 01:00:00+00:00,1.1061396046315808,1.107458022473793,1.105728582221864,1.1060221599438376,433.0
2024-10-27 02:00:00+00:00,1.1060440749896958,1.1067860256093904,1.1054151836164556,1.1066529162476095,705.0
2024-10-27 03:00:00+00:00,1.1063645705043907,1.107075566130449,1.1051800375875718,1.105351672235918,1047.0
2024-10-27 04:00:00+00:00,1.1062906357848792,1.1069650305176073,1.1047599888655912,1.10656310208728,1483.0
2024-10-27 05:00:00+00:00,1.1065019457762688,1.107206671171011,1.105819794481333,1.1059961220331584,890.0
2024-10-27 06:00:00+00:00,1.106613717938086,1.1074274588805253,1.1051915030276602,1.1053827456815488,1343.0
2024-10-27 07:00:00+00:00,1.1069831355330622,1.1073104992340448,1.1063416160774462,1.1072538526042368,534.0
2024-10-27 08:00:00+00:00,1.107151464420148,1.1075905222438769,1.1059880514224985,1.107085485295619,1409.0
2024-10-27 09:00:00+00:00,1.1070048765863052,1.1077098131910357,1.1058006747289535,1.106252512429143,860.0
2024-10-27 10:00:00+00:00,1.1070787579343042,1.1077962910028154,1.105553868957372,1.1057782456571663,1066.0
2024-10-27 11:00:00+00:00,1.1069832519089942,1.1074231983374825,1.1052370915785636,1.106317422033098,1216.0
2024-10-27 12:00:00+00:00,1.1066892725824262,1.1072110574250449,1.10533514755091,1.1071226317008274,1007.0
2024-10-27 13:00:00+00:00,1.1069103232198254,1.1078151844685535,1.1060424204166566,1.1068647951845505,1456.0
2024-10-27 14:00:00+00:00,1.106613639307586,1.1085481443250078,1.1057612103093934,1.107625092775457,1438.0
2024-10-27 15:00:00+00:00,1.1068303321474762,1.107972670040675,1.105286385665163,1.107501787103755,1216.0
2024-10-27 16:00:00+00:00,1.1067693788809128,1.1088842988183714,1.1054046576269143,1.1069816067634513,1040.0
2024-10-27 17:00:00+00:00,1.106401237675102,1.1073588660063725,1.105405567362293,1.1065820895168026,696.0
2024-10-27 18:00:00+00:00,1.1062915359104764,1.1066655788527755,1.105114037909401,1.105733489218932,1100.0
2024-10-27 19:00:00+00:00,1.1060973941905012,1.1069558506528328,1.1054935143673077,1.1057210261941424,820.0
2024-10-27 20:00:00+00:00,1.1062094626999277,1.1070913494675445,1.10455011701928,1.106184442563729,923.0
2024-10-27 21:00:00+00:00,1.106147246726478,1.1070553208877587,1.105727390128881,1.1064535727373317,1246.0
2024-10-27 22:00:00+00:00,1.10611927632285,1.1069591775590808,1.1056485550132926,1.1060859542581474,1006.0
2024-10-27 23:00:00+00:00,1.106151916545682,1.1064905480744305,1.104584035434914,1.1047786846906646,833.0
2024-10-28 00:00:00+00:00,1.1060515910228057,1.106406648467109,1.1047947163291143,1.1049442172475907,1121.0
2024-10-28 01:00:00+00:00,1.1056266824683625,1.1070706846623326,1.1039658269091168,1.104634855516072,1213.0
2024-10-28 02:00:00+00:00,1.1054843867108448,1.1059672211622271,1.1045578651099566,1.105833729468234,750.0
2024-10-28 03:00:00+00:00,1.105182622016703,1.1065477036785625,1.1044043985782694,1.1050552161571652,921.0
2024-10-28 04:00:00+00:00,1.1053586553293266,1.1068512982921286,1.104745072167085,1.1050175781846507,1582.0
2024-10-28 05:00:00+00:00,1.105148511828094,1.1063173327257172,1.1042570108518246,1.1046372281333123,1295.0
2024-10-28 06:00:00+00:00,1.1053590477563433,1.1061868510905688,1.104001474580565,1.105898568424892,1234.0
2024-10-28 07:00:00+00:00,1.104878171890191,1.1055435349771912,1.103655530159972,1.104025630556141,1610.0
2024-10-28 08:00:00+00:00,1.1052831401103007,1.105940306606805,1.1044796830310566,1.105326109216931,1156.0
2024-10-28 09:00:00+00:00,1.1053239483132808,1.1056303589929208,1.1039147394111803,1.1043287532045536,1538.0
2024-10-28 10:00:00+00:00,1.1054991577104607,1.106133185237668,1.1045248807761625,1.1053239821865304,1202.0
2024-10-28 11:00:00+00:00,1.10545094561809,1.106724197890663,1.1038181704222334,1.1064706211711344,969.0
2024-10-28 12:00:00+00:00,1.105474603522293,1.1066019101365154,1.104073277438278,1.106014875480894,928.0
2024-10-28 13:00:00+00:00,1.1056829169416251,1.1071047496727642,1.1045454387851568,1.1045917223660042,841.0
2024-10-28 14:00:00+00:00,1.105456135132723,1.1080751481767446,1.1040693753259996,1.104674448275201,977.0
2024-10-28 15:00:00+00:00,1.1053564244427063,1.1061004740773488,1.1046232235058795,1.104696904035802,1640.0
2024-10-28 16:00:00+00:00,1.1049543872407754,1.1060906523927827,1.1037112799021014,1.1055178881632584,1450.0
2024-10-28 17:00:00+00:00,1.1050458734620765,1.105771586573831,1.1044655522083937,1.1046781362290006,1340.0
2024-10-28 18:00:00+00:00,1.1052600402590629,1.105916298807218,1.1035722199959748,1.104254544683594,954.0
2024-10-28 19:00:00+00:00,1.1051929262087594,1.106103589436031,1.1035438070399894,1.104605067180079,1055.0
2024-10-28 20:00:00+00:00,1.1056177687696285,1.106254010473778,1.105083933279649,1.1054516907272336,1221.0
2024-10-28 21:00:00+00:00,1.1058349323428065,1.10704705321891,1.1047548523515356,1.10676866283998,1063.0
2024-10-28 22:00:00+00:00,1.1059959121999607,1.1065807689838252,1.1050340535002698,1.1052479604990149,1212.0
2024-10-28 23:00:00+00:00,1.105986188576233,1.107044763133323,1.105208824012155,1.10638087561295,1394.0
2024-10-29 00:00:00+00:00,1.1062637784132126,1.1073959047246642,1.105469115196103,1.1059123500327177,1267.0
2024-10-29 01:00:00+00:00,1.1056885187556904,1.1064871121195887,1.1044222727076218,1.1058868575189416,860.0
2024-10-29 02:00:00+00:00,1.1058615722144676,1.1065675611053682,1.1036221957260128,1.1053434755648694,440.0
2024-10-29 03:00:00+00:00,1.1056327690884309,1.1076221862506566,1.1044346325243657,1.1072678834070144,1186.0
2024-10-29 04:00:00+00:00,1.1058794984686906,1.1071669521574077,1.104925754880293,1.1067635611831166,1052.0
2024-10-29 05:00:00+00:00,1.1060450538704918,1.107002610558071,1.1048692208291435,1.1064084955529727,1496.0
2024-10-29 06:00:00+00:00,1.1063050579063558,1.10716235793287,1.104655815879653,1.1059160722968344,782.0
2024-10-29 07:00:00+00:00,1.1064652468875915,1.1077981129153072,1.105762429863133,1.10610655683142,1334.0
2024-10-29 08:00:00+00:00,1.1066157926216171,1.1078679843572723,1.1059155901906448,1.1073062991823803,961.0
2024-10-29 09:00:00+00:00,1.1068768163507396,1.1077464025080554,1.1062289218066486,1.1068854136209672,1045.0
2024-10-29 10:00:00+00:00,1.1066041953704913,1.1077000077545,1.1060257178114834,1.106898801385486,641.0
2024-10-29 11:00:00+00:00,1.1066502602874404,1.107469944811501,1.105842581781448,1.1065854524217578,1067.0
2024-10-29 12:00:00+00:00,1.1067119351057173,1.1069251382624228,1.1056857055215787,1.1058076816086222,813.0
2024-10-29 13:00:00+00:00,1.106687826488387,1.1085419962377585,1.1058432767101334,1.1064112443613403,1480.0
2024-10-29 14:00:00+00:00,1.1066214312599836,1.1072904144335771,1.1060395435997576,1.1065611217071118,667.0
2024-10-29 15:00:00+00:00,1.1067163107364688,1.107606959822129,1.1059844817029194,1.1060921355329547,1383.0
2024-10-29 16:00:00+00:00,1.1068322461911444,1.107763627669492,1.1055795053950424,1.1067921907741844,654.0
2024-10-29 17:00:00+00:00,1.1067663542779085,1.1082298061321911,1.1051969921099245,1.1071295233380094,558.0
2024-10-29 18:00:00+00:00,1.1068545715528884,1.1082077016338192,1.1057454501677817,1.1071771064196858,1040.0
2024-10-29 19:00:00+00:00,1.106919897355597,1.1082764576531028,1.1060080887037589,1.1075710267991103,1425.0
2024-10-29 20:00:00+00:00,1.1069269863341304,1.1079277024172818,1.1055405424419755,1.106945508188504,1204.0
2024-10-29 21:00:00+00:00,1.106832134958483,1.1074564363597563,1.1061796695557773,1.1068388082773752,1011.0
2024-10-29 22:00:00+00:00,1.106549770297658,1.1076351678488483,1.1049104220035777,1.1060268591436742,1000.0
2024-10-29 23:00:00+00:00,1.1068606395148473,1.1074430653883074,1.1058293929188323,1.1071018121274554,937.0
2024-10-30 00:00:00+00:00,1.1067118345158964,1.1081149343851189,1.105782834179911,1.1059105774190008,839.0
2024-10-30 01:00:00+00:00,1.1068946447170551,1.108070381762272,1.1060340502452013,1.106345454836126,693.0
2024-10-30 02:00:00+00:00,1.107142575408512,1.1082130302545643,1.1050109363775855,1.1071646277813667,779.0
2024-10-30 03:00:00+00:00,1.1070857477801306,1.1086426571379904,1.106459597417606,1.1084697388722746,1273.0
2024-10-30 04:00:00+00:00,1.1076367945937784,1.1087489302062756,1.1063809566315803,1.1085578837478305,977.0
2024-10-30 05:00:00+00:00,1.1077957951888937,1.108764118416801,1.1066248624574155,1.107754219815423,1070.0
2024-10-30 06:00:00+00:00,1.1078586386436269,1.1080531172053043,1.1069098722855886,1.1075791418173686,865.0
2024-10-30 07:00:00+00:00,1.1077721735005168,1.1094054188449631,1.1071639050452082,1.1081415354797777,1181.0
2024-10-30 08:00:00+00:00,1.1079843646973635,1.1090870619930442,1.107483320726235,1.1085116557073005,310.0
2024-10-30 09:00:00+00:00,1.1082401363326404,1.1096860892526474,1.1075040723036775,1.1091623884729105,904.0
2024-10-30 10:00:00+00:00,1.1082845895360889,1.109162967276946,1.107411204979753,1.1086000253673258,1429.0
2024-10-30 11:00:00+00:00,1.108324462480055,1.1100824455005365,1.1077600253993232,1.1097468416757372,1275.0
2024-10-30 12:00:00+00:00,1.1083788559444434,1.1101326493679948,1.1074946589535106,1.1089018680766098,986.0
2024-10-30 13:00:00+00:00,1.1083355467426397,1.1088336507236547,1.1069749016972628,1.1079135510381002,1110.0
2024-10-30 14:00:00+00:00,1.1078855394862497,1.108221970402051,1.1063973312425466,1.1078901154596108,911.0
2024-10-30 15:00:00+00:00,1.1078229645725546,1.109020725221961,1.1064102717672413,1.1066863060735903,846.0
2024-10-30 16:00:00+00:00,1.1074925947181316,1.108647680502597,1.10634184178386,1.1073779766903966,996.0
2024-10-30 17:00:00+00:00,1.1077966154129182,1.108341465677695,1.1068313738135025,1.1071013015156783,1071.0
2024-10-30 18:00:00+00:00,1.1076596732316475,1.1092611085912776,1.1073477850166535,1.1088925038733874,1213.0
2024-10-30 19:00:00+00:00,1.108069265700274,1.1092513148630705,1.1061572704087588,1.1086298125278833,1259.0
2024-10-30 20:00:00+00:00,1.1078191324460571,1.108149302712482,1.1061280892514438,1.1073983820353346,924.0
2024-10-30 21:00:00+00:00,1.1076649394866904,1.1099064475116411,1.1061511322516098,1.1091706440237823,1028.0
2024-10-30 22:00:00+00:00,1.1077793858826588,1.108819257194829,1.106728241178368,1.1067483985237716,759.0
2024-10-30 23:00:00+00:00,1.1079647825981909,1.1087297067250157,1.10685050714864,1.107983579046416,1113.0
2024-10-31 00:00:00+00:00,1.108285015224474,1.108905606914384,1.1070118372183768,1.1088275541612491,1442.0
2024-10-31 01:00:00+00:00,1.1082542565822662,1.109198634901758,1.107790344685096,1.1085511449549044,1332.0
2024-10-31 02:00:00+00:00,1.1082605687119254,1.108599795282648,1.1071471856996822,1.1073127914288203,1424.0
2024-10-31 03:00:00+00:00,1.1081490849666669,1.1089792884752112,1.1072493097492715,1.1085537567574764,1068.0
2024-10-31 04:00:00+00:00,1.1082294584656665,1.109612674723918,1.1080006058678018,1.1092331458533773,1087.0
2024-10-31 05:00:00+00:00,1.1085292832504987,1.1095087233645122,1.108169773794712,1.1091857113996466,787.0
2024-10-31 06:00:00+00:00,1.1083987573827372,1.1098223436002814,1.1078806020536385,1.1085586169845945,1061.0
2024-10-31 07:00:00+00:00,1.1084945608783037,1.1094364462906328,1.1075077713228878,1.1078247388879006,1374.0
2024-10-31 08:00:00+00:00,1.1085590738851188,1.1107169507652104,1.1074425885809216,1.1079039221169755,846.0
2024-10-31 09:00:00+00:00,1.10839986021883,1.109234369884994,1.1072042426753204,1.109165386350423,921.0
2024-10-31 10:00:00+00:00,1.108365170301347,1.1094900613974343,1.1075703055202484,1.1089084420259607,569.0
2024-10-31 11:00:00+00:00,1.1084235188014326,1.1095463716643634,1.107180522915132,1.1080582192118458,1178.0
2024-10-31 12:00:00+00:00,1.1086802090328305,1.1098855248053825,1.1073235357990163,1.1092825154105008,1377.0
2024-10-31 13:00:00+00:00,1.108601185550833,1.1096503528901045,1.1068971727799728,1.1091694390505624,1142.0
2024-10-31 14:00:00+00:00,1.1085632350737598,1.1090868349297305,1.1075555568314055,1.1079057294193793,1620.0
2024-10-31 15:00:00+00:00,1.1084044593817546,1.109866780791437,1.107743042636347,1.1092058218550944,965.0
2024-10-31 16:00:00+00:00,1.1083832628917634,1.108944546562549,1.1069409990414052,1.1087554300308953,1272.0
2024-10-31 17:00:00+00:00,1.1082607115738086,1.108610585320168,1.106672101780741,1.1082575524322469,554.0
2024-10-31 18:00:00+00:00,1.107869611521825,1.1095735479642197,1.1075628912957505,1.108172806556088,1338.0
2024-10-31 19:00:00+00:00,1.108110138784025,1.1086849043624163,1.1074359722811429,1.1081334159286542,932.0
2024-10-31 20:00:00+00:00,1.1083424821247758,1.1088690392949012,1.1078027282554777,1.1083717686900652,1400.0
2024-10-31 21:00:00+00:00,1.108246277861373,1.1092163811193836,1.107026279273123,1.107211341751854,778.0
2024-10-31 22:00:00+00:00,1.1082054398166696,1.1094258394426384,1.1069522831417922,1.107309168427913,1122.0
2024-10-31 23:00:00+00:00,1.1081318457117693,1.108909885485953,1.1068829840483705,1.1087083129543502,1121.0
2024-11-01 00:00:00+00:00,1.1080736796571204,1.1086564277518984,1.1070306970997492,1.1074359809640213,1121.0
2024-11-01 01:00:00+00:00,1.107937537959216,1.109360241304238,1.1075981195779383,1.1086267226629358,994.0
2024-11-01 02:00:00+00:00,1.108329675257672,1.1095423605179684,1.1079912414181812,1.109177938923302,1128.0
2024-11-01 03:00:00+00:00,1.1084068430246503,1.108733461385695,1.1074011420101069,1.1077438301692708,459.0
2024-11-01 04:00:00+00:00,1.108361063210338,1.1095442350834757,1.1075336227384869,1.1077984068058635,1275.0
2024-11-01 05:00:00+00:00,1.108540723267991,1.1087117472520855,1.1070335437941627,1.1082443041119177,822.0
2024-11-01 06:00:00+00:00,1.1084910333109774,1.109461415609549,1.1069770932956102,1.1070861739871014,1399.0
2024-11-01 07:00:00+00:00,1.1081973818820938,1.1091962200091752,1.107421146015443,1.108216486504756,877.0
2024-11-01 08:00:00+00:00,1.1085009446740095,1.109349163066342,1.1073936530998183,1.1086440554652712,960.0
2024-11-01 09:00:00+00:00,1.1084461043202691,1.1098231151272622,1.1072381569510503,1.107864779060256,1567.0
2024-11-01 10:00:00+00:00,1.1081906115390772,1.108801311642191,1.1071032813881356,1.107536057155709,913.0
2024-11-01 11:00:00+00:00,1.1083659849331031,1.1090949626944488,1.1072945159098575,1.1083642403197256,1473.0
2024-11-01 12:00:00+00:00,1.1081084803052244,1.1091391596248867,1.1076642703175863,1.1082093476073265,755.0
2024-11-01 13:00:00+00:00,1.1082284556557045,1.1098263543097189,1.107841753438468,1.1091698893297468,1162.0
2024-11-01 14:00:00+00:00,1.1083470970284763,1.1090881452587746,1.107148659180706,1.1073336596023142,1003.0
2024-11-01 15:00:00+00:00,1.1080501985758502,1.1092733024444446,1.107721536869714,1.1083468071835838,1367.0
2024-11-01 16:00:00+00:00,1.10829585487428,1.1089732069667162,1.1076128042014453,1.1082218723049495,1540.0
2024-11-01 17:00:00+00:00,1.108013502022917,1.1086282297723056,1.1056628792769505,1.1058830718667263,1101.0
2024-11-01 18:00:00+00:00,1.1079702821079604,1.1088142909286314,1.1066336557025498,1.1066385053641856,918.0
2024-11-01 19:00:00+00:00,1.1079272988671205,1.1088236903804374,1.1070495635117967,1.108183414562251,1111.0
2024-11-01 20:00:00+00:00,1.1079496988649138,1.108641255090654,1.1064128894866612,1.1072012158619058,1215.0
2024-11-01 21:00:00+00:00,1.107965505515833,1.1095713174026576,1.1063501088521377,1.1065866266336817,1083.0
2024-11-01 22:00:00+00:00,1.1078524661007283,1.1085365062870376,1.1074307095091829,1.1083075244997724,1023.0
2024-11-01 23:00:00+00:00,1.1078877642046512,1.108664578736138,1.1067761918126482,1.1080066836921263,1517.0
2024-11-02 00:00:00+00:00,1.107426011634715,1.1095146831029188,1.1068365003194904,1.1088729474461754,671.0
2024-11-02 01:00:00+00:00,1.1075000581823955,1.1087228101859885,1.1061114894299138,1.1085703476023785,860.0
2024-11-02 02:00:00+00:00,1.107386547562092,1.107674358272283,1.1060628810360325,1.1063561602699583,918.0
2024-11-02 03:00:00+00:00,1.1073191712508073,1.1086632812137591,1.1072157337193187,1.1079038695585102,1056.0
2024-11-02 04:00:00+00:00,1.1074938482131715,1.108434228389493,1.106574939494278,1.1074765899308086,1095.0
2024-11-02 05:00:00+00:00,1.1074387070970952,1.1082090649057457,1.106721613401419,1.1072837830272504,1100.0
2024-11-02 06:00:00+00:00,1.1076705048119129,1.1083772570466572,1.1068868931765166,1.107498322087276,763.0
2024-11-02 07:00:00+00:00,1.107727309063033,1.108961931996421,1.1068377252886066,1.1089091099116355,1276.0
2024-11-02 08:00:00+00:00,1.1078971124501982,1.1090438377862455,1.1070287867940514,1.1086853258822764,1043.0
2024-11-02 09:00:00+00:00,1.1080515734354597,1.1100814127063878,1.1067217699210723,1.1088570203268762,1330.0
2024-11-02 10:00:00+00:00,1.1084685196035118,1.1092428047192602,1.1073778597105288,1.1089796746959824,967.0
2024-11-02 11:00:00+00:00,1.1083144654856234,1.1088294919080612,1.1072065278661944,1.1085344701869129,1208.0
2024-11-02 12:00:00+00:00,1.1080377211032366,1.1087888396427104,1.1056411771121395,1.1061489392520565,1207.0
2024-11-02 13:00:00+00:00,1.107756030044551,1.1092364808108626,1.1071619226719134,1.1085468582617066,1077.0
2024-11-02 14:00:00+00:00,1.1078321744602888,1.1081752730210297,1.1059974080045083,1.1068407000313454,902.0
2024-11-02 15:00:00+00:00,1.10754556907072,1.1083616216370853,1.1069830984190314,1.107274743812795,1332.0
2024-11-02 16:00:00+00:00,1.107762334730602,1.1087464088859944,1.1066696471670543,1.1070228434143958,1299.0
2024-11-02 17:00:00+00:00,1.1072876598086665,1.107350045944655,1.1055325849976314,1.1058858878774935,1187.0
2024-11-02 18:00:00+00:00,1.1070343584670062,1.108733577976705,1.1057335438892937,1.108339135547309,778.0
2024-11-02 19:00:00+00:00,1.1070311223777571,1.1075483841854534,1.1057691230980058,1.1064020645072945,842.0
2024-11-02 20:00:00+00:00,1.1067959199737605,1.1081196878485466,1.106043840329658,1.1078223021684828,823.0
2024-11-02 21:00:00+00:00,1.1072306682427175,1.108179892170145,1.106550078317563,1.1067163716879016,869.0
2024-11-02 22:00:00+00:00,1.1071753372549389,1.1077028120804775,1.1056937132928424,1.1062100031823734,911.0
2024-11-02 23:00:00+00:00,1.1070117883126838,1.1072583993599898,1.1062761880517935,1.1067510914791585,972.0
2024-11-03 00:00:00+00:00,1.107119786331062,1.1073202449181376,1.1055550840068158,1.1067228052126197,1331.0
2024-11-03 01:00:00+00:00,1.106907949771223,1.1077103961797865,1.1047170714489745,1.106916390372339,1358.0
2024-11-03 02:00:00+00:00,1.1069581129634152,1.1075786130207017,1.105064553595315,1.106944609409917,1131.0
2024-11-03 03:00:00+00:00,1.106881720109953,1.1075799927227652,1.1060339308328642,1.106765501021277,1141.0
2024-11-03 04:00:00+00:00,1.106989428546691,1.1088432232878422,1.1052962134091444,1.1056239742890617,1024.0
2024-11-03 05:00:00+00:00,1.106953557878224,1.1086945939613884,1.1065696156233626,1.106966054279075,905.0
2024-11-03 06:00:00+00:00,1.1072848631708705,1.108154248754483,1.1053075121857172,1.108141786132442,699.0
2024-11-03 07:00:00+00:00,1.1073371447322549,1.1085591778978758,1.106252940063129,1.1074446227274313,1210.0
2024-11-03 08:00:00+00:00,1.107356771276958,1.1080483982764389,1.1066947160791447,1.1075343912935,900.0
2024-11-03 09:00:00+00:00,1.1073933448459667,1.1078565806435765,1.1063649584742556,1.1064181044567607,1247.0
2024-11-03 10:00:00+00:00,1.1072702746036212,1.1081276510287943,1.105802578506622,1.1078660832357377,1229.0
2024-11-03 11:00:00+00:00,1.1075098623452106,1.1082641473626091,1.1065720555476128,1.107350362337785,1155.0
2024-11-03 12:00:00+00:00,1.107746577986756,1.109696263049536,1.107048275317846,1.108642635342589,1097.0
2024-11-03 13:00:00+00:00,1.1080385452684047,1.109260516376844,1.106477789930349,1.1070966245122635,740.0
2024-11-03 14:00:00+00:00,1.1078539753893648,1.1090892441572553,1.1075608287811811,1.1085696365260505,879.0
2024-11-03 15:00:00+00:00,1.1079943482783334,1.1094564429408542,1.1072986069615367,1.1075539823003715,1066.0
2024-11-03 16:00:00+00:00,1.1079019370106102,1.109477711736319,1.107671207852836,1.1081789020265775,896.0
2024-11-03 17:00:00+00:00,1.1079801269621736,1.1086349208532034,1.107377486767418,1.107392443037502,1522.0
2024-11-03 18:00:00+00:00,1.1083206611985343,1.1096016469043468,1.1057188786533527,1.108373025649336,666.0
2024-11-03 19:00:00+00:00,1.1081216888901042,1.1087793386107014,1.1066946403269864,1.1078555322349724,1104.0
2024-11-03 20:00:00+00:00,1.1085432239177555,1.109665513572558,1.107386695943674,1.1082024081647328,1041.0
2024-11-03 21:00:00+00:00,1.108397124868383,1.1093176092197885,1.107236101547166,1.1082998018970829,1143.0
2024-11-03 22:00:00+00:00,1.108819055218322,1.1102378631338143,1.107686998458976,1.1086252203256344,1036.0
2024-11-03 23:00:00+00:00,1.1085554894004492,1.1093928295075206,1.1074656645167424,1.1082097116848804,1162.0
2024-11-04 00:00:00+00:00,1.108759238925392,1.1095112178488522,1.107746374186991,1.1083904702119105,1088.0
2024-11-04 01:00:00+00:00,1.108634070119667,1.1092375048717098,1.1078459645119116,1.1083350553832958,1439.0
2024-11-04 02:00:00+00:00,1.10869623839793,1.109940234981616,1.1082500574811824,1.1093410754801971,1479.0
2024-11-04 03:00:00+00:00,1.1087897758478231,1.1103626565456004,1.1074180443704094,1.1096452940485924,995.0
2024-11-04 04:00:00+00:00,1.108848355904324,1.1093051389212072,1.1078099875351697,1.1083343986201448,884.0
2024-11-04 05:00:00+00:00,1.1089660426847967,1.110490365518761,1.108549014980644,1.1093613690036503,904.0
2024-11-04 06:00:00+00:00,1.1089621583816662,1.1093764741886396,1.1080105051614568,1.1088391768033767,933.0
2024-11-04 07:00:00+00:00,1.1090533715291526,1.1104331568467114,1.1078501913037786,1.1084884780493578,956.0
2024-11-04 08:00:00+00:00,1.1091863426350688,1.1104569330520413,1.1089154108817767,1.1096170841801358,1178.0
2024-11-04 09:00:00+00:00,1.1092683826240726,1.1099129027756622,1.1090135651023885,1.1095879315836448,1161.0
2024-11-04 10:00:00+00:00,1.109317525308158,1.1100320942889894,1.1078552743484396,1.1093426302293652,1229.0
2024-11-04 11:00:00+00:00,1.1092286029025973,1.1098343352801583,1.1087501622372584,1.109424753574177,702.0
2024-11-04 12:00:00+00:00,1.1092909037397052,1.1103710661395163,1.108204714471074,1.1088429961921364,1284.0
2024-11-04 13:00:00+00:00,1.1095300987811965,1.1108255331428407,1.1087643955603803,1.1091323256969048,798.0
2024-11-04 14:00:00+00:00,1.1093031802165425,1.110967232061156,1.1087961940244178,1.1094298182505669,971.0
2024-11-04 15:00:00+00:00,1.1091877927841738,1.1100636080768165,1.1077707504189087,1.109247451963587,820.0
2024-11-04 16:00:00+00:00,1.1091795779130251,1.1105436008245122,1.1089060359618326,1.1093008153830504,1312.0
2024-11-04 17:00:00+00:00,1.109446526435947,1.1104989130913554,1.1087085276220083,1.1092351671065586,529.0
2024-11-04 18:00:00+00:00,1.109438961771706,1.1114105185582406,1.1077302473915742,1.1095087982522849,1024.0
2024-11-04 19:00:00+00:00,1.1095443557656122,1.110784871424768,1.1083339949384174,1.1096046360789462,1075.0
2024-11-04 20:00:00+00:00,1.109076543987736,1.1103083765452526,1.1079651655470275,1.1085594422357274,1419.0
2024-11-04 21:00:00+00:00,1.108887198918448,1.1097665010665143,1.1082767964195548,1.1086170810114615,819.0
2024-11-04 22:00:00+00:00,1.1088303785489684,1.109600142677642,1.1079386360932824,1.108479819654389,1260.0
2024-11-04 23:00:00+00:00,1.1088895392620362,1.1092359184065843,1.1070813456284685,1.1077293244590374,1179.0
2024-11-05 00:00:00+00:00,1.108988851127492,1.1100184194501228,1.1080161183619253,1.1084774915244884,1428.0
2024-11-05 01:00:00+00:00,1.1091358299372,1.1101410283327144,1.1077990357029848,1.1078410085789436,1107.0
2024-11-05 02:00:00+00:00,1.1091146299331345,1.1098209332156894,1.1080549240759283,1.1092627421528245,1093.0
2024-11-05 03:00:00+00:00,1.10935922571542,1.1100194998608777,1.1084908315118147,1.109291552204705,949.0
2024-11-05 04:00:00+00:00,1.1097184241521731,1.1102253251449063,1.1089071592416635,1.1091493610815504,1222.0
2024-11-05 05:00:00+00:00,1.1092657502210836,1.110518595584077,1.108492359602466,1.110071767684063,1075.0
2024-11-05 06:00:00+00:00,1.1094418903825989,1.1105020571899782,1.108846830015629,1.109645321084085,1586.0
2024-11-05 07:00:00+00:00,1.1095198144794574,1.110547400164387,1.1090167417479653,1.10970787517018,1159.0
2024-11-05 08:00:00+00:00,1.109592185784352,1.1102457571454218,1.109204486002466,1.109647454972324,1279.0
2024-11-05 09:00:00+00:00,1.109688762688268,1.110813234807137,1.108486751489071,1.1086355044713168,1179.0
2024-11-05 10:00:00+00:00,1.109627108692078,1.1101412136096505,1.1087223382821485,1.1097207183100906,1066.0
2024-11-05 11:00:00+00:00,1.1097906204138417,1.110426370216787,1.1091909583191095,1.1101741724648275,1123.0
2024-11-05 12:00:00+00:00,1.1096782752640495,1.110613286189036,1.1089426003723262,1.110257655365784,849.0
2024-11-05 13:00:00+00:00,1.1100131596720986,1.1119856657265912,1.1097939910667645,1.1108955798331344,1431.0
2024-11-05 14:00:00+00:00,1.110323130113487,1.1127171346914106,1.1099756122344362,1.1108004986967703,1298.0
2024-11-05 15:00:00+00:00,1.1105076386327577,1.1107670783218688,1.1097395631896774,1.1107377322421432,1342.0
2024-11-05 16:00:00+00:00,1.1104469644313577,1.111484358877144,1.1094271947358636,1.1102477435631073,1561.0
2024-11-05 17:00:00+00:00,1.110325359848751,1.1109001569927073,1.10891747989467,1.1107139546044549,1205.0
2024-11-05 18:00:00+00:00,1.1102332033202127,1.11080991496032,1.1093499647002296,1.1104693928580711,982.0
2024-11-05 19:00:00+00:00,1.110173192283294,1.110718654404254,1.108240840269994,1.1095826560545197,1423.0
2024-11-05 20:00:00+00:00,1.109906148516241,1.1113369798369384,1.1091924822288128,1.1095801516951025,972.0
2024-11-05 21:00:00+00:00,1.1098992563329886,1.1110069842778734,1.109249998306141,1.1097158938374092,1574.0
2024-11-05 22:00:00+00:00,1.1100500459290046,1.111177371508476,1.1091623108388042,1.1101023477626912,1372.0
2024-11-05 23:00:00+00:00,1.110142950757912,1.1112859673122528,1.1087307501732315,1.1098697021915371,1456.0
2024-11-06 00:00:00+00:00,1.1100646371134746,1.1104952625368083,1.1080709955550532,1.1084035981172444,861.0
2024-11-06 01:00:00+00:00,1.1099508667497178,1.1109439674306227,1.109773140376838,1.110499697852927,1078.0
2024-11-06 02:00:00+00:00,1.1103128719282154,1.1115102436886315,1.109771720471858,1.111033421177975,938.0
2024-11-06 03:00:00+00:00,1.110269916514368,1.110889650112665,1.109020661778253,1.1103019036841253,1129.0
2024-11-06 04:00:00+00:00,1.1103597537459795,1.111285688327165,1.1089038677451095,1.1108716572355533,1312.0
2024-11-06 05:00:00+00:00,1.110530619678205,1.111411651590757,1.109959452607293,1.110904052763094,1210.0
2024-11-06 06:00:00+00:00,1.1108554709638248,1.1116080190824391,1.1095773047420057,1.109637873608259,707.0
2024-11-06 07:00:00+00:00,1.1109551362674452,1.1120535311979038,1.1107253259310734,1.1113410928341465,945.0
2024-11-06 08:00:00+00:00,1.1111629155909355,1.111609893216419,1.1096132689912157,1.111037103510487,1002.0
2024-11-06 09:00:00+00:00,1.1111123341812108,1.1113960689441067,1.110441731583727,1.1108237275203223,996.0
2024-11-06 10:00:00+00:00,1.1107519553745788,1.111745806841908,1.110331369280278,1.1112256144508323,1029.0
2024-11-06 11:00:00+00:00,1.110732767855455,1.11142157139328,1.1099300705836204,1.1108471854989226,1408.0
2024-11-06 12:00:00+00:00,1.1104137700821406,1.111313961408826,1.1098087887444863,1.1103979151843333,1250.0
2024-11-06 13:00:00+00:00,1.1105401721739123,1.1120640895536382,1.1100870311076372,1.111207915690006,1050.0
2024-11-06 14:00:00+00:00,1.1104307626140983,1.1108133972977172,1.108741896463466,1.1100113919704675,658.0
2024-11-06 15:00:00+00:00,1.1104777922663305,1.1112659578718238,1.1089357512443687,1.109020347331508,1123.0
2024-11-06 16:00:00+00:00,1.110018985863278,1.110707885774599,1.1088129800545914,1.1103823858162007,741.0
2024-11-06 17:00:00+00:00,1.110110203464239,1.1116492168444634,1.10974252078317,1.1105554984368098,766.0
2024-11-06 18:00:00+00:00,1.1102395836695689,1.1112519979812872,1.109762705500582,1.110326065394255,827.0
2024-11-06 19:00:00+00:00,1.1104256345051788,1.1111225464964294,1.1096837432503013,1.1105611330144372,1452.0
2024-11-06 20:00:00+00:00,1.110375540901952,1.1120052037444614,1.1094809955400622,1.1117022226700106,1109.0
2024-11-06 21:00:00+00:00,1.110517653695691,1.1116589274288755,1.1088456269289255,1.1109356566377848,1146.0
2024-11-06 22:00:00+00:00,1.1103728092739429,1.1113889912982131,1.1094431269510212,1.110185592170051,1634.0
2024-11-06 23:00:00+00:00,1.1103167228849489,1.1118854994911749,1.1099215291526328,1.1104119832235713,1074.0
2024-11-07 00:00:00+00:00,1.1104216767724169,1.1105493442745535,1.1089163937342437,1.110111433894262,1522.0
2024-11-07 01:00:00+00:00,1.1101972658226291,1.1109935662617365,1.1093269863160853,1.1103736662093442,1206.0
2024-11-07 02:00:00+00:00,1.1106755488551028,1.1121664955295802,1.110178692076404,1.1118783624198223,1557.0
2024-11-07 03:00:00+00:00,1.1107023691989295,1.1113364045753085,1.1093573103769558,1.1102835268728066,989.0
2024-11-07 04:00:00+00:00,1.1105900801078668,1.111557415680063,1.1095548352598208,1.1106513813297103,1228.0
2024-11-07 05:00:00+00:00,1.110491492892731,1.1123213600029829,1.109751150701266,1.1117144032602848,1456.0
2024-11-07 06:00:00+00:00,1.1104324403539287,1.1116631739742129,1.109342417172786,1.110080529381522,884.0
2024-11-07 07:00:00+00:00,1.11036829020494,1.1110353787917264,1.10983627858769,1.110788517115566,1342.0
2024-11-07 08:00:00+00:00,1.1105219721239483,1.1112610188479912,1.110266302188641,1.1111746369770272,1009.0
2024-11-07 09:00:00+00:00,1.1105665989318836,1.1113585136600073,1.1090218980483426,1.1107783595225391,1229.0
2024-11-07 10:00:00+00:00,1.1103561862914235,1.1111455781276822,1.109644547575799,1.1105187524599187,1495.0
2024-11-07 11:00:00+00:00,1.1102198127314793,1.110990609504745,1.108465425351833,1.110216444761903,1184.0
2024-11-07 12:00:00+00:00,1.110331647547506,1.112219104752126,1.1092067077989636,1.1097416189102578,827.0
2024-11-07 13:00:00+00:00,1.1103042395146072,1.111334395327879,1.1097743768089865,1.1105399565966587,1179.0
2024-11-07 14:00:00+00:00,1.1104141843883564,1.1110589888027775,1.1091719379759302,1.1101439166545208,686.0
2024-11-07 15:00:00+00:00,1.1100686344145512,1.110576926858537,1.10926995340442,1.1094122461231222,1019.0
2024-11-07 16:00:00+00:00,1.110109711974994,1.1106680440267884,1.1097195874241232,1.1104829061564,1193.0
2024-11-07 17:00:00+00:00,1.1102863496162994,1.1114117809807278,1.1087377837055683,1.1087575498183302,1336.0
2024-11-07 18:00:00+00:00,1.1102395342188598,1.1114046593173563,1.109277264509258,1.1098623598244626,1262.0
2024-11-07 19:00:00+00:00,1.109882285714405,1.1103914322325326,1.1085829729748973,1.109858087064151,1112.0
2024-11-07 20:00:00+00:00,1.110025191956853,1.1105127509067287,1.1094047913967129,1.110170994120704,1004.0
2024-11-07 21:00:00+00:00,1.1101735436018565,1.1114214324686578,1.1098846856184428,1.1113828146720863,1327.0
2024-11-07 22:00:00+00:00,1.110336636427134,1.1111754472060038,1.109318356750442,1.110191857891967,1229.0
2024-11-07 23:00:00+00:00,1.1105142306203144,1.1115216176759657,1.1087515119188216,1.110222499743511,1092.0
2024-11-08 00:00:00+00:00,1.1103369890624544,1.110673277353296,1.108957563960823,1.1104342119409885,1393.0
2024-11-08 01:00:00+00:00,1.1102424314780188,1.111039196866877,1.109566752517391,1.1101826843866225,922.0
2024-11-08 02:00:00+00:00,1.1104038655850967,1.110827435964827,1.109505772770157,1.1095725764889957,1144.0
2024-11-08 03:00:00+00:00,1.110482351075749,1.1109528358753955,1.1082815601865326,1.1106812839972793,777.0
2024-11-08 04:00:00+00:00,1.110398616128301,1.1110696457364253,1.1094445776995678,1.1100274836896562,1478.0
2024-11-08 05:00:00+00:00,1.1104014591199562,1.1113065462062923,1.109446485057111,1.109886384376903,902.0
2024-11-08 06:00:00+00:00,1.1101234422837565,1.1115560959641824,1.1086789135953652,1.1088003764281402,1128.0
2024-11-08 07:00:00+00:00,1.1100544902446163,1.1106369960590357,1.108544212868114,1.110471066380422,1361.0
2024-11-08 08:00:00+00:00,1.110019408319543,1.1110435922655162,1.1091704945920546,1.1100341330550811,1090.0
2024-11-08 09:00:00+00:00,1.1101416006583156,1.1110212136097193,1.1092455992467525,1.1105123167848177,1087.0
2024-11-08 10:00:00+00:00,1.110444014734727,1.1114534059577224,1.1093209789136007,1.1102129143870767,1170.0
2024-11-08 11:00:00+00:00,1.110175455419987,1.1111562673866733,1.1089463794214507,1.1095881501072196,1358.0
2024-11-08 12:00:00+00:00,1.1103536146438022,1.110717560740707,1.1091644074087916,1.1103270863425667,795.0
2024-11-08 13:00:00+00:00,1.1103383931647812,1.1108657708357308,1.1091660782884336,1.1095490269076231,929.0
2024-11-08 14:00:00+00:00,1.1103052855581927,1.1115631769329937,1.1096596957563156,1.1111493086985595,977.0
2024-11-08 15:00:00+00:00,1.1100778688876989,1.1106262425306097,1.1092715873778305,1.1103163941616248,1275.0
2024-11-08 16:00:00+00:00,1.109892729466179,1.1106714996181604,1.109282887329978,1.1099105196384065,1436.0
2024-11-08 17:00:00+00:00,1.109790590326409,1.1114793473608315,1.1088910056250578,1.1097040076050988,1143.0
2024-11-08 18:00:00+00:00,1.109861970167763,1.110440751462771,1.109671268340401,1.1102014665694069,774.0
2024-11-08 19:00:00+00:00,1.1097417541631422,1.1105546458255322,1.1088041747424129,1.109146121827124,984.0
2024-11-08 20:00:00+00:00,1.1094863575747915,1.110068642746281,1.108987678641819,1.1090364622916646,1050.0
2024-11-08 21:00:00+00:00,1.1093141207849202,1.1098565454059672,1.1080227485460532,1.1085788147515052,1231.0
2024-11-08 22:00:00+00:00,1.1091331931482031,1.1103640027934336,1.108816458454389,1.1097421973076629,1234.0
2024-11-08 23:00:00+00:00,1.1090489216207866,1.110051785454665,1.1084555546615027,1.1088374469466695,951.0
2024-11-09 00:00:00+00:00,1.109015061230979,1.109650603291349,1.107644493193529,1.10867993431207,676.0
2024-11-09 01:00:00+00:00,1.108817571353507,1.1094421285612008,1.1077427709319974,1.1092382089569697,871.0
2024-11-09 02:00:00+00:00,1.1088715457671243,1.1101137161452967,1.1085037423697714,1.108972672224828,1333.0
2024-11-09 03:00:00+00:00,1.1088973337523649,1.1096881837485653,1.108140503382348,1.1092280625436826,867.0
2024-11-09 04:00:00+00:00,1.1089013825368557,1.1105038852166382,1.108636595511938,1.109500668357994,700.0
2024-11-09 05:00:00+00:00,1.109278827386723,1.1098653036271535,1.1082234374933837,1.1094435973202692,1044.0
2024-11-09 06:00:00+00:00,1.1096134235687254,1.110623145549957,1.108883955762561,1.1103586340388445,1333.0
2024-11-09 07:00:00+00:00,1.1096270220083315,1.1105899695762105,1.1086431693383263,1.1089082764516691,1379.0
2024-11-09 08:00:00+00:00,1.1095785028397935,1.1104854834001148,1.1087835749373085,1.1099494173140871,1378.0
2024-11-09 09:00:00+00:00,1.1096568047976945,1.1111089183244245,1.1093307527727354,1.1103244909993428,1005.0
2024-11-09 10:00:00+00:00,1.110047971382374,1.1113758774994853,1.109253208649184,1.110699848320218,1181.0
2024-11-09 11:00:00+00:00,1.110131381819924,1.1107329006582194,1.1089482242526736,1.1094118633747525,1549.0
2024-11-09 12:00:00+00:00,1.109830348047935,1.1109662210043132,1.1084773735384998,1.110525290387888,1618.0
2024-11-09 13:00:00+00:00,1.1098608498907632,1.110997268274139,1.1082600582290978,1.1100743016432704,861.0
2024-11-09 14:00:00+00:00,1.1098969754854051,1.110665394968552,1.1088100450250666,1.1106000994723844,1274.0
2024-11-09 15:00:00+00:00,1.1100565342893296,1.1113477364677886,1.1096931056479542,1.1100507384930194,478.0
2024-11-09 16:00:00+00:00,1.110027163566873,1.111195144854992,1.1096306488071683,1.110706003863519,1169.0
2024-11-09 17:00:00+00:00,1.1101307072081683,1.111514929178918,1.1091257098220269,1.110915791710818,1209.0
2024-11-09 18:00:00+00:00,1.1101979409110727,1.1108814258924864,1.109561378414896,1.1106946802334463,1068.0
2024-11-09 19:00:00+00:00,1.1104981559764049,1.1110213136709617,1.1102506478461929,1.1104769551731917,1265.0
2024-11-09 20:00:00+00:00,1.110859799262747,1.1127233279844737,1.110313325870284,1.1109006021307857,1001.0
2024-11-09 21:00:00+00:00,1.1110053039269148,1.1115210693304516,1.1099427592058055,1.111290726746362,1131.0
2024-11-09 22:00:00+00:00,1.1108510108777638,1.111689644836976,1.1104538620098,1.1106853631052511,1379.0
2024-11-09 23:00:00+00:00,1.110830396554754,1.1114549042942914,1.1094414343969226,1.110691122994854,1776.0
2024-11-10 00:00:00+00:00,1.1106503374307704,1.111524918303172,1.1101329269709883,1.1103848862432493,885.0
2024-11-10 01:00:00+00:00,1.1105863980451625,1.1116348169124024,1.10988785923738,1.110912599955178,1322.0
2024-11-10 02:00:00+00:00,1.1108190617358928,1.1111007607019785,1.1091909087098186,1.1104052532356137,722.0
2024-11-10 03:00:00+00:00,1.1106677609980091,1.1115220365308005,1.110085941068492,1.1111600604245466,1217.0
2024-11-10 04:00:00+00:00,1.1106950332612036,1.1110170716632313,1.109533087978324,1.110316396603222,1321.0
2024-11-10 05:00:00+00:00,1.110634252413908,1.111369028282445,1.1098552116926907,1.110164503689434,911.0
2024-11-10 06:00:00+00:00,1.110833609370356,1.1126331107546583,1.1099906643368298,1.1112820773406211,1201.0
2024-11-10 07:00:00+00:00,1.1106222543897566,1.1115930954876154,1.1097058383833642,1.1097817909489929,961.0
2024-11-10 08:00:00+00:00,1.110557574513774,1.1115153835626714,1.1082336743868613,1.111210882895146,1198.0
2024-11-10 09:00:00+00:00,1.1107958122839172,1.1115373226685448,1.1103262808625816,1.110753871147025,960.0
2024-11-10 10:00:00+00:00,1.1109333159727537,1.1115953469490654,1.1093451768503912,1.1108297108188854,1029.0
2024-11-10 11:00:00+00:00,1.1110451561611572,1.1119148766216274,1.1104354416540974,1.1115241145097765,849.0
2024-11-10 12:00:00+00:00,1.1108754879448146,1.111335188448508,1.1100226121128978,1.1112902644711946,949.0
2024-11-10 13:00:00+00:00,1.1108330760577103,1.112000461771152,1.1104175219083563,1.1115716582029338,826.0
2024-11-10 14:00:00+00:00,1.1109998915739356,1.111355189592894,1.1097676685355182,1.1111746043933797,1788.0
2024-11-10 15:00:00+00:00,1.1107876454546073,1.1123089219691238,1.1098974357649616,1.1109411022303226,777.0
2024-11-10 16:00:00+00:00,1.1108671865551127,1.1116417268441612,1.1095463103368983,1.1112404567614462,1360.0
2024-11-10 17:00:00+00:00,1.1109821318099116,1.1116085333729082,1.1105523801482091,1.1113787301785245,1205.0
2024-11-10 18:00:00+00:00,1.1112658419521908,1.1123276564196305,1.1103514426900738,1.1104651338941247,1446.0
2024-11-10 19:00:00+00:00,1.1114079937534942,1.1117242511693992,1.110838255435989,1.1116807122057126,1332.0
2024-11-10 20:00:00+00:00,1.1113342985242507,1.1115535276485269,1.1103846091668403,1.1110367771221146,829.0
2024-11-10 21:00:00+00:00,1.111195947387303,1.1116146876497814,1.1103736087340808,1.1112409983867313,810.0
2024-11-10 22:00:00+00:00,1.1112726744931996,1.1127559705151568,1.1107795328760082,1.1116679754191805,906.0
2024-11-10 23:00:00+00:00,1.1113876109937697,1.1116639173220442,1.1101153985659489,1.1111207625407389,1305.0
2024-11-11 00:00:00+00:00,1.1114570807481148,1.1122881283695871,1.111071089632815,1.1118224048087733,1172.0
2024-11-11 01:00:00+00:00,1.1117445488189537,1.1124174820508907,1.1114058252510886,1.1120316058662305,567.0
2024-11-11 02:00:00+00:00,1.1117362564868258,1.1129198099852735,1.1105844504188565,1.110857554590115,1228.0
2024-11-11 03:00:00+00:00,1.111701632144427,1.1131553444279472,1.1110992061136418,1.1113641412447108,1401.0
2024-11-11 04:00:00+00:00,1.1115116825483713,1.1120564853432109,1.1108420047537668,1.111390633971912,945.0
2024-11-11 05:00:00+00:00,1.1113364203729847,1.1122738658101612,1.110706893253663,1.1114748898385485,649.0
2024-11-11 06:00:00+00:00,1.111833342711669,1.1127591510822177,1.1112823259666886,1.1114758920285042,1248.0
2024-11-11 07:00:00+00:00,1.111967039269428,1.1135570620263249,1.1113183817901782,1.1123087133010234,1288.0
2024-11-11 08:00:00+00:00,1.1120095970487596,1.1127930859817536,1.11109757214271,1.112315835322669,1250.0
2024-11-11 09:00:00+00:00,1.1118101995019596,1.1122334051073128,1.1109281123301922,1.1115115509594196,1020.0
2024-11-11 10:00:00+00:00,1.1115541206481323,1.112217102345985,1.110210412034532,1.112114807539502,1101.0
2024-11-11 11:00:00+00:00,1.1117174954248703,1.1132971028857366,1.1109178409758724,1.1125077998108075,738.0
2024-11-11 12:00:00+00:00,1.111805208306485,1.1130049986491046,1.1105462585164894,1.1125931893434935,1300.0
2024-11-11 13:00:00+00:00,1.1120280561230744,1.112515378053486,1.1111787130182629,1.112128833128426,827.0
2024-11-11 14:00:00+00:00,1.1119962276861215,1.1134844318110182,1.1114458399948368,1.1133425903075045,1448.0
2024-11-11 15:00:00+00:00,1.111971255123876,1.1126530984663665,1.111605412400656,1.11259495013876,776.0
2024-11-11 16:00:00+00:00,1.111883327693258,1.1124921162799994,1.1110491083430725,1.111422455497494,1114.0
2024-11-11 17:00:00+00:00,1.1118721708769408,1.1137297229640106,1.111350217592679,1.1115294469115025,660.0
2024-11-11 18:00:00+00:00,1.1118146409341634,1.1125922656161042,1.1113025658751026,1.111485725396387,1177.0
2024-11-11 19:00:00+00:00,1.1119350300849986,1.1126478893245642,1.1109414997798348,1.1115098321357515,1416.0
2024-11-11 20:00:00+00:00,1.1118571722563808,1.1127205762631502,1.1114466390068607,1.112476238601132,1494.0
2024-11-11 21:00:00+00:00,1.1119728851115702,1.1131693848937776,1.1112356069249931,1.112042267921709,1200.0
2024-11-11 22:00:00+00:00,1.1117120237793612,1.1128424028601929,1.1113704122650307,1.1127424315814043,1369.0
2024-11-11 23:00:00+00:00,1.1117707807991135,1.1122104599219087,1.110965090100808,1.1113782123248797,1015.0
2024-11-12 00:00:00+00:00,1.1116207152850264,1.1124672877434658,1.110648342884832,1.111544353709255,1250.0
2024-11-12 01:00:00+00:00,1.1117588935327063,1.112480503582154,1.1109920273129328,1.1115660031031684,1347.0
2024-11-12 02:00:00+00:00,1.111711537961137,1.1126326452038102,1.11096236107152,1.112056846906134,844.0
2024-11-12 03:00:00+00:00,1.1112496605884006,1.1122173966605815,1.1099412421574513,1.1120984439647126,1207.0
2024-11-12 04:00:00+00:00,1.1115406299924495,1.1127260213274748,1.1100675602485457,1.1105985902054265,1351.0
2024-11-12 05:00:00+00:00,1.1112666565402602,1.1119669543274886,1.1100027753649242,1.110490575286455,551.0
2024-11-12 06:00:00+00:00,1.111305931833282,1.1118621298598417,1.1104530288114254,1.1118260051750395,753.0
2024-11-12 07:00:00+00:00,1.1111755005061632,1.1119356687521929,1.1107574225823769,1.1116438118808885,1362.0
2024-11-12 08:00:00+00:00,1.111170143641461,1.1112685993897795,1.1104301922171456,1.1111265238499866,992.0
2024-11-12 09:00:00+00:00,1.1110514316973912,1.1125771890590632,1.1100495956416885,1.110665770171098,1220.0
2024-11-12 10:00:00+00:00,1.111088914324241,1.1123847065498451,1.1100883306641447,1.1110406629756011,891.0
2024-11-12 11:00:00+00:00,1.110860529045592,1.111284531460295,1.1101549168420566,1.1104780788633868,797.0
2024-11-12 12:00:00+00:00,1.1109961740530778,1.111577274063612,1.1101267024238106,1.1110852589665334,1175.0
2024-11-12 13:00:00+00:00,1.1113090367893734,1.1128201582541666,1.1105317936310826,1.1115002033469974,1304.0
2024-11-12 14:00:00+00:00,1.110989220707678,1.1115766191258851,1.1095373633705778,1.1110918364578402,566.0
2024-11-12 15:00:00+00:00,1.1107758499761806,1.1114159444468492,1.1101874711341035,1.1104730758378498,885.0
2024-11-12 16:00:00+00:00,1.1108075522048748,1.1115582038368068,1.1099828515992436,1.1111637793087128,1156.0
2024-11-12 17:00:00+00:00,1.110555858657121,1.1114246597397963,1.1097843000288652,1.1099730974906683,862.0
2024-11-12 18:00:00+00:00,1.110643799723292,1.1114680290979853,1.109726025288979,1.11062451050074,961.0
2024-11-12 19:00:00+00:00,1.1106670990375171,1.1117579331069205,1.1101120665442046,1.1111998578348616,1135.0
2024-11-12 20:00:00+00:00,1.110640169521752,1.1118185590419958,1.109602814483166,1.110643123045429,846.0
2024-11-12 21:00:00+00:00,1.1109177762650275,1.111806453999452,1.1094917357154714,1.1115791700928834,1020.0
2024-11-12 22:00:00+00:00,1.1110767954715663,1.1117060332349618,1.110586319653706,1.1111662951345098,1515.0
2024-11-12 23:00:00+00:00,1.1109068685454648,1.1119177265086069,1.1102561366942152,1.110533987336326,781.0
2024-11-13 00:00:00+00:00,1.1110818341899376,1.1128281495538548,1.110685224222314,1.1115804234858415,1116.0
2024-11-13 01:00:00+00:00,1.1111181320718233,1.1118899901936337,1.110412916029357,1.111275220057887,1017.0
2024-11-13 02:00:00+00:00,1.1110559965327746,1.1114998147323942,1.1100331261395533,1.1110964183441032,1195.0
2024-11-13 03:00:00+00:00,1.1111332168649786,1.1120313715919794,1.1107518551794595,1.111850711899754,1487.0
2024-11-13 04:00:00+00:00,1.111440104686415,1.1116730560142922,1.1097965589455825,1.1114233316296078,1453.0
2024-11-13 05:00:00+00:00,1.1111730907833912,1.112262359961696,1.1106815926722615,1.110909488866502,1094.0
2024-11-13 06:00:00+00:00,1.111247422124673,1.11210997008851,1.1102273514062966,1.111042305816338,426.0
2024-11-13 07:00:00+00:00,1.1107935038289438,1.1124913966135437,1.1105031482762628,1.1121982498407827,753.0
2024-11-13 08:00:00+00:00,1.1108972504914498,1.1116733489446948,1.1100100367534598,1.1115333946403598,1018.0
2024-11-13 09:00:00+00:00,1.1107396284099378,1.1117835759575054,1.109982680594381,1.1106636013183295,1567.0
2024-11-13 10:00:00+00:00,1.1107306728507336,1.1113100697701042,1.1098849049876158,1.1109527504857235,1464.0
2024-11-13 11:00:00+00:00,1.1105269249454592,1.111404120464234,1.1087958376674978,1.1102714741406934,1556.0
2024-11-13 12:00:00+00:00,1.1103980873084485,1.111492471898414,1.109753855721035,1.1111799292969895,1002.0
2024-11-13 13:00:00+00:00,1.110258106322617,1.1111188511577808,1.109865579067802,1.1099468468291125,918.0
2024-11-13 14:00:00+00:00,1.1100910646322606,1.1109881482727428,1.1086430795092517,1.1102189627513055,1383.0
2024-11-13 15:00:00+00:00,1.1101345695582323,1.1104832999372698,1.1093298042417268,1.110202779221909,1135.0
2024-11-13 16:00:00+00:00,1.110477108475313,1.11194678630554,1.1102577688917044,1.110550468349056,1019.0
2024-11-13 17:00:00+00:00,1.110612885283894,1.111862977878141,1.1097274125502408,1.1101546325135443,1063.0
2024-11-13 18:00:00+00:00,1.110667883008376,1.1115561737508428,1.1104518522567388,1.11073166499665,717.0
2024-11-13 19:00:00+00:00,1.1112816273575044,1.112539169454236,1.110972197381887,1.1124979450544226,1441.0
2024-11-13 20:00:00+00:00,1.111344512955873,1.1119353470995048,1.110611679014652,1.111504907835925,1299.0
2024-11-13 21:00:00+00:00,1.11124953770873,1.1119369093412526,1.1106916318421745,1.1108700559639677,1015.0
2024-11-13 22:00:00+00:00,1.1115720693142483,1.1133822327247582,1.1113920658702368,1.1119546501379691,756.0
2024-11-13 23:00:00+00:00,1.1117496652361454,1.1122417487351948,1.1110272664014769,1.111897595653405,1153.0
2024-11-14 00:00:00+00:00,1.1118487091988294,1.1127091265092564,1.110531999570152,1.111812979773393,835.0
2024-11-14 01:00:00+00:00,1.1118304587960957,1.1127769343612282,1.111574677558549,1.1124225750537842,1256.0
2024-11-14 02:00:00+00:00,1.112226990042683,1.113905953207671,1.1118374799541453,1.112269220116826,1054.0
2024-11-14 03:00:00+00:00,1.112599899319562,1.1131604397056796,1.1116930178639046,1.1123123679929634,1627.0
2024-11-14 04:00:00+00:00,1.1127001207412903,1.1134752724251282,1.1125192186473476,1.112593699326334,647.0
2024-11-14 05:00:00+00:00,1.112734749159768,1.1132831663861449,1.11243642627114,1.1126692177542008,1174.0
2024-11-14 06:00:00+00:00,1.113190084020127,1.11370140625906,1.1114165579310749,1.112133140143249,974.0
2024-11-14 07:00:00+00:00,1.1130262601066374,1.113962557879583,1.1115890462455085,1.1129195908908227,626.0
2024-11-14 08:00:00+00:00,1.1129884986543634,1.113566465865483,1.1119896148211388,1.1125839195243334,1035.0
2024-11-14 09:00:00+00:00,1.1132095201540602,1.113662835025674,1.1123323493026331,1.11268086647127,1057.0
2024-11-14 10:00:00+00:00,1.11345036570107,1.1145827489858129,1.113112727928617,1.1139159544477828,797.0
2024-11-14 11:00:00+00:00,1.1134340966882526,1.1139923779166714,1.1128069946466663,1.1137201895529014,1183.0
2024-11-14 12:00:00+00:00,1.1132043220439638,1.1145575719588394,1.1125905653975852,1.1141395461070167,671.0
2024-11-14 13:00:00+00:00,1.11284488565093,1.113816471748015,1.1120050124485972,1.1123831615499682,721.0
2024-11-14 14:00:00+00:00,1.1130045722236828,1.1147273592063638,1.1127550255134842,1.114302018170258,1195.0
2024-11-14 15:00:00+00:00,1.113381325231443,1.1138418878928966,1.1128819717107872,1.1134670643746865,1285.0
2024-11-14 16:00:00+00:00,1.1133009148953843,1.113963664942252,1.1122194627745068,1.113857358449147,1187.0
2024-11-14 17:00:00+00:00,1.113147481980186,1.1144064719825488,1.1127051848183875,1.1132545389260946,1098.0
2024-11-14 18:00:00+00:00,1.1128345194280516,1.1135758975039978,1.1118069421069534,1.1120599593532954,792.0
2024-11-14 19:00:00+00:00,1.1131030922659535,1.1140030022158776,1.1118124944091083,1.1133389374722462,887.0
2024-11-14 20:00:00+00:00,1.113106002148058,1.1141879736524374,1.111820167273763,1.1130130115674146,1112.0
2024-11-14 21:00:00+00:00,1.1130820599588336,1.1136544530735497,1.1121111811739794,1.113457177662599,657.0
2024-11-14 22:00:00+00:00,1.113132564899807,1.1133382684203748,1.1125669427407414,1.1132392972754377,1234.0
2024-11-14 23:00:00+00:00,1.1132542024906735,1.113611126143654,1.1122558128099849,1.1129447708112012,1166.0
2024-11-15 00:00:00+00:00,1.1132336501980689,1.114950786481336,1.112767941276537,1.11435178666694,1061.0
2024-11-15 01:00:00+00:00,1.1131577839964513,1.113967649574154,1.113045631252755,1.113095239297434,963.0
2024-11-15 02:00:00+00:00,1.1133103806813176,1.114090349272954,1.112441735848388,1.113567997928201,882.0
2024-11-15 03:00:00+00:00,1.1132764262503858,1.113762211578381,1.1127796342822731,1.11289461418575,1423.0
2024-11-15 04:00:00+00:00,1.1130420669364185,1.1141537215807789,1.1121558374522504,1.1130263332495172,1055.0
2024-11-15 05:00:00+00:00,1.1133169357144024,1.1145875989218692,1.1125646298316294,1.1143655873177898,678.0
2024-11-15 06:00:00+00:00,1.113537562265501,1.1154016929621913,1.1133216851272154,1.1147262866925989,1309.0
2024-11-15 07:00:00+00:00,1.1137368829842222,1.1147299446563586,1.1132912835914637,1.11417488495172,1293.0
2024-11-15 08:00:00+00:00,1.1135804543690628,1.1150426726325195,1.1130093642201369,1.1133765461753455,1237.0
2024-11-15 09:00:00+00:00,1.1139556890031,1.115023910371394,1.1131144626529887,1.1135407862102653,1116.0
2024-11-15 10:00:00+00:00,1.1137505757990258,1.1141181828274906,1.1123213186833547,1.1130889510161943,964.0
2024-11-15 11:00:00+00:00,1.113469411153755,1.114676587608137,1.1122339912735597,1.1133413244536003,1122.0
2024-11-15 12:00:00+00:00,1.1136968509370904,1.1144741363319908,1.112740033399872,1.1140509519000057,972.0
2024-11-15 13:00:00+00:00,1.1138786317297718,1.1145914479110557,1.1133768537138458,1.113669373108788,1138.0
2024-11-15 14:00:00+00:00,1.114084641394258,1.1148842865573594,1.1129944017396534,1.113872675242153,1174.0
2024-11-15 15:00:00+00:00,1.1143300616531984,1.1149914145788418,1.1138476348376058,1.1142263954275569,955.0
2024-11-15 16:00:00+00:00,1.1142315267045613,1.1148069504597982,1.1136001750122673,1.1137281073776455,1189.0
2024-11-15 17:00:00+00:00,1.1143199537421962,1.1151327545477954,1.1140570232588651,1.1143608598418782,1361.0
2024-11-15 18:00:00+00:00,1.1146528785489245,1.1154656357432884,1.1130576612844676,1.113257005056237,1369.0
2024-11-15 19:00:00+00:00,1.1148288988307118,1.1151476140576146,1.1139430179246972,1.1148027351372776,1209.0
2024-11-15 20:00:00+00:00,1.1147973561488975,1.115537041529233,1.114152722789555,1.1146693530303882,1489.0
2024-11-15 21:00:00+00:00,1.1149634945633304,1.116033704412146,1.1142455869947956,1.1148756822620416,1445.0
2024-11-15 22:00:00+00:00,1.114990139616557,1.1158684667770182,1.1144441881100953,1.1145718877468962,1174.0
2024-11-15 23:00:00+00:00,1.1146054037663151,1.1152430460422798,1.1141053440501678,1.1143511919381557,1114.0
2024-11-16 00:00:00+00:00,1.1149120664105632,1.1156275912253342,1.1145102637670488,1.1148591551432618,1621.0
2024-11-16 01:00:00+00:00,1.1146324381189583,1.1154440644828634,1.1140826356098263,1.1149484682158064,699.0
2024-11-16 02:00:00+00:00,1.114741960195335,1.1154710149901212,1.1132838399800844,1.1144082089948029,871.0
2024-11-16 03:00:00+00:00,1.114954378172063,1.115249161652026,1.1143470274898115,1.1150224069345431,1130.0
2024-11-16 04:00:00+00:00,1.115057793014093,1.116080970900459,1.1146689368963223,1.1150699736373972,984.0
2024-11-16 05:00:00+00:00,1.115215119065253,1.1157553881327915,1.1142579504892272,1.115620444751973,637.0
2024-11-16 06:00:00+00:00,1.115298538451828,1.1157241076418023,1.1144776423717582,1.1150775291584911,831.0
2024-11-16 07:00:00+00:00,1.1151570788254506,1.1154627470522236,1.1139576716738306,1.1151618042985243,1202.0
2024-11-16 08:00:00+00:00,1.1150206974754016,1.1154858512783958,1.1146042830226512,1.1149373602510444,523.0
2024-11-16 09:00:00+00:00,1.1149168179245996,1.1164303428458078,1.1145431007968922,1.1153485263522382,1054.0
2024-11-16 10:00:00+00:00,1.1150138798720015,1.115835634767799,1.114214572397455,1.1151397970814874,819.0
2024-11-16 11:00:00+00:00,1.1153823747138831,1.116567325229709,1.115070717220536,1.1161920896903956,1203.0
2024-11-16 12:00:00+00:00,1.11577458402981,1.1163195632534793,1.1147622312407968,1.115089968923363,1098.0
2024-11-16 13:00:00+00:00,1.1156501826586955,1.11611535358277,1.1152005335094528,1.1154506456187978,1580.0
2024-11-16 14:00:00+00:00,1.1155103748093695,1.1159671604863652,1.114553671167097,1.1146786528501007,1144.0
2024-11-16 15:00:00+00:00,1.1154056611282153,1.1162742699935373,1.1139304340039866,1.114108057368561,922.0
2024-11-16 16:00:00+00:00,1.115377725682464,1.115802129043129,1.11483778268761,1.1150492620901646,1206.0
2024-11-16 17:00:00+00:00,1.1156088553145411,1.1165455872413832,1.1149886129868327,1.1163446815456024,1276.0
2024-11-16 18:00:00+00:00,1.115486466818356,1.1161190316205227,1.115141820226588,1.1161150112932476,1189.0
2024-11-16 19:00:00+00:00,1.1156107376708218,1.1164970340917622,1.1148679447949934,1.1159630387429915,725.0
2024-11-16 20:00:00+00:00,1.1156711592609698,1.1161455473152624,1.11522001313887,1.115602024083043,1298.0
2024-11-16 21:00:00+00:00,1.115616612101818,1.116620797960187,1.115104787095726,1.116142242006929,1086.0
2024-11-16 22:00:00+00:00,1.116074171554971,1.116782773431926,1.115530910926564,1.116304002852361,1585.0
2024-11-16 23:00:00+00:00,1.11569338119829,1.116287318071221,1.1146126173115365,1.1161257445505026,1283.0
2024-11-17 00:00:00+00:00,1.1155719093186525,1.116051487647142,1.1150305148684982,1.1157718674735997,1408.0
2024-11-17 01:00:00+00:00,1.1153635978720322,1.1155906616111635,1.1143749348556125,1.1149696929888857,1277.0
2024-11-17 02:00:00+00:00,1.115357773538643,1.116369072353914,1.1148910254197355,1.1158478862707852,1166.0
2024-11-17 03:00:00+00:00,1.1154731939655913,1.116495259439699,1.1150320474277755,1.1151497585139736,1192.0
2024-11-17 04:00:00+00:00,1.1153408642415448,1.1158182900122238,1.114317254040588,1.114672410517677,901.0
2024-11-17 05:00:00+00:00,1.1150626023541923,1.1165809566122185,1.1147698125379086,1.1160403110623065,1195.0
2024-11-17 06:00:00+00:00,1.114901794976068,1.115983589740695,1.1143879109797568,1.1151171835560167,1305.0
2024-11-17 07:00:00+00:00,1.1148340975311122,1.1154657347548125,1.1142260099788177,1.114696532190961,942.0
2024-11-17 08:00:00+00:00,1.1148479256417665,1.1161115965267248,1.1137491936230377,1.1145931330624077,1271.0
2024-11-17 09:00:00+00:00,1.115087325727543,1.1157088749114843,1.1146256841729665,1.115684825768813,879.0
2024-11-17 10:00:00+00:00,1.115208851132568,1.115923348213119,1.1145331403021366,1.1150638922834235,1451.0
2024-11-17 11:00:00+00:00,1.1154829438125788,1.1161450404336706,1.1145281129767348,1.1157118593793447,1099.0
2024-11-17 12:00:00+00:00,1.115530796162735,1.1168057419762505,1.115136648482366,1.1152354881034778,1345.0
2024-11-17 13:00:00+00:00,1.1154817595805204,1.1164566746209377,1.1146075945268896,1.1160026157979612,1413.0
2024-11-17 14:00:00+00:00,1.1153744603697937,1.115838252329569,1.114745382739737,1.115403010583857,945.0
2024-11-17 15:00:00+00:00,1.1151172510799454,1.116076123257646,1.1141624655857714,1.115445739052484,1004.0
2024-11-17 16:00:00+00:00,1.1150932816028991,1.11557065001584,1.1138635451788377,1.1144155203878132,1450.0
2024-11-17 17:00:00+00:00,1.115174543505817,1.115617478003146,1.1139768592410997,1.1150900560003751,1372.0
2024-11-17 18:00:00+00:00,1.1151664906393917,1.1157542330189552,1.1141717331263652,1.115431258705205,548.0
2024-11-17 19:00:00+00:00,1.115030448267754,1.1153320586716282,1.1142498226435564,1.1152597695905708,1369.0
2024-11-17 20:00:00+00:00,1.115080203889378,1.115606423003253,1.1142442065752505,1.1146158473120185,1192.0
2024-11-17 21:00:00+00:00,1.1149359652972957,1.1159530731835896,1.1144223566822968,1.1153101567402073,1304.0
2024-11-17 22:00:00+00:00,1.115017720223494,1.11575647097921,1.1143946815920172,1.114670726022836,998.0
2024-11-17 23:00:00+00:00,1.1147778032178235,1.1157704726506446,1.1139833850396674,1.115262955870816,1380.0
2024-11-18 00:00:00+00:00,1.115050107016495,1.1164237345723362,1.11418525875464,1.115814756003458,1026.0
2024-11-18 01:00:00+00:00,1.1154140669781765,1.116465895479309,1.1150041889857047,1.115501874989259,881.0
2024-11-18 02:00:00+00:00,1.1155531181996663,1.1168841994683154,1.1148829539119474,1.1168677414639478,1027.0
2024-11-18 03:00:00+00:00,1.1154670275813443,1.1168820406592437,1.1148183088480657,1.1156565818983606,853.0
2024-11-18 04:00:00+00:00,1.115330828359934,1.1158755173723218,1.1146481352018391,1.115392598054424,811.0
2024-11-18 05:00:00+00:00,1.1153756462602764,1.11616403515686,1.1144091854899163,1.115958019800743,592.0
2024-11-18 06:00:00+00:00,1.1153924556096662,1.1164706692035855,1.1144688351374723,1.1161250595182317,974.0
2024-11-18 07:00:00+00:00,1.1156627407299546,1.1161098962823697,1.1150078614145165,1.1156847003377877,1128.0
2024-11-18 08:00:00+00:00,1.1154370278887389,1.1160676050024627,1.1149019537834417,1.1158863826628125,1114.0
2024-11-18 09:00:00+00:00,1.115403347960762,1.1158567665845236,1.114514780731786,1.1157552118741232,1070.0
2024-11-18 10:00:00+00:00,1.115581247804221,1.1163577725519624,1.1148496542569006,1.116164311747521,873.0
2024-11-18 11:00:00+00:00,1.115643333975781,1.11667617961512,1.1154228097077312,1.1157609509768145,1076.0
2024-11-18 12:00:00+00:00,1.1158214625138303,1.1163446263415613,1.1143796761213889,1.1146262857760336,1110.0
2024-11-18 13:00:00+00:00,1.1157441515498736,1.1164198050407257,1.1153424734246211,1.1158199671113738,834.0
2024-11-18 14:00:00+00:00,1.1156591377737466,1.116081804885498,1.1150936331448942,1.115304494028591,778.0
2024-11-18 15:00:00+00:00,1.1158341166485393,1.1161401158284805,1.114880335171874,1.1155773978264876,940.0
2024-11-18 16:00:00+00:00,1.1160714763036867,1.1166918990883448,1.1155444052953802,1.1156054174673566,951.0
2024-11-18 17:00:00+00:00,1.1161780155882386,1.1174243223966112,1.1160675251879124,1.1168033489809714,1274.0
2024-11-18 18:00:00+00:00,1.1161114557978142,1.1168480390608886,1.1157799645288535,1.116841130247898,763.0
2024-11-18 19:00:00+00:00,1.1160654238560517,1.1169374389216389,1.1155434856396127,1.1165951410569994,922.0
2024-11-18 20:00:00+00:00,1.1161955968890038,1.1169842052512595,1.1154495218958504,1.1158250674822696,739.0
2024-11-18 21:00:00+00:00,1.116137554100582,1.116921357230649,1.1155653435329074,1.1157042074871886,1255.0
2024-11-18 22:00:00+00:00,1.11632228151104,1.1171317303332209,1.1159434991449486,1.1170382180633964,946.0
2024-11-18 23:00:00+00:00,1.1167121251272305,1.1181013193724054,1.116370558632405,1.117679034443137,908.0
2024-11-19 00:00:00+00:00,1.116890293319699,1.117149459213857,1.1156460392472265,1.1166952371284449,1430.0
2024-11-19 01:00:00+00:00,1.1165338247990004,1.1170931412468943,1.1157751360031127,1.1158520708693054,1217.0
2024-11-19 02:00:00+00:00,1.1166711305231298,1.117125795977633,1.1164622839084382,1.1168454291376382,1149.0
2024-11-19 03:00:00+00:00,1.1170010208730077,1.1183105389168737,1.1159269111997538,1.116653233304291,540.0
2024-11-19 04:00:00+00:00,1.1171323806701752,1.117954026056671,1.1163079372186706,1.1166047185193078,867.0
2024-11-19 05:00:00+00:00,1.1168504266004016,1.1174899653396042,1.11647978517724,1.116935817879556,982.0
2024-11-19 06:00:00+00:00,1.1169113123557577,1.1178049996752046,1.115994515182771,1.1162080337736953,1160.0
2024-11-19 07:00:00+00:00,1.1166457907813991,1.11748856294684,1.1156574769932337,1.1158995150399476,1110.0
2024-11-19 08:00:00+00:00,1.116504740034188,1.1170782497655083,1.115611720715176,1.1157618767978663,1525.0
2024-11-19 09:00:00+00:00,1.1161771735063997,1.1170464980414336,1.1158095297576422,1.1167900868115097,995.0
2024-11-19 10:00:00+00:00,1.1162566687042326,1.116616395936013,1.1153192585602414,1.1159968852975142,1169.0
2024-11-19 11:00:00+00:00,1.1160128748082332,1.1165257149933616,1.1148149748009506,1.115062747469477,935.0
2024-11-19 12:00:00+00:00,1.1158414463801665,1.1163694105440338,1.1149597844573829,1.1150428966012051,1651.0
2024-11-19 13:00:00+00:00,1.11581655958437,1.11666498870725,1.1152499207295867,1.1162043653658906,1270.0
2024-11-19 14:00:00+00:00,1.115751008348178,1.1160435650584026,1.1146907905582042,1.1158542270922271,1284.0
2024-11-19 15:00:00+00:00,1.1158572980832884,1.1163789879358323,1.1150885180294676,1.116342714693695,927.0
2024-11-19 16:00:00+00:00,1.1160209684281854,1.1170866980078076,1.1159103804458206,1.1169042389247323,1162.0
2024-11-19 17:00:00+00:00,1.1164452710973145,1.1175708414078354,1.115980467206649,1.1165256452283645,1100.0
2024-11-19 18:00:00+00:00,1.1166764135899885,1.117739114732458,1.116373844473628,1.116606071248628,886.0
2024-11-19 19:00:00+00:00,1.1163719612759917,1.116724038073414,1.115716352461763,1.116323231017308,833.0
2024-11-19 20:00:00+00:00,1.1166096842345523,1.1177079542319224,1.1150527416780147,1.116321859320487,710.0
2024-11-19 21:00:00+00:00,1.116376403128904,1.1169161056915369,1.1159813078588448,1.1165330542827756,1432.0
2024-11-19 22:00:00+00:00,1.116495828027319,1.1171799394834392,1.116115459482399,1.1161601427422208,1017.0
2024-11-19 23:00:00+00:00,1.116767613454056,1.1177047175109662,1.1157039241451816,1.1158723768252998,1203.0
2024-11-20 00:00:00+00:00,1.116463158526686,1.1170044495651916,1.1160277900775375,1.1169371902022935,976.0
2024-11-20 01:00:00+00:00,1.1162331251792663,1.1171386467563094,1.1157269790726538,1.1169443808166024,1076.0
2024-11-20 02:00:00+00:00,1.1162453428005608,1.1168193296938642,1.1151471311318142,1.116071549166204,975.0
2024-11-20 03:00:00+00:00,1.1160635253407978,1.11639053564707,1.1155307121738085,1.1157869341000797,1123.0
2024-11-20 04:00:00+00:00,1.1156935177494356,1.1165646164945855,1.115393641705643,1.1159395329984034,1165.0
2024-11-20 05:00:00+00:00,1.1161133195071924,1.1171727509515068,1.1158303465192647,1.1170093331616888,867.0
2024-11-20 06:00:00+00:00,1.1163227805807112,1.1170162690513092,1.1158487892582,1.1163604464565722,1396.0
2024-11-20 07:00:00+00:00,1.1166305912433383,1.117148084562677,1.1164831207943569,1.116835184241287,1452.0
2024-11-20 08:00:00+00:00,1.1166825860400034,1.1173721156409295,1.1162766769419377,1.1168370301824493,1340.0
2024-11-20 09:00:00+00:00,1.1169760199786494,1.117687825908848,1.1160661834215422,1.1169369138585383,686.0
2024-11-20 10:00:00+00:00,1.117573944749688,1.1188979465889606,1.1172893362907523,1.1179823352208218,1136.0
2024-11-20 11:00:00+00:00,1.117611982901854,1.118048478846908,1.1165992637362003,1.117461735720776,1438.0
2024-11-20 12:00:00+00:00,1.1176052966044852,1.1183387331573802,1.1167003226621577,1.1169429487763567,1030.0
2024-11-20 13:00:00+00:00,1.1177399614493997,1.1182501844691668,1.1173018848190757,1.1174521836336877,973.0
2024-11-20 14:00:00+00:00,1.1180313856433697,1.1189137960920454,1.1173682599481671,1.118599234805141,703.0
2024-11-20 15:00:00+00:00,1.1184311544369263,1.1188722590039697,1.11757156876829,1.1179928028120163,1313.0
2024-11-20 16:00:00+00:00,1.118403649565972,1.1193301529387882,1.1177477635904771,1.118932346527748,1221.0
2024-11-20 17:00:00+00:00,1.118384963065591,1.1186846950188871,1.1175969156786825,1.1178317234847914,1115.0
2024-11-20 18:00:00+00:00,1.118131682864593,1.1190550912242003,1.1176225530821498,1.1182449854063043,1112.0
2024-11-20 19:00:00+00:00,1.1180285260334786,1.1190414424432475,1.117565953539223,1.1176618963045808,988.0
2024-11-20 20:00:00+00:00,1.1180154112427343,1.1187110232737334,1.1167614377468291,1.11709389483259,848.0
2024-11-20 21:00:00+00:00,1.1178091949911635,1.118271395801979,1.1169626251365814,1.1170891000116168,854.0
2024-11-20 22:00:00+00:00,1.117871426628129,1.1183553386340253,1.1176268221536925,1.1182456721190437,811.0
2024-11-20 23:00:00+00:00,1.1179317218824305,1.1188383095876455,1.1174074424587277,1.1180314973868386,1020.0
2024-11-21 00:00:00+00:00,1.1181407855551473,1.1186982808929695,1.1179941506159268,1.1179959824752366,1178.0
2024-11-21 01:00:00+00:00,1.1183629711236862,1.1191851009920168,1.1174238054568202,1.11871370997014,927.0
2024-11-21 02:00:00+00:00,1.1184973411967318,1.119004400003477,1.117875767722032,1.118504211020405,1201.0
2024-11-21 03:00:00+00:00,1.1184170687031374,1.1184358670122307,1.117402108234187,1.118156141526835,1062.0
2024-11-21 04:00:00+00:00,1.1180842030838838,1.1188804006272908,1.117061201957318,1.1173887059898422,1044.0
2024-11-21 05:00:00+00:00,1.118090254285144,1.1184930195695229,1.117509138615272,1.1175698096885665,1563.0
2024-11-21 06:00:00+00:00,1.1180944285591936,1.1192121870988585,1.1175397131074003,1.1176118633453418,1318.0
2024-11-21 07:00:00+00:00,1.1181953320807505,1.1188135143833569,1.117327556431043,1.1181743812774902,1186.0
2024-11-21 08:00:00+00:00,1.118309829406996,1.1188447475095002,1.117678237207558,1.1182611580413744,1085.0
2024-11-21 09:00:00+00:00,1.118298561439533,1.1184964908143935,1.1177005816942729,1.1180372184912466,898.0
2024-11-21 10:00:00+00:00,1.1178482195074877,1.118331913317811,1.1175656475620688,1.117892152257121,989.0
2024-11-21 11:00:00+00:00,1.1176873896975006,1.1180370965971709,1.1171173756327877,1.1172470166805162,1253.0
2024-11-21 12:00:00+00:00,1.117634260670885,1.118417971687874,1.1171046990481872,1.117524140066096,1109.0
2024-11-21 13:00:00+00:00,1.117776078631497,1.118299387414159,1.1173177776104493,1.1182685722816723,1388.0
2024-11-21 14:00:00+00:00,1.1176074053158895,1.1185254898646524,1.1160695795155018,1.1166822114829131,1654.0
2024-11-21 15:00:00+00:00,1.1175202819922276,1.1179414037884612,1.1165876642804924,1.116822405151612,1646.0
2024-11-21 16:00:00+00:00,1.1175549148412098,1.118138951141589,1.1172259924264236,1.1177306200110777,1180.0
2024-11-21 17:00:00+00:00,1.11751268792836,1.1181274047152283,1.1171510798038722,1.117246358389371,1146.0
2024-11-21 18:00:00+00:00,1.1174974977535082,1.1177281317367354,1.1165299119539016,1.1176777081716218,1402.0
2024-11-21 19:00:00+00:00,1.1176073442658718,1.1184939014472253,1.1166260879124037,1.1179913519188251,575.0
2024-11-21 20:00:00+00:00,1.1176012829111552,1.1182841400067336,1.1172669991773838,1.11768880564862,1295.0
2024-11-21 21:00:00+00:00,1.1179369885982735,1.1183057620316448,1.117058377686438,1.1174367351186032,700.0
2024-11-21 22:00:00+00:00,1.1177971897239636,1.1183896749992153,1.1173112163625236,1.1179063789503811,1130.0
2024-11-21 23:00:00+00:00,1.1178196413596793,1.118667906190251,1.117474830328082,1.1181223547292305,778.0
2024-11-22 00:00:00+00:00,1.1182756223820882,1.1189893332819354,1.1179778532638585,1.1184702392268702,1034.0
2024-11-22 01:00:00+00:00,1.1185253127195902,1.1189962634213542,1.1176475159074148,1.11797277604412,952.0
2024-11-22 02:00:00+00:00,1.1184845772374832,1.1198454330801928,1.1183415037069258,1.119392229457176,1128.0
2024-11-22 03:00:00+00:00,1.1187315981646977,1.119373232745192,1.1181849580117782,1.1191513458747324,1115.0
2024-11-22 04:00:00+00:00,1.1189212242294044,1.1193089766064026,1.1183496234504662,1.1186823916362418,804.0
2024-11-22 05:00:00+00:00,1.1191372185272264,1.1198962378149586,1.1188315084844511,1.119573878817922,1713.0
2024-11-22 06:00:00+00:00,1.1192698402825805,1.1198833149596696,1.1187414254106611,1.1188974519965935,1242.0
2024-11-22 07:00:00+00:00,1.1194317484912983,1.119555816761081,1.118562584932248,1.1194195669945328,1143.0
2024-11-22 08:00:00+00:00,1.1192871538637572,1.1199672378896797,1.1187793655137952,1.119222278143738,1195.0
2024-11-22 09:00:00+00:00,1.1194011560723,1.1196866902449172,1.1184755135516171,1.119400391994003,1102.0
2024-11-22 10:00:00+00:00,1.1195596611640648,1.1204463741145674,1.1188045252199184,1.1204445704768615,1566.0
2024-11-22 11:00:00+00:00,1.1198903067104562,1.120352999017152,1.1191092323049798,1.1202151922547396,1197.0
2024-11-22 12:00:00+00:00,1.1200415243200534,1.1210700891176346,1.1192162854921597,1.1202619980262756,947.0
2024-11-22 13:00:00+00:00,1.119789511889648,1.120685029653543,1.1196497526820175,1.1204095221353871,1211.0
2024-11-22 14:00:00+00:00,1.1196664532431824,1.1199671109591884,1.1192555117324354,1.1198476027798008,905.0
2024-11-22 15:00:00+00:00,1.1200017233469357,1.120783907196326,1.1190752011891434,1.1204674747175798,836.0
2024-11-22 16:00:00+00:00,1.119839624710398,1.12042752821265,1.1191198270506593,1.1192187697521698,1181.0
2024-11-22 17:00:00+00:00,1.1199615722528258,1.1205783268082148,1.1194979469952084,1.1203616878529017,1308.0
2024-11-22 18:00:00+00:00,1.1201857297543991,1.1204386507416393,1.119414093867696,1.1198373579885808,1084.0
2024-11-22 19:00:00+00:00,1.1199588148020558,1.1210461311381723,1.1194291492452195,1.1199410545656188,788.0
2024-11-22 20:00:00+00:00,1.1197142352364882,1.1201695051749667,1.118664207813302,1.1197567995532325,1471.0
2024-11-22 21:00:00+00:00,1.119392395768049,1.1202270552216007,1.1191546717798482,1.11986949984542,1777.0
2024-11-22 22:00:00+00:00,1.1197541907550157,1.1201417748891822,1.1187801962028776,1.118853967170972,1223.0
2024-11-22 23:00:00+00:00,1.1192486049874038,1.1197813128991507,1.1184000504035574,1.1192462060591877,1568.0
2024-11-23 00:00:00+00:00,1.1194852383890712,1.1202886087072796,1.1191856392894932,1.1202127481380904,922.0
2024-11-23 01:00:00+00:00,1.1199099747865424,1.1202424078740385,1.118989978775586,1.119309132727463,1706.0
2024-11-23 02:00:00+00:00,1.1195850773921705,1.120110653028721,1.1189711346890965,1.1191179879739996,1348.0
2024-11-23 03:00:00+00:00,1.1193557279152866,1.1200456632163285,1.1188834464831403,1.119815325397142,1177.0
2024-11-23 04:00:00+00:00,1.1192147880252337,1.1197260944860423,1.1188470044639665,1.119583798289352,1334.0
2024-11-23 05:00:00+00:00,1.1193542739739466,1.1202550781062428,1.1184684210292122,1.1197295510778722,887.0
2024-11-23 06:00:00+00:00,1.1188414529349102,1.1194665287293846,1.1185587261155872,1.1193530139757342,876.0
2024-11-23 07:00:00+00:00,1.1195594553275636,1.1202935399448684,1.1190710144777676,1.1195881817726312,1009.0
2024-11-23 08:00:00+00:00,1.1197776153178227,1.121032208447453,1.119610876637551,1.1201922543030296,895.0
2024-11-23 09:00:00+00:00,1.1197968456989758,1.1206890847809825,1.11948388173112,1.1203547808552508,603.0
2024-11-23 10:00:00+00:00,1.1199833057480486,1.1209227096987393,1.1194913002875044,1.1206557500876808,940.0
2024-11-23 11:00:00+00:00,1.1200984668186535,1.1205736849260408,1.119768787635368,1.1201443220583187,995.0
2024-11-23 12:00:00+00:00,1.120167409432954,1.1205483672225778,1.11901310380842,1.1198529431412088,1396.0
2024-11-23 13:00:00+00:00,1.1201408185614574,1.120831575994475,1.119775507775333,1.120243782163978,487.0
2024-11-23 14:00:00+00:00,1.1201690391509105,1.1208261776163777,1.1198132526092517,1.1205235594845429,1003.0
2024-11-23 15:00:00+00:00,1.1203368900355513,1.1205330711709849,1.1198312592490312,1.1201333428239395,1155.0
2024-11-23 16:00:00+00:00,1.1203672612371234,1.1211587355993102,1.1199649054314311,1.120735594279007,1374.0
2024-11-23 17:00:00+00:00,1.1203413360931191,1.1209832199055536,1.118946492665535,1.119360995867933,1291.0
2024-11-23 18:00:00+00:00,1.1200331322788295,1.1206287227486034,1.119603120082513,1.11986016615018,825.0
2024-11-23 19:00:00+00:00,1.119977667788877,1.120116553488588,1.119485038039529,1.1195354410541185,974.0
2024-11-23 20:00:00+00:00,1.1199579108781976,1.1206974911933854,1.119545992962656,1.120601961647104,872.0
2024-11-23 21:00:00+00:00,1.1205007825086746,1.1210396976862869,1.1197214965136053,1.1198136474350944,1317.0
2024-11-23 22:00:00+00:00,1.1202398364556796,1.1208829156015392,1.119887051027555,1.120376707275755,1100.0
2024-11-23 23:00:00+00:00,1.1204568324222304,1.1210818350148808,1.1198357064742048,1.120140788448034,1111.0
2024-11-24 00:00:00+00:00,1.12041471231052,1.1213357303660934,1.1194349625889155,1.1212303883119707,1349.0
2024-11-24 01:00:00+00:00,1.1203843361305967,1.120669758542508,1.1198571987318475,1.1206579325659998,1804.0
2024-11-24 02:00:00+00:00,1.120135462536477,1.120618084389945,1.119225689018244,1.1200869700208351,1053.0
2024-11-24 03:00:00+00:00,1.1202710402288143,1.1207330383986014,1.119801329653446,1.1203078371206543,1275.0
2024-11-24 04:00:00+00:00,1.12070161286202,1.1208196050379593,1.119541097393069,1.1204325016443557,1294.0
2024-11-24 05:00:00+00:00,1.1205205430939982,1.1211809537203556,1.1201122384889544,1.1201756659684994,1384.0
2024-11-24 06:00:00+00:00,1.120545507125139,1.1213434096601833,1.1194802810700828,1.1210938620598232,1125.0
2024-11-24 07:00:00+00:00,1.1205625477460963,1.1206379826859492,1.1200004694202164,1.1201353688802331,1250.0
2024-11-24 08:00:00+00:00,1.1203814117300677,1.1210824214305666,1.119855869760436,1.1201729136761305,1432.0
2024-11-24 09:00:00+00:00,1.1201598710486205,1.1208752119530756,1.119393067340614,1.1208368706298142,1059.0
2024-11-24 10:00:00+00:00,1.1203146141334108,1.1213719150792028,1.119393220508427,1.120371416008498,776.0
2024-11-24 11:00:00+00:00,1.120476353947129,1.1206916249707022,1.119592589088895,1.1197488021283837,699.0
2024-11-24 12:00:00+00:00,1.1202487877658196,1.1208481337093903,1.119796218849328,1.1203941738705263,964.0
2024-11-24 13:00:00+00:00,1.1201918235331498,1.120760218284336,1.1189547705299967,1.1201749623092694,1090.0
2024-11-24 14:00:00+00:00,1.119984407293671,1.1211102657960823,1.1192427107547498,1.1199311653929762,1139.0
2024-11-24 15:00:00+00:00,1.1201552179923298,1.120672875830763,1.1192159019276515,1.120204928706772,1778.0
2024-11-24 16:00:00+00:00,1.120161760874405,1.1208794818444163,1.1200777380125984,1.1205679314190589,1262.0
2024-11-24 17:00:00+00:00,1.1202699950442898,1.12074546408467,1.1194528366737362,1.1206496205797616,769.0
2024-11-24 18:00:00+00:00,1.12017363694456,1.1207288940053246,1.1199059929768838,1.120063447773722,1201.0
2024-11-24 19:00:00+00:00,1.1199510845165106,1.1206277555567037,1.1189788982464015,1.119148688758299,679.0
2024-11-24 20:00:00+00:00,1.1199184311219517,1.1204633410789124,1.1195765542995102,1.1199166604321336,1425.0
2024-11-24 21:00:00+00:00,1.1198208980305266,1.120434109629404,1.1194681281527503,1.120283569076624,490.0
2024-11-24 22:00:00+00:00,1.1197746162732516,1.1207466558690231,1.119616013067856,1.1205573989048665,1140.0
2024-11-24 23:00:00+00:00,1.1203563576139928,1.1207208749076554,1.1193561635969955,1.1197622219647547,845.0
2024-11-25 00:00:00+00:00,1.1199958313076526,1.1204871448777711,1.1192688604560233,1.1193251048169952,728.0
2024-11-25 01:00:00+00:00,1.119796218327825,1.120137438209621,1.119504755420505,1.1198734237153274,1038.0
2024-11-25 02:00:00+00:00,1.1195339786928544,1.1203489650616023,1.1190982026920526,1.119142856850317,1380.0
2024-11-25 03:00:00+00:00,1.119759317059659,1.1199210091421814,1.11929029517946,1.1197779128985783,1198.0
2024-11-25 04:00:00+00:00,1.1196521847076906,1.120020172858572,1.1188297802334566,1.1196464093330678,1027.0
2024-11-25 05:00:00+00:00,1.1197434106604862,1.1202422046185232,1.1190908519408285,1.1197906608699677,890.0
2024-11-25 06:00:00+00:00,1.119769495996933,1.119961109853692,1.118976785910005,1.1190823422834488,1769.0
2024-11-25 07:00:00+00:00,1.1194746301190444,1.1200232703815851,1.1190589687822627,1.1198516152433564,1064.0
2024-11-25 08:00:00+00:00,1.11936936231375,1.1196327326599622,1.118390155261722,1.119268125992077,1277.0
2024-11-25 09:00:00+00:00,1.1193863158419193,1.1197658367517906,1.1184031788372617,1.119647431825766,1205.0
2024-11-25 10:00:00+00:00,1.1194904074644618,1.119909403569168,1.118992947760453,1.119640962668734,1067.0
2024-11-25 11:00:00+00:00,1.1196696289762167,1.1199639549364957,1.1191364724599842,1.1195043554822464,1366.0
2024-11-25 12:00:00+00:00,1.119927202318953,1.1203110399924228,1.119277255856762,1.11998741557617,597.0
2024-11-25 13:00:00+00:00,1.1199775914969157,1.1204023284144202,1.119810611570671,1.1199102309664188,863.0
2024-11-25 14:00:00+00:00,1.1200600549613913,1.1206954248533467,1.1195868894073793,1.120576575847106,1190.0
2024-11-25 15:00:00+00:00,1.1204179994590828,1.1209166172780347,1.1199576564467746,1.1203211157504214,1340.0
2024-11-25 16:00:00+00:00,1.120522992962022,1.1209266638281916,1.120005127846616,1.1203579610383512,949.0
2024-11-25 17:00:00+00:00,1.1201564279333684,1.1204668902855046,1.1196345602705806,1.120193727880307,1016.0
2024-11-25 18:00:00+00:00,1.120278855104926,1.1210443968587374,1.1199917972343565,1.1207856129412617,756.0
2024-11-25 19:00:00+00:00,1.1201680476800078,1.120623582902497,1.1192610163406371,1.1203576713946832,893.0
2024-11-25 20:00:00+00:00,1.1202161840482332,1.1212651742354764,1.1197831374256388,1.1200885135246874,1257.0
2024-11-25 21:00:00+00:00,1.120217646443702,1.1206322747609845,1.1198243001515416,1.1201319598639967,1059.0
2024-11-25 22:00:00+00:00,1.1200362974544646,1.1202354667685972,1.1193302480432987,1.1199961311487965,674.0
2024-11-25 23:00:00+00:00,1.1200870013351485,1.1203358837035264,1.1195733965246306,1.1199659513317772,1105.0
2024-11-26 00:00:00+00:00,1.1198572709870178,1.1202091364114044,1.119589974050949,1.1201110858401728,979.0
2024-11-26 01:00:00+00:00,1.1202006144739851,1.1209513907790356,1.1195898621339253,1.1197314181580007,997.0
2024-11-26 02:00:00+00:00,1.1202323555546572,1.1207466455809694,1.1196467342211602,1.1206334028742588,732.0
2024-11-26 03:00:00+00:00,1.1205074375561197,1.1209718660059345,1.1198935629366036,1.1208226449309004,1244.0
2024-11-26 04:00:00+00:00,1.1206445477130065,1.1215115094935142,1.1200861357462044,1.1202510957928202,1475.0
2024-11-26 05:00:00+00:00,1.1209460443724877,1.1215695746126968,1.1207493409505305,1.1213609716420283,973.0
2024-11-26 06:00:00+00:00,1.1209285858255855,1.1215529688012122,1.1204513824403384,1.1211800972903168,899.0
2024-11-26 07:00:00+00:00,1.1211332271672398,1.1214107366871675,1.120609626566597,1.120960422226784,978.0
2024-11-26 08:00:00+00:00,1.1211770245813968,1.1216945332963324,1.120751184034714,1.121533653197939,1084.0
2024-11-26 09:00:00+00:00,1.1210463979862366,1.121519641060691,1.1208470571344882,1.1208801346057908,698.0
2024-11-26 10:00:00+00:00,1.1212662927073749,1.1218973121504614,1.120859493864712,1.1218261776722591,1460.0
2024-11-26 11:00:00+00:00,1.121501326433782,1.122101030637661,1.1212542399690384,1.121791758869822,795.0
2024-11-26 12:00:00+00:00,1.1218359615042748,1.1230433028380666,1.1215989979334835,1.121960893118506,898.0
2024-11-26 13:00:00+00:00,1.1220146655173433,1.1225458934779435,1.1216073273357845,1.1220143999663317,1019.0
2024-11-26 14:00:00+00:00,1.1221880305418612,1.123021112531243,1.1217451934373404,1.1226333645829734,574.0
2024-11-26 15:00:00+00:00,1.1223409633999604,1.1226927875047927,1.1212616989075563,1.121307193533256,1061.0
2024-11-26 16:00:00+00:00,1.122207100558524,1.1226088862854708,1.1212401408494126,1.1223523112804037,1158.0
2024-11-26 17:00:00+00:00,1.1222718217437757,1.1230437632435544,1.121435482413189,1.123004993750001,437.0
2024-11-26 18:00:00+00:00,1.122118401140454,1.1228269984835666,1.121945346696516,1.1223849928002272,1232.0
2024-11-26 19:00:00+00:00,1.1222107066197593,1.122975702804779,1.1209083752965,1.1210148164463345,1387.0
2024-11-26 20:00:00+00:00,1.1220867119733928,1.1223118607723348,1.121450613892206,1.1220396745971437,1548.0
2024-11-26 21:00:00+00:00,1.121942912695848,1.122499856291299,1.1218204931735385,1.1220907143318626,873.0
2024-11-26 22:00:00+00:00,1.1219415003841895,1.122286593166034,1.121537701330153,1.1222645755422809,1458.0
2024-11-26 23:00:00+00:00,1.1222892743687407,1.1229297919126346,1.1215987632968256,1.1219226028122975,1336.0
2024-11-27 00:00:00+00:00,1.122194404878762,1.1229966940738638,1.1218766900312414,1.1221284388755113,1324.0
2024-11-27 01:00:00+00:00,1.121905836164095,1.122604997067091,1.1216029589032628,1.1218960152225577,489.0
2024-11-27 02:00:00+00:00,1.121822050995988,1.1228460770474804,1.1214925442584474,1.1218876273249778,1188.0
2024-11-27 03:00:00+00:00,1.1219589941160042,1.1224005064409233,1.1214906823368038,1.1217217610335528,972.0
2024-11-27 04:00:00+00:00,1.1221129901698323,1.1224623607663688,1.1213679060960065,1.12188194186552,1458.0
2024-11-27 05:00:00+00:00,1.1219461738969043,1.122571518127654,1.1213427184284024,1.1215835818470516,1263.0
2024-11-27 06:00:00+00:00,1.121822469444574,1.1221622191291998,1.121183213210288,1.121777280320307,1075.0
2024-11-27 07:00:00+00:00,1.1216439373899738,1.1219578383905708,1.121065306180406,1.1212536351887878,1108.0
2024-11-27 08:00:00+00:00,1.1215486078416983,1.12183187522493,1.1206936244501526,1.12109741078793,811.0
2024-11-27 09:00:00+00:00,1.1216804117249115,1.122470079551404,1.1212864543350625,1.1222554748680862,1191.0
2024-11-27 10:00:00+00:00,1.1217669352478097,1.122295986569664,1.12087617206098,1.1218822044718793,1147.0
2024-11-27 11:00:00+00:00,1.121608536622544,1.12214503860784,1.1213199631436233,1.121863768943272,1419.0
2024-11-27 12:00:00+00:00,1.12181381043311,1.1228017895330635,1.1214765496544878,1.1224648805760031,1135.0
2024-11-27 13:00:00+00:00,1.122015081187026,1.1229316569700036,1.1217125531457013,1.122029558442788,1289.0
2024-11-27 14:00:00+00:00,1.1219463959737068,1.1221768210668914,1.1212740705635562,1.1218570497850973,1267.0
2024-11-27 15:00:00+00:00,1.1216297932828223,1.122563597929509,1.121296217552154,1.1214517838661648,1096.0
2024-11-27 16:00:00+00:00,1.1218106406210973,1.1219401253708674,1.120844372381829,1.1208514676083017,1217.0
2024-11-27 17:00:00+00:00,1.12172207242436,1.1225397667209709,1.121320711667277,1.1223029827277782,606.0
2024-11-27 18:00:00+00:00,1.1220282862458109,1.1231251995815938,1.1217950544848474,1.122877331877839,1225.0
2024-11-27 19:00:00+00:00,1.1223359634292278,1.1227987431633049,1.1218526023904114,1.122795016539031,1205.0
2024-11-27 20:00:00+00:00,1.122685990487258,1.1231407342782005,1.1223122281838909,1.1227243935036622,620.0
2024-11-27 21:00:00+00:00,1.122590065058471,1.1237234568892778,1.1218219973460803,1.122674746096798,1152.0
2024-11-27 22:00:00+00:00,1.1224937397688226,1.1230019237264768,1.1222082791590169,1.1226870849005088,865.0
2024-11-27 23:00:00+00:00,1.1226348532134116,1.123437109807427,1.1223656476090291,1.1225203106811623,954.0
2024-11-28 00:00:00+00:00,1.122579904050723,1.1229936832744332,1.122198120055531,1.1226263150311977,949.0
2024-11-28 01:00:00+00:00,1.1225555049354787,1.1228494133829097,1.1223592881808226,1.122446708258725,1574.0
2024-11-28 02:00:00+00:00,1.1224617064955589,1.1233079277425615,1.1224228204391842,1.123093508506315,1315.0
2024-11-28 03:00:00+00:00,1.1224756145515855,1.123002321724046,1.12152003927263,1.121611920159302,1163.0
2024-11-28 04:00:00+00:00,1.1221322706810075,1.122837728478758,1.1214600703931183,1.1227255666522786,872.0
2024-11-28 05:00:00+00:00,1.1222410571380068,1.1227034253822652,1.1211805172939528,1.121936771259653,1404.0
2024-11-28 06:00:00+00:00,1.122058832692576,1.1227641190747308,1.1220274091507016,1.1223983291467967,1271.0
2024-11-28 07:00:00+00:00,1.122069426483782,1.122670782991014,1.121412002284041,1.1223391932079436,1155.0
2024-11-28 08:00:00+00:00,1.1220884301153429,1.1224507719715735,1.1216684656098108,1.122216219547207,1335.0
2024-11-28 09:00:00+00:00,1.122381286552678,1.1224859722987215,1.1218028418293662,1.1222854334597696,1247.0
2024-11-28 10:00:00+00:00,1.1223057268806755,1.1235239331663067,1.121511738824276,1.1232626490269122,1484.0
2024-11-28 11:00:00+00:00,1.1225669179589108,1.122979697901621,1.1219387059170225,1.1223922456292994,733.0
2024-11-28 12:00:00+00:00,1.1224079071197637,1.1226353193817735,1.1214486694603685,1.122349850813009,1209.0
2024-11-28 13:00:00+00:00,1.122521333967333,1.1227940736807316,1.1216842301545993,1.1219947583980956,1729.0
2024-11-28 14:00:00+00:00,1.1223736869216436,1.1233158150978395,1.121972808718836,1.1223089180217565,523.0
2024-11-28 15:00:00+00:00,1.1223509997056071,1.123228845304956,1.1218465540339444,1.122373295820859,670.0
2024-11-28 16:00:00+00:00,1.1225956806023347,1.1231348337853262,1.1220190888362984,1.1224240014016542,1180.0
2024-11-28 17:00:00+00:00,1.1225095418145516,1.1227401948768008,1.122133679017165,1.1221527125125803,1194.0
2024-11-28 18:00:00+00:00,1.1224150039760976,1.1232033403973936,1.1216725885137009,1.1229417339461047,747.0
2024-11-28 19:00:00+00:00,1.1224507728839668,1.1228693206952665,1.1220436650513748,1.1225824036607328,752.0
2024-11-28 20:00:00+00:00,1.1222757614330836,1.1225569403952822,1.1213147899594822,1.1216341629896485,1121.0
2024-11-28 21:00:00+00:00,1.122127212316291,1.122530022229719,1.1213355174401822,1.1221409435638927,1481.0
2024-11-28 22:00:00+00:00,1.1221260396523125,1.1225146895218858,1.1210121961995845,1.1216922444284088,804.0
2024-11-28 23:00:00+00:00,1.121905746500634,1.1225840169700458,1.1210551102059882,1.1217207644655427,883.0
2024-11-29 00:00:00+00:00,1.1217802056226376,1.1227223485562012,1.1208567719771292,1.1222459525730109,1111.0
2024-11-29 01:00:00+00:00,1.1222666137057526,1.122668455649556,1.1218846510549954,1.1223974796812506,1313.0
2024-11-29 02:00:00+00:00,1.122485115535063,1.1229223209519943,1.1220856492143796,1.122498783576407,765.0
2024-11-29 03:00:00+00:00,1.1224239816809864,1.1224754868895426,1.1218405308174146,1.1224415522391733,644.0
2024-11-29 04:00:00+00:00,1.122116884622036,1.1223810173140387,1.121599602118911,1.121847947199274,1448.0
2024-11-29 05:00:00+00:00,1.1221965584386602,1.1230867038077994,1.1216787440446183,1.1224586361406244,1297.0
2024-11-29 06:00:00+00:00,1.1224393771310286,1.1230999704789355,1.1220986748219277,1.1228188076002168,1333.0
2024-11-29 07:00:00+00:00,1.12273913338591,1.1233598130892457,1.1223723826662655,1.1228320403282992,1240.0
2024-11-29 08:00:00+00:00,1.1230780282858206,1.123686883019098,1.1223982074220331,1.1230457192697367,998.0
2024-11-29 09:00:00+00:00,1.1230867947137788,1.1235559248011642,1.12278361552839,1.1229447752309984,1271.0
2024-11-29 10:00:00+00:00,1.1230403991434448,1.1233606548667037,1.1220963654697569,1.1224430366382538,831.0
2024-11-29 11:00:00+00:00,1.1227172410306816,1.1236160393901125,1.1220892518871188,1.1229621548788429,1167.0
2024-11-29 12:00:00+00:00,1.123008077954473,1.123581772866869,1.122638931924314,1.1228551989588549,877.0
2024-11-29 13:00:00+00:00,1.1229725130498986,1.123171451304852,1.1222434275656887,1.122544535141821,1098.0
2024-11-29 14:00:00+00:00,1.1230327571295,1.1233936936029572,1.122459703347855,1.122603242517261,1458.0
2024-11-29 15:00:00+00:00,1.1227771911076907,1.1231869192598072,1.1222400892762734,1.1231010705276203,1346.0
2024-11-29 16:00:00+00:00,1.122924278772093,1.123715831383365,1.1223506579452007,1.1226623243749008,1005.0
2024-11-29 17:00:00+00:00,1.1227833088773018,1.1229208416355818,1.1221349026396463,1.1224325892377112,1344.0
2024-11-29 18:00:00+00:00,1.122676999019671,1.122850510933178,1.122030162361526,1.122069467315392,834.0
2024-11-29 19:00:00+00:00,1.1223599722050308,1.1224740810913965,1.1215316858704731,1.1219573077022558,764.0
2024-11-29 20:00:00+00:00,1.1222008869761255,1.1228482936489856,1.121977664135742,1.1226233972959418,801.0
2024-11-29 21:00:00+00:00,1.1221831417736845,1.122989255719724,1.1211816178172695,1.1214654007966576,1525.0
2024-11-29 22:00:00+00:00,1.121757914511439,1.1224948257961551,1.1215113366442877,1.1220732473460855,1418.0
2024-11-29 23:00:00+00:00,1.1217760891643254,1.1219767001489676,1.1209939674317997,1.1211140283421843,956.0
2024-11-30 00:00:00+00:00,1.1217266492797386,1.1218583700670637,1.1209104454565548,1.121064029734013,825.0
2024-11-30 01:00:00+00:00,1.1213928460875844,1.1218315133373975,1.1210115106713492,1.1216949225546828,1164.0
2024-11-30 02:00:00+00:00,1.1215067447875344,1.1219677257044558,1.1213435573701362,1.1218301950234646,1143.0
2024-11-30 03:00:00+00:00,1.1215774309557311,1.122238096371875,1.1209315200659364,1.1217747583737598,1069.0
2024-11-30 04:00:00+00:00,1.121622405636657,1.1223022668968694,1.1211650061985208,1.1219803530220949,1389.0
2024-11-30 05:00:00+00:00,1.1221181430447604,1.1225940696248695,1.121858501662112,1.1220602513694815,1425.0
2024-11-30 06:00:00+00:00,1.122115561698093,1.1230895465923365,1.1216837469897598,1.1217318911172875,984.0
2024-11-30 07:00:00+00:00,1.1226546861871505,1.1231760168039555,1.1222198275881758,1.1227637775951045,1009.0
2024-11-30 08:00:00+00:00,1.1226045062353278,1.123184834625292,1.122176419381288,1.1229824729997495,968.0
2024-11-30 09:00:00+00:00,1.122835800585661,1.1237281084049209,1.122575748409151,1.1230422812607497,1190.0
2024-11-30 10:00:00+00:00,1.1227910090108355,1.123358617788358,1.1220799617994963,1.1231851393226364,1031.0
2024-11-30 11:00:00+00:00,1.1228665083427438,1.122994112807968,1.122468451421276,1.1227045733411107,787.0
2024-11-30 12:00:00+00:00,1.122928449460069,1.1233556552335289,1.1224460370422364,1.123038843317769,760.0
2024-11-30 13:00:00+00:00,1.1227216722109712,1.123133708512196,1.122468915335966,1.122659033156632,817.0
2024-11-30 14:00:00+00:00,1.1231701620191168,1.1235076195151934,1.122619782178515,1.1231429836790756,935.0
2024-11-30 15:00:00+00:00,1.1229477779812014,1.1230325940479182,1.1214803106188382,1.1225906159500985,1069.0
2024-11-30 16:00:00+00:00,1.1227259798858813,1.1231608853796888,1.1219555003017925,1.122653441125822,861.0
2024-11-30 17:00:00+00:00,1.1227712208069365,1.1232351472084248,1.122323705522241,1.1226242060947311,1519.0
2024-11-30 18:00:00+00:00,1.122869391599297,1.1237247440387086,1.1221715246569852,1.1235494851406649,1040.0
2024-11-30 19:00:00+00:00,1.123145087841202,1.1232817100417472,1.1227941925064924,1.1232022825233596,1390.0
2024-11-30 20:00:00+00:00,1.1230903852302343,1.1238035710854808,1.1226557230766885,1.1236322881703795,1482.0
2024-11-30 21:00:00+00:00,1.123127001659409,1.123543272198226,1.1227669608490312,1.1228674344893963,1180.0
2024-11-30 22:00:00+00:00,1.1230012020425573,1.1233917520569652,1.1218696247384017,1.1231869778621588,1149.0
2024-11-30 23:00:00+00:00,1.123211440929604,1.1237023637693409,1.1229046456292364,1.1235936376773812,1011.0
2024-12-01 00:00:00+00:00,1.1232956028685486,1.1237048301463533,1.1229111638155944,1.1232774090565396,951.0
2024-12-01 01:00:00+00:00,1.1231883665745763,1.1239649249390402,1.1228797374792638,1.123472217869228,1393.0
2024-12-01 02:00:00+00:00,1.123181533176139,1.123705731545729,1.122753718772861,1.1227968233178989,774.0
2024-12-01 03:00:00+00:00,1.1230451718595449,1.123403117251156,1.1226272444096774,1.1230072272033478,1593.0
2024-12-01 04:00:00+00:00,1.123022678147851,1.1240640228677252,1.1227761420469538,1.1239971624440883,1061.0
2024-12-01 05:00:00+00:00,1.1234751960623623,1.1238511607179071,1.1229376334448635,1.1235090064951327,937.0
2024-12-01 06:00:00+00:00,1.1234596324217094,1.1240607431973588,1.122871103578902,1.1228844418873682,1101.0
2024-12-01 07:00:00+00:00,1.1232445329765364,1.1237913513646864,1.1222932560974848,1.1231155840787217,769.0
2024-12-01 08:00:00+00:00,1.123342676781357,1.1237049032925572,1.1228585743231383,1.1231852822485853,1232.0
2024-12-01 09:00:00+00:00,1.1232834967833414,1.123900313302036,1.1230617397033695,1.1237213904489645,966.0
2024-12-01 10:00:00+00:00,1.1236354741627208,1.124371685884361,1.1230633559191916,1.12311922943058,1293.0
2024-12-01 11:00:00+00:00,1.1234223753687145,1.1241182142918484,1.1229688892386984,1.123248674841359,1338.0
2024-12-01 12:00:00+00:00,1.1234450661517816,1.123605848623241,1.122725318310308,1.1227598727759338,1083.0
2024-12-01 13:00:00+00:00,1.1232252558178666,1.1237570791633298,1.1229294738715672,1.1236288104180814,1605.0
2024-12-01 14:00:00+00:00,1.1235213479627282,1.123883541740738,1.1229519370379275,1.1230122694800582,835.0
2024-12-01 15:00:00+00:00,1.1233818212090565,1.1238286101460775,1.1229517941011171,1.1230840951027985,1333.0
2024-12-01 16:00:00+00:00,1.123393414417876,1.1240812745732738,1.1228172817361517,1.1238971955265165,697.0
2024-12-01 17:00:00+00:00,1.1234744340963358,1.1237636935877884,1.122915757508538,1.1232637403846788,1037.0
2024-12-01 18:00:00+00:00,1.1232800941077674,1.1236863056020368,1.1223934806984874,1.123181805080958,986.0
2024-12-01 19:00:00+00:00,1.1232498292113828,1.124128490122845,1.122557925932107,1.1234749378115532,1155.0
2024-12-01 20:00:00+00:00,1.1232868006290448,1.1236821092050302,1.1229610404079338,1.1235090130744247,634.0
2024-12-01 21:00:00+00:00,1.123349969136737,1.1236730087558602,1.1228384914966187,1.122851874634282,1139.0
2024-12-01 22:00:00+00:00,1.1234554125606082,1.123492476104446,1.1223827607720926,1.122752964217345,1094.0
2024-12-01 23:00:00+00:00,1.1234078196132309,1.1236695844213394,1.1231589773533492,1.1235480742805362,993.0
2024-12-02 00:00:00+00:00,1.1234679198034645,1.1243157616747443,1.1233060446736836,1.123668330938183,1197.0
2024-12-02 01:00:00+00:00,1.1235123489525547,1.124305529664919,1.1233611949901896,1.1241829254351403,1332.0
2024-12-02 02:00:00+00:00,1.123538494785717,1.1237390632029294,1.1232539432564592,1.1233995801364158,846.0
2024-12-02 03:00:00+00:00,1.1235832193750706,1.123972663910279,1.1230716089033623,1.123405305045896,1231.0
2024-12-02 04:00:00+00:00,1.1233649742334393,1.123664157235432,1.1228669917055791,1.1234644377380678,1105.0
2024-12-02 05:00:00+00:00,1.123299138859528,1.123626517797997,1.122211162598075,1.1236260753921603,1275.0
2024-12-02 06:00:00+00:00,1.1231162081044668,1.123630056382417,1.122692531957489,1.1228371057253623,1446.0
2024-12-02 07:00:00+00:00,1.1230105797404395,1.1234788547398449,1.122877260863059,1.123222075587174,571.0
2024-12-02 08:00:00+00:00,1.1230184204482576,1.1234936820568031,1.122843577081257,1.1232106310360854,1426.0
2024-12-02 09:00:00+00:00,1.1228609323133163,1.1234550045072444,1.1227022055344376,1.1227711262470923,1478.0
2024-12-02 10:00:00+00:00,1.1232545904935145,1.123855712437686,1.1228069996010894,1.1232835594108872,1055.0
2024-12-02 11:00:00+00:00,1.1236219836426742,1.1245887391540996,1.1233396736941963,1.123681441293707,1149.0
2024-12-02 12:00:00+00:00,1.1235965572599718,1.1243901265187586,1.1229938491913514,1.1234394732765862,1186.0
2024-12-02 13:00:00+00:00,1.1235316291973774,1.1238653337426148,1.1231721620536,1.1234070837339556,1218.0
2024-12-02 14:00:00+00:00,1.1236084178205166,1.124117633912655,1.1229842818806617,1.1233753024671622,1261.0
2024-12-02 15:00:00+00:00,1.123848038440055,1.1243918793653471,1.1232708091335004,1.1233320020948503,1228.0
2024-12-02 16:00:00+00:00,1.1239921382182618,1.1248532368591309,1.1234937875895006,1.1242434036292617,988.0
2024-12-02 17:00:00+00:00,1.1237301715887944,1.123844107571454,1.123260992169988,1.123474676683086,1007.0
2024-12-02 18:00:00+00:00,1.1237229844785388,1.1244511390606993,1.1232185138664876,1.1232243699652371,1223.0
2024-12-02 19:00:00+00:00,1.1235781984640287,1.1237118642672683,1.1226822624215516,1.1230771292950992,1051.0
2024-12-02 20:00:00+00:00,1.1235895721029283,1.12414658339562,1.1231126823164188,1.1231876065830977,1074.0
2024-12-02 21:00:00+00:00,1.1239296593906276,1.124464689608768,1.1235853657419896,1.1239560218835276,1625.0
2024-12-02 22:00:00+00:00,1.1241226775865698,1.124585046867761,1.1233719620592073,1.1243428610626107,882.0
2024-12-02 23:00:00+00:00,1.1243475623703492,1.1250795359038417,1.1238313906077328,1.12413800227592,1468.0
2024-12-03 00:00:00+00:00,1.1243264953156558,1.12481982417581,1.1242196887841744,1.1243367309300092,1516.0
2024-12-03 01:00:00+00:00,1.1246217554982971,1.125169296893835,1.1241536180676466,1.1246352209725223,1097.0
2024-12-03 02:00:00+00:00,1.1247639157099194,1.125228081583777,1.1243641160596272,1.1247242801495676,1230.0
2024-12-03 03:00:00+00:00,1.124530828778887,1.12535413686331,1.124141490184794,1.1243959369291552,985.0
2024-12-03 04:00:00+00:00,1.1244360896170775,1.1249080172214545,1.1237698897344628,1.1245935174635957,850.0
2024-12-03 05:00:00+00:00,1.1242268209148574,1.1245405824291976,1.123908797601405,1.1242327035219746,976.0
2024-12-03 06:00:00+00:00,1.124043801777536,1.1253093604663786,1.1238224436121893,1.1252034591522049,1389.0
2024-12-03 07:00:00+00:00,1.1244278532997016,1.1245934463883969,1.1239444857996477,1.1240942847176283,992.0
2024-12-03 08:00:00+00:00,1.1244454675948186,1.1252895413129922,1.1243007053077374,1.1245989107119585,1000.0
2024-12-03 09:00:00+00:00,1.1245216207581314,1.1250598085974222,1.1242642227677913,1.1246176268472816,1002.0
2024-12-03 10:00:00+00:00,1.1245978001578627,1.1247681040593005,1.124159372006272,1.1242649235754092,1507.0
2024-12-03 11:00:00+00:00,1.1244612724614813,1.124942984541281,1.1240988266660903,1.1244961740350277,1136.0
2024-12-03 12:00:00+00:00,1.1243914434227904,1.1247459392165993,1.1237200263100895,1.1239333561782463,1228.0
2024-12-03 13:00:00+00:00,1.1245132969003155,1.1252050933275743,1.1240785187138145,1.1250274177589,1190.0
2024-12-03 14:00:00+00:00,1.124798579074782,1.1254076858821227,1.1245440602565198,1.124768007447155,1212.0
2024-12-03 15:00:00+00:00,1.124699555079044,1.1251076816146348,1.1244762329258122,1.124704012678828,1391.0
2024-12-03 16:00:00+00:00,1.1245156179341411,1.124870781966928,1.1238174506449865,1.1245755092955585,826.0
2024-12-03 17:00:00+00:00,1.1247490154279185,1.1253113093042035,1.124332935158222,1.124819558081816,640.0
2024-12-03 18:00:00+00:00,1.1250010613912635,1.1258871817177163,1.1247126232248417,1.1253798588032538,792.0
2024-12-03 19:00:00+00:00,1.1250091847903088,1.1251646858625246,1.1242959160526091,1.124753127754883,1293.0
2024-12-03 20:00:00+00:00,1.1249977513517164,1.1254977501837524,1.1245522708503612,1.1245901906946434,793.0
2024-12-03 21:00:00+00:00,1.1250312391763988,1.125488509028688,1.1246172638166525,1.1254692776207902,1486.0
2024-12-03 22:00:00+00:00,1.1253253755883528,1.1257668352394083,1.1248799571365105,1.1249649596929667,1502.0
2024-12-03 23:00:00+00:00,1.1255482410604505,1.1261808692948367,1.1249909163611107,1.1257302425246658,1405.0
2024-12-04 00:00:00+00:00,1.1255066283633035,1.1260492200843772,1.125108874395759,1.12601284417378,1205.0
2024-12-04 01:00:00+00:00,1.125378265482132,1.1257592379353656,1.1245301690985623,1.1251946603739271,1294.0
2024-12-04 02:00:00+00:00,1.1253316286311337,1.125683385410173,1.1246519181051626,1.125151811370427,1077.0
2024-12-04 03:00:00+00:00,1.1256471294124044,1.1262071724669829,1.1250286570509325,1.1261918599188685,1022.0
2024-12-04 04:00:00+00:00,1.1258745007157849,1.126156566916923,1.1255506403374131,1.1259944742083237,535.0
2024-12-04 05:00:00+00:00,1.1259123325984828,1.1263338473544695,1.1251444668695345,1.12619314307797,931.0
2024-12-04 06:00:00+00:00,1.1259368378223018,1.1263196657464143,1.1250523964656869,1.1261430276861766,1182.0
2024-12-04 07:00:00+00:00,1.125971382311825,1.126799101832194,1.1258094831760488,1.1267047069886644,1534.0
2024-12-04 08:00:00+00:00,1.1258492577540644,1.1262507345598525,1.1255213916244111,1.125778780783919,739.0
2024-12-04 09:00:00+00:00,1.1260271345570627,1.1269452565234843,1.125860948819133,1.1269156304168209,1546.0
2024-12-04 10:00:00+00:00,1.1262611163141865,1.1268073373073293,1.1256548476565835,1.1265715761957664,1523.0
2024-12-04 11:00:00+00:00,1.126201042440111,1.1265830971334925,1.124844056836635,1.1263423286542882,827.0
2024-12-04 12:00:00+00:00,1.1262929472830578,1.1268853244048125,1.125942379512081,1.1266946416321866,1095.0
2024-12-04 13:00:00+00:00,1.1262415339120837,1.12667373744179,1.1258178788946842,1.1262736438537286,1203.0
2024-12-04 14:00:00+00:00,1.1261014234801607,1.1265532071216215,1.1256417355653132,1.1260894737960472,1095.0
2024-12-04 15:00:00+00:00,1.126314197945166,1.126598084359329,1.1258368455632923,1.126203149997097,763.0
2024-12-04 16:00:00+00:00,1.126040026688128,1.126550667314759,1.125363218286838,1.1254734653809595,1284.0
2024-12-04 17:00:00+00:00,1.1256854566070924,1.1259824953940003,1.125129927754623,1.1252982885598608,877.0
2024-12-04 18:00:00+00:00,1.12577030030422,1.1261956836605886,1.1252210789949053,1.125550300174854,1019.0
2024-12-04 19:00:00+00:00,1.1258058204352912,1.1261720668372752,1.1252319597390903,1.1254926215217838,1530.0
2024-12-04 20:00:00+00:00,1.1256089531224251,1.12604127536763,1.1245261975721663,1.1250698084770836,1066.0
2024-12-04 21:00:00+00:00,1.125668961170123,1.1259732628519925,1.1254459385461804,1.125669262259081,1309.0
2024-12-04 22:00:00+00:00,1.1257125851999938,1.126181509746038,1.125400232771041,1.1260689455587487,1325.0
2024-12-04 23:00:00+00:00,1.125896149650158,1.12598926007531,1.1252700070481043,1.125521305541376,989.0
2024-12-05 00:00:00+00:00,1.1258606719993547,1.1263821344651703,1.1255157079606095,1.126218368165047,625.0
2024-12-05 01:00:00+00:00,1.1258178460159072,1.1264138257237772,1.1255201635370795,1.125626649206446,1230.0
2024-12-05 02:00:00+00:00,1.1256973101186911,1.1260566289119625,1.125551614212479,1.1258203571377952,939.0
2024-12-05 03:00:00+00:00,1.125477639471061,1.1257510058952802,1.1247641751308597,1.1255414657249845,971.0
2024-12-05 04:00:00+00:00,1.125285272973088,1.1254453068315566,1.1243432626777876,1.1245132176195936,589.0
2024-12-05 05:00:00+00:00,1.1250616274373866,1.1262372450740057,1.1249477781539747,1.1252653219133328,1182.0
2024-12-05 06:00:00+00:00,1.125235659617349,1.125676610471282,1.1247513185286313,1.1249991141879627,949.0
2024-12-05 07:00:00+00:00,1.1254095321099735,1.125668182832866,1.1248191405531398,1.1251020057282286,763.0
2024-12-05 08:00:00+00:00,1.1252790711487617,1.1263594255456812,1.1252790472335386,1.1262314604278836,1063.0
2024-12-05 09:00:00+00:00,1.1254907893832904,1.1258820300628896,1.1248195934639025,1.125651121374153,1184.0
2024-12-05 10:00:00+00:00,1.1256382960589146,1.125950363310172,1.1249358187931908,1.1256476658656749,1494.0
2024-12-05 11:00:00+00:00,1.1254045459977884,1.1259028302360392,1.1250604123252037,1.1258698800947693,1164.0
2024-12-05 12:00:00+00:00,1.1254082553551337,1.126147201226845,1.1250974682131316,1.1252140559060742,1262.0
2024-12-05 13:00:00+00:00,1.1255507369835769,1.1264261443543608,1.1252141784331022,1.1254356891174595,1604.0
2024-12-05 14:00:00+00:00,1.1255839939337595,1.1266019897998691,1.124974958979911,1.1255319693961303,1234.0
2024-12-05 15:00:00+00:00,1.1252110589096989,1.1256133376238415,1.1250441152750474,1.125514197706185,1229.0
2024-12-05 16:00:00+00:00,1.1253859756619111,1.1264399388952104,1.125049175994884,1.1258377429317992,823.0
2024-12-05 17:00:00+00:00,1.1256926730436283,1.1257429167057846,1.1250163045453467,1.1250922449932084,1065.0
2024-12-05 18:00:00+00:00,1.12540921754487,1.1260623633562816,1.125059334192419,1.1255246640018195,767.0
2024-12-05 19:00:00+00:00,1.125362712896234,1.1256125312600016,1.1249139630976364,1.1254176792159194,1147.0
2024-12-05 20:00:00+00:00,1.1252531240255612,1.1254978679165435,1.1242326204740185,1.1242980173717607,859.0
2024-12-05 21:00:00+00:00,1.125196562753791,1.1257094637842406,1.1247464916378505,1.1248834046581877,728.0
2024-12-05 22:00:00+00:00,1.1251465788247683,1.1254150318215586,1.1246391041746888,1.1254106173909206,1149.0
2024-12-05 23:00:00+00:00,1.125007630007948,1.1252296487816829,1.124232803437916,1.1248099937049656,1237.0
2024-12-06 00:00:00+00:00,1.1248519689454377,1.1256940899522618,1.124499341976363,1.124925631543824,776.0
2024-12-06 01:00:00+00:00,1.1247236877413214,1.1251376637761217,1.1243104350010842,1.1250692087443024,1151.0
2024-12-06 02:00:00+00:00,1.1250392809484635,1.1254799296649531,1.1247180784051214,1.1248874819801589,1422.0
2024-12-06 03:00:00+00:00,1.1251513043634165,1.1252236856612547,1.1241651546785203,1.1242180241222164,1583.0
2024-12-06 04:00:00+00:00,1.1248028792146636,1.1252409595383404,1.1244776501328784,1.1248692220540946,1049.0
2024-12-06 05:00:00+00:00,1.1250039851268825,1.1254354174053502,1.1245047538878246,1.1246140779513842,759.0
2024-12-06 06:00:00+00:00,1.1247024194389583,1.1252994107917842,1.124436919395782,1.1249621661994986,740.0
2024-12-06 07:00:00+00:00,1.1247754311319564,1.1257765707095826,1.12423280242042,1.125473097741048,919.0
2024-12-06 08:00:00+00:00,1.1251663121477231,1.1256646127873495,1.1246964970434066,1.125290715319172,1178.0
2024-12-06 09:00:00+00:00,1.1252284169603912,1.1261305953447474,1.1249335351748972,1.1249563973462886,1621.0
2024-12-06 10:00:00+00:00,1.1256650994643738,1.1263357974537618,1.1256127975045207,1.126046548729104,727.0
2024-12-06 11:00:00+00:00,1.1257944959895465,1.1261600630616222,1.1254747288209557,1.1255708327462843,1443.0
2024-12-06 12:00:00+00:00,1.1260147838536074,1.1262328385438307,1.125737652000482,1.126016726099918,1050.0
2024-12-06 13:00:00+00:00,1.1261047395822432,1.126437779705988,1.1255531882381635,1.1261756184488174,1232.0
2024-12-06 14:00:00+00:00,1.1260953176602249,1.1266400937588503,1.1257184206419084,1.1264961792234671,1117.0
2024-12-06 15:00:00+00:00,1.1261165599732226,1.126627637936142,1.1254958282291094,1.1260249816370915,1068.0
2024-12-06 16:00:00+00:00,1.1260725559476348,1.126655171919945,1.125842358150315,1.1264268445479506,1122.0
2024-12-06 17:00:00+00:00,1.1263743566503128,1.1268950480904254,1.1260175056197692,1.1265959880830092,1677.0
2024-12-06 18:00:00+00:00,1.126655187710388,1.127623300145834,1.1264774183411816,1.1275195821122883,724.0
2024-12-06 19:00:00+00:00,1.126940693172185,1.1271305412784132,1.126531556048025,1.1267787702743683,1267.0
2024-12-06 20:00:00+00:00,1.1267287313831598,1.1270093133485033,1.1263404721820771,1.1268510070717923,969.0
2024-12-06 21:00:00+00:00,1.126784860046621,1.127328038539875,1.1260654804134176,1.1264468171811886,1232.0
2024-12-06 22:00:00+00:00,1.12683026261363,1.1269652152787497,1.126209332539088,1.1264158886159257,914.0
2024-12-06 23:00:00+00:00,1.126608004446647,1.1274431411981565,1.1256774205892763,1.1274239314124088,1133.0
2024-12-07 00:00:00+00:00,1.1267836895319248,1.127276348257186,1.126557014628045,1.1271304742207429,936.0
2024-12-07 01:00:00+00:00,1.1272621029752168,1.127817878875043,1.1269188573357938,1.127733658541871,1168.0
2024-12-07 02:00:00+00:00,1.127177389925598,1.1277372917257735,1.1266043905501264,1.1271191771404958,821.0
2024-12-07 03:00:00+00:00,1.126896403352205,1.126931177994955,1.1262103178646523,1.1268602664481646,966.0
2024-12-07 04:00:00+00:00,1.126758989222303,1.127476663654036,1.126349071999454,1.1264420185192183,1461.0
2024-12-07 05:00:00+00:00,1.1266880383156923,1.1273841742066049,1.1260101050612714,1.126920220794078,1108.0
2024-12-07 06:00:00+00:00,1.1269019900052284,1.127382219491848,1.126639017603462,1.1271846907898917,776.0
2024-12-07 07:00:00+00:00,1.1269401887903057,1.1273272774259326,1.1261924260692802,1.12628264967214,1467.0
2024-12-07 08:00:00+00:00,1.1266077090651194,1.1269755023365884,1.1258886896689513,1.1259897116677489,1067.0
2024-12-07 09:00:00+00:00,1.1261727030610322,1.1272738580843749,1.1260500417845476,1.12673068008771,1471.0
2024-12-07 10:00:00+00:00,1.1263735078953607,1.1264642383170989,1.1260873347949512,1.1261053155679008,1293.0
2024-12-07 11:00:00+00:00,1.1260644026763151,1.1262439775104258,1.1257894300750917,1.1258710517912716,958.0
2024-12-07 12:00:00+00:00,1.1261549128249044,1.1263975603536784,1.1257658072211347,1.126066991460662,1206.0
2024-12-07 13:00:00+00:00,1.1259512647272865,1.1262838735803475,1.1255304275633942,1.1260172174799885,680.0
2024-12-07 14:00:00+00:00,1.1259525863155562,1.1263708813418614,1.1256033657837965,1.1260975174602,931.0
2024-12-07 15:00:00+00:00,1.1262623962999094,1.1264367280245822,1.125856889281957,1.1263406344630231,1383.0
2024-12-07 16:00:00+00:00,1.1260322036359238,1.126397794649939,1.1253901545451022,1.1260247813457052,993.0
2024-12-07 17:00:00+00:00,1.126131486772206,1.126265375669331,1.1252126204703248,1.1253172300014351,1210.0
2024-12-07 18:00:00+00:00,1.1255241393295414,1.126001806149069,1.1249538991068002,1.1250521305565884,1182.0
2024-12-07 19:00:00+00:00,1.1256314323758243,1.1260867815833198,1.1253892508170669,1.1255788479309563,1293.0
2024-12-07 20:00:00+00:00,1.125756790037724,1.126195383159721,1.125241305192365,1.1259951152965404,876.0
2024-12-07 21:00:00+00:00,1.1257529876028758,1.1259620753642363,1.1249431865868047,1.125483516500061,1294.0
2024-12-07 22:00:00+00:00,1.125420162391746,1.1259228763273237,1.1251344652829052,1.125606657376045,792.0
2024-12-07 23:00:00+00:00,1.1253584750744885,1.1254683678808808,1.1245293488767545,1.1248080510398533,1113.0
2024-12-08 00:00:00+00:00,1.12500312315399,1.1252097727714852,1.1242741120408035,1.1249086298876498,1497.0
2024-12-08 01:00:00+00:00,1.1249165048363925,1.125545651860377,1.1246486390313568,1.12476792810322,955.0
2024-12-08 02:00:00+00:00,1.1249373891027563,1.125311213515623,1.1244901340058755,1.124815931296337,1325.0
2024-12-08 03:00:00+00:00,1.1248642131774909,1.1255647715616597,1.1242763984063011,1.1242806556643898,985.0
2024-12-08 04:00:00+00:00,1.1248709819479357,1.1253820345500056,1.1247442585693364,1.1250293029047758,1069.0
2024-12-08 05:00:00+00:00,1.1249825429376612,1.1254980014092455,1.1242443018567487,1.12490918708476,1323.0
2024-12-08 06:00:00+00:00,1.1248579610249485,1.1256534547438866,1.1246139024855804,1.12484290753713,1250.0
2024-12-08 07:00:00+00:00,1.1248911559618184,1.1253175098001575,1.1247150064148046,1.12482691490254,1196.0
2024-12-08 08:00:00+00:00,1.1250661221287548,1.1253646203578762,1.1237728939215477,1.1246108641932842,1292.0
2024-12-08 09:00:00+00:00,1.1251444917984672,1.125604804650226,1.124520572038452,1.1253043451766904,1109.0
2024-12-08 10:00:00+00:00,1.124992772817466,1.1255816385549835,1.12455658755141,1.1245835061551563,756.0
2024-12-08 11:00:00+00:00,1.125161572956551,1.1255223105308934,1.12475455682529,1.1248679869730098,1184.0
2024-12-08 12:00:00+00:00,1.1251970133591305,1.1256338369540049,1.12459829769257,1.1255231638938992,1529.0
2024-12-08 13:00:00+00:00,1.1253427365435251,1.1258642418824665,1.1247215937085182,1.1257715773598809,882.0
2024-12-08 14:00:00+00:00,1.1253316028378375,1.125698254649803,1.1251546965212926,1.1256203939155418,1182.0
2024-12-08 15:00:00+00:00,1.1253158794670657,1.1257247008086293,1.1249683185608956,1.1251533489080892,1141.0
2024-12-08 16:00:00+00:00,1.1253701125587496,1.1257496661191078,1.1250333194992177,1.1256079728705666,1152.0
2024-12-08 17:00:00+00:00,1.1253289462376264,1.1260925528641323,1.1251088500783084,1.1255567335785932,1206.0
2024-12-08 18:00:00+00:00,1.125375531248388,1.1255458820972,1.1250711220359129,1.125303422495003,844.0
2024-12-08 19:00:00+00:00,1.125204192393116,1.1261343325998951,1.1248025994583657,1.1259560764234162,1126.0
2024-12-08 20:00:00+00:00,1.1255946530343726,1.1257771453734968,1.125068151583841,1.1252571788855297,1195.0
2024-12-08 21:00:00+00:00,1.1257007260417269,1.1262762267857027,1.125038387790667,1.1250826262517142,1137.0
2024-12-08 22:00:00+00:00,1.1256246337857077,1.126096597194425,1.125009030191829,1.1259443710042127,1133.0
2024-12-08 23:00:00+00:00,1.1259466795978048,1.1268144595786789,1.125854829204456,1.1264833618329249,960.0
2024-12-09 00:00:00+00:00,1.1262859421098042,1.1268016913932315,1.1258283179629711,1.126641445268688,1170.0
2024-12-09 01:00:00+00:00,1.1261081659891434,1.1268090799350177,1.1259235116678672,1.126754046155759,1156.0
2024-12-09 02:00:00+00:00,1.1263283039592349,1.126872593776614,1.1260048443638018,1.12678657075798,1019.0
2024-12-09 03:00:00+00:00,1.1264605916831454,1.1267613416675772,1.1252767736659413,1.126419026871383,1343.0
2024-12-09 04:00:00+00:00,1.1264474941340383,1.1267907213561037,1.1259821768756826,1.1262908442983302,486.0
2024-12-09 05:00:00+00:00,1.1264864132593773,1.1270560440726918,1.1261394092190065,1.126288439422302,1123.0
2024-12-09 06:00:00+00:00,1.126546794778668,1.1268819626082902,1.126061251389125,1.126241573875997,816.0
2024-12-09 07:00:00+00:00,1.1263858081928504,1.126850191430113,1.1260337204505224,1.1266451801249362,979.0
2024-12-09 08:00:00+00:00,1.1265289204187494,1.127142775588276,1.1262015625456512,1.1269458596335673,775.0
2024-12-09 09:00:00+00:00,1.1264513626099688,1.1268599941415556,1.1256949540971493,1.1261892468426191,1056.0
2024-12-09 10:00:00+00:00,1.1264407952681856,1.1273314708716722,1.1256766448715887,1.1271408793767306,688.0
2024-12-09 11:00:00+00:00,1.1265750061663151,1.127697395290749,1.1259363042965211,1.1274854102325085,846.0
2024-12-09 12:00:00+00:00,1.1268852713365258,1.1274756567167414,1.1262871215438708,1.1274305124403894,1253.0
2024-12-09 13:00:00+00:00,1.1269305620506551,1.1277607801725136,1.1265672553072543,1.127607998317833,876.0
2024-12-09 14:00:00+00:00,1.1272599597884896,1.127636107662384,1.1267009294192896,1.1271243158676698,1192.0
2024-12-09 15:00:00+00:00,1.1273114796252528,1.1279354442890297,1.126856252276948,1.1277514557116914,1146.0
2024-12-09 16:00:00+00:00,1.1274809917557675,1.1274908077934491,1.1267619304956666,1.12682495506673,674.0
2024-12-09 17:00:00+00:00,1.1270216833190982,1.1275565035937027,1.1265689332517663,1.1269655231822442,1012.0
2024-12-09 18:00:00+00:00,1.1269915278422409,1.1275394625000803,1.1266663269553598,1.1275050090390395,1103.0
2024-12-09 19:00:00+00:00,1.1273714188606196,1.1275259911498188,1.1269617080018353,1.127101746565495,1172.0
2024-12-09 20:00:00+00:00,1.1275070318104998,1.1279294340717751,1.127172682079866,1.127280157234137,1289.0
2024-12-09 21:00:00+00:00,1.1273192326100423,1.127685316326046,1.1269141802783191,1.1276308250959024,1105.0
2024-12-09 22:00:00+00:00,1.126952450789455,1.1270748488098974,1.126584899244402,1.127034329521418,1275.0
2024-12-09 23:00:00+00:00,1.126825724069417,1.1270987388721188,1.1264521062754749,1.1266401778607946,851.0
2024-12-10 00:00:00+00:00,1.1263848533213383,1.12730904087798,1.125982553266882,1.1272591116208477,788.0
2024-12-10 01:00:00+00:00,1.1264249480570234,1.1271424587198262,1.1258801852779334,1.1260565592520762,1229.0
2024-12-10 02:00:00+00:00,1.1259184338765875,1.1265335624999062,1.1255430008799614,1.1255725572698756,926.0
2024-12-10 03:00:00+00:00,1.125861541525272,1.1263641971667433,1.1253116095885172,1.125783019333793,1320.0
2024-12-10 04:00:00+00:00,1.1257836335602351,1.125904480596046,1.1252440414108318,1.125653644588762,1452.0
2024-12-10 05:00:00+00:00,1.12565552623804,1.1260940959206744,1.1253190676211835,1.1258103023444197,1270.0
2024-12-10 06:00:00+00:00,1.1258281672646433,1.126562768563545,1.1255691420499858,1.1263013326881357,1716.0
2024-12-10 07:00:00+00:00,1.1258119142621803,1.1261556267760244,1.125294690739324,1.1256386697395755,1047.0
2024-12-10 08:00:00+00:00,1.1255794689305478,1.1260535424250164,1.1251758735616575,1.1258956234565434,1302.0
2024-12-10 09:00:00+00:00,1.125617730389805,1.1257411064724334,1.1249421033354954,1.1250417032686888,772.0
2024-12-10 10:00:00+00:00,1.1253087017806038,1.1263683476050854,1.1251928796797934,1.1257830731959912,1065.0
2024-12-10 11:00:00+00:00,1.125692798317054,1.1260062389700338,1.1252471033894025,1.1257590103305732,1169.0
2024-12-10 12:00:00+00:00,1.1254406617771044,1.1261005071180048,1.1249991821274137,1.1254688130593844,1022.0
2024-12-10 13:00:00+00:00,1.1256586583800796,1.1259886241246753,1.125490502400489,1.1258511034067196,811.0
2024-12-10 14:00:00+00:00,1.1257710551953437,1.1260088171107514,1.125432211562797,1.12579706481699,1420.0
2024-12-10 15:00:00+00:00,1.1257312235364467,1.1262022365438205,1.1254224489009454,1.1259827357162322,902.0
2024-12-10 16:00:00+00:00,1.1257342208004444,1.126721757720054,1.125348709193022,1.1253573723035184,1257.0
2024-12-10 17:00:00+00:00,1.1261316566983963,1.1267440734828635,1.1257255433127498,1.1258340421094648,1650.0
2024-12-10 18:00:00+00:00,1.1260408950278789,1.1265156529918214,1.125855959725656,1.1263755418501742,913.0
2024-12-10 19:00:00+00:00,1.126133629732957,1.1265860024485168,1.1256620991674828,1.1263567115676525,910.0
2024-12-10 20:00:00+00:00,1.1259986690768895,1.1266394306049217,1.125767819079178,1.125916094823658,1090.0
2024-12-10 21:00:00+00:00,1.126281436270384,1.1266417027536266,1.125799030797814,1.125947317817232,847.0
2024-12-10 22:00:00+00:00,1.1260723343512462,1.1265831148089729,1.1255263699180624,1.1261414452641914,956.0
2024-12-10 23:00:00+00:00,1.1262015270966688,1.1264549424809227,1.1259229875287975,1.1260018814370474,832.0
2024-12-11 00:00:00+00:00,1.1258358630089644,1.1262186427991447,1.1250691561797526,1.125841552976638,1002.0
2024-12-11 01:00:00+00:00,1.1259427718216468,1.1264102977156367,1.1256423255536474,1.1263233586543178,1108.0
2024-12-11 02:00:00+00:00,1.1258461669915945,1.1264626480482942,1.1253210856527964,1.1262155255189883,1312.0
2024-12-11 03:00:00+00:00,1.1258166879311122,1.1263965695233584,1.1252979384230557,1.126143713863526,992.0
2024-12-11 04:00:00+00:00,1.1258701557659063,1.126506395280665,1.1255782880505307,1.1257328211195878,860.0
2024-12-11 05:00:00+00:00,1.1259498685157916,1.1264575361450555,1.1252547196689666,1.126242712520217,989.0
2024-12-11 06:00:00+00:00,1.1260003846097555,1.126527205651664,1.125237817042074,1.1258332205945916,1163.0
2024-12-11 07:00:00+00:00,1.125653592432169,1.1260877825137772,1.1252578041897197,1.1256043623763077,1644.0
2024-12-11 08:00:00+00:00,1.1254176513527352,1.1260093895322834,1.1252633486291292,1.1258074077797022,799.0
2024-12-11 09:00:00+00:00,1.1259021927956812,1.1261038786709423,1.1254516972172726,1.1258153523443937,1245.0
2024-12-11 10:00:00+00:00,1.1259379271797287,1.1263032285196226,1.1253771483932116,1.126180927149733,992.0
2024-12-11 11:00:00+00:00,1.1258121354022042,1.1260636457897073,1.125020690845778,1.1258759828107745,1073.0
2024-12-11 12:00:00+00:00,1.1258159249836368,1.1263030300869794,1.1255396234701014,1.1257744932488132,933.0
2024-12-11 13:00:00+00:00,1.1257911832949965,1.1261307222127013,1.125347379684829,1.12552884762054,1279.0
2024-12-11 14:00:00+00:00,1.12566544927959,1.1260445251396842,1.1250250397663768,1.125073280355053,729.0
2024-12-11 15:00:00+00:00,1.1255142791998616,1.1258818861039317,1.1248195343568137,1.12504591609099,1049.0
2024-12-11 16:00:00+00:00,1.1256173538429468,1.1262573746741302,1.12513052869347,1.1254815513868404,1800.0
2024-12-11 17:00:00+00:00,1.1256508151899354,1.1260373514450872,1.1248748751100617,1.125140717951183,1039.0
2024-12-11 18:00:00+00:00,1.125672740441837,1.1261322232781588,1.1251948366548252,1.1259355129852897,858.0
2024-12-11 19:00:00+00:00,1.125609953687921,1.126564824303989,1.125335228746195,1.1257972234458904,730.0
2024-12-11 20:00:00+00:00,1.1253554693985333,1.1256819142964871,1.124834857798282,1.125031233561383,808.0
2024-12-11 21:00:00+00:00,1.1249544405967222,1.1255784660826775,1.1248872364981823,1.1252462403901662,693.0
2024-12-11 22:00:00+00:00,1.125324026021753,1.125613156798396,1.1248761233698497,1.1251906651366896,1183.0
2024-12-11 23:00:00+00:00,1.124968394981113,1.1254872869191392,1.124880882407983,1.1250584245472484,1519.0
2024-12-12 00:00:00+00:00,1.1249912017634622,1.1259655250072715,1.1245944497990112,1.1254347853806004,1099.0
2024-12-12 01:00:00+00:00,1.1254373618642952,1.1258050428208477,1.1252137866374947,1.1256928789784253,1063.0
2024-12-12 02:00:00+00:00,1.1255661802902772,1.126141983764006,1.1253605167269227,1.1255843387258249,1187.0
2024-12-12 03:00:00+00:00,1.1255077770268704,1.126040415613794,1.1253611820591205,1.12590440243756,571.0
2024-12-12 04:00:00+00:00,1.1257367635781323,1.1265131946453186,1.1254369393269446,1.125894890033193,1105.0
2024-12-12 05:00:00+00:00,1.1259725660446571,1.126756322958452,1.125645649169547,1.1265636405982733,816.0
2024-12-12 06:00:00+00:00,1.1259282021666408,1.1264044407191487,1.1250199536702583,1.1252752961129673,1150.0
2024-12-12 07:00:00+00:00,1.1256912708932072,1.126352476561833,1.1254353032342177,1.12576115462333,1275.0
2024-12-12 08:00:00+00:00,1.1259404534996076,1.126660068217988,1.125756720592901,1.1259154802755336,1505.0
2024-12-12 09:00:00+00:00,1.1258726424645928,1.1260406002947998,1.1249986688676832,1.125408255297516,1402.0
2024-12-12 10:00:00+00:00,1.1258261830593446,1.126587492240585,1.1251801512466555,1.1265226993554407,1334.0
2024-12-12 11:00:00+00:00,1.125599851693879,1.125816189785018,1.125211963516905,1.1252935186806543,935.0
2024-12-12 12:00:00+00:00,1.1252639239982178,1.1257734733258675,1.1251021010947453,1.1257001521955012,917.0
2024-12-12 13:00:00+00:00,1.1252540244290394,1.125728607216625,1.124821819610097,1.1253959049523083,870.0
2024-12-12 14:00:00+00:00,1.125213324114899,1.1264440905607431,1.12480208084195,1.1254643074205783,677.0
2024-12-12 15:00:00+00:00,1.1251551012630656,1.1255885626403168,1.1248912975055227,1.12509659227213,945.0
2024-12-12 16:00:00+00:00,1.1251972132879744,1.125477077034804,1.124713487542801,1.1247810496391968,1078.0
2024-12-12 17:00:00+00:00,1.1251540940598652,1.1255192095548034,1.1245555479597666,1.1248544644792835,1163.0
2024-12-12 18:00:00+00:00,1.1254094310416591,1.1259242707106507,1.124810269552318,1.1259022487036852,1134.0
2024-12-12 19:00:00+00:00,1.1253980201026512,1.1259299158305434,1.1247712115519537,1.1256391928661331,1037.0
2024-12-12 20:00:00+00:00,1.1256183714227084,1.1257148796942908,1.1248329813947582,1.1254647941366676,798.0
2024-12-12 21:00:00+00:00,1.1255266950299494,1.1263142747128194,1.1250513465679095,1.1254101188195629,1224.0
2024-12-12 22:00:00+00:00,1.1256172682008252,1.1260452132571506,1.1247792432686117,1.1256108662115551,1208.0
2024-12-12 23:00:00+00:00,1.1256132829058167,1.1261839642720188,1.1255090903771452,1.1261778175232406,871.0
2024-12-13 00:00:00+00:00,1.125832185137878,1.1262356764221773,1.1253697988530489,1.125968984265302,1071.0
2024-12-13 01:00:00+00:00,1.1262412070758274,1.12706505958763,1.125787118011512,1.126997773697164,630.0
2024-12-13 02:00:00+00:00,1.1265433149867272,1.1272314465324855,1.1261022124841276,1.1272138806250112,996.0
2024-12-13 03:00:00+00:00,1.1266673118294883,1.126752329498297,1.1258688856588817,1.126032374265616,1208.0
2024-12-13 04:00:00+00:00,1.1264596200515478,1.1270519234229204,1.1263386445206416,1.12667691157585,1310.0
2024-12-13 05:00:00+00:00,1.1270636505327616,1.127594560050535,1.126494799419964,1.1266044204106105,782.0
2024-12-13 06:00:00+00:00,1.1269560911433916,1.1275052583270069,1.1262895341118182,1.1272080672936484,1526.0
2024-12-13 07:00:00+00:00,1.1269389202640985,1.1277152266365222,1.1266488714994014,1.1276460354019997,1104.0
2024-12-13 08:00:00+00:00,1.1268786271327056,1.1273493332700326,1.126712448933602,1.1268764731890946,1513.0
2024-12-13 09:00:00+00:00,1.1268552131713483,1.127183032197074,1.126370936918852,1.1265896972758065,943.0
2024-12-13 10:00:00+00:00,1.1268212931412442,1.1269431271680908,1.1265351783772826,1.1266167503380728,1189.0
2024-12-13 11:00:00+00:00,1.12676613849463,1.1274292572885802,1.1265735111657844,1.1267756517916223,1149.0
2024-12-13 12:00:00+00:00,1.127124853946532,1.128120929978422,1.1270103779061478,1.1273304876542998,907.0
2024-12-13 13:00:00+00:00,1.1274686553319695,1.1276568226744954,1.1269569092695348,1.1275008298855391,1297.0
2024-12-13 14:00:00+00:00,1.1274369230274175,1.12837616099988,1.1269363762872848,1.1270094656544494,1098.0
2024-12-13 15:00:00+00:00,1.1272359221557566,1.1277859859575512,1.1268588823824113,1.127175162813052,1327.0
2024-12-13 16:00:00+00:00,1.127299363351384,1.128038536645197,1.12676519688833,1.12791586367918,1441.0
2024-12-13 17:00:00+00:00,1.127465013983277,1.1277224254541005,1.1267045157886988,1.1269818573029728,1054.0
2024-12-13 18:00:00+00:00,1.1272375653650577,1.1278014468327566,1.1269836131998232,1.1271636949962047,1327.0
2024-12-13 19:00:00+00:00,1.1271046602129076,1.1272768879107562,1.1261391626019768,1.1266556987417615,1010.0
2024-12-13 20:00:00+00:00,1.1270041049963404,1.127337251666433,1.1261865700350433,1.1272016167885437,1258.0
2024-12-13 21:00:00+00:00,1.127335678802298,1.1276357178130587,1.1270646755847882,1.1271989105597322,960.0
2024-12-13 22:00:00+00:00,1.1271945222322897,1.1276138100738735,1.1267086414950356,1.127113590462992,1309.0
2024-12-13 23:00:00+00:00,1.126982923906151,1.127408777376238,1.1262281943206802,1.1269158126878438,1153.0
2024-12-14 00:00:00+00:00,1.1271138358170838,1.1274163708378857,1.1268037255128338,1.1272485695934338,1564.0
2024-12-14 01:00:00+00:00,1.126927709609176,1.127535860380077,1.1266844364016224,1.127181249816604,1344.0
2024-12-14 02:00:00+00:00,1.127220197766103,1.1278736615211076,1.1266155613672926,1.127031816347232,1238.0
2024-12-14 03:00:00+00:00,1.1272594934761846,1.128201748330457,1.1272162616674124,1.128193916778286,1108.0
2024-12-14 04:00:00+00:00,1.1273990641509817,1.1278820868154251,1.126771725040748,1.1275858495458662,975.0
2024-12-14 05:00:00+00:00,1.127592332380878,1.1282776693946996,1.127402553129306,1.1278482572215278,1276.0
2024-12-14 06:00:00+00:00,1.1275697631363022,1.1286125286394209,1.1271774292218033,1.127274247458944,1479.0
2024-12-14 07:00:00+00:00,1.127452458991303,1.127918951521957,1.127217459238602,1.127599964971716,1125.0
2024-12-14 08:00:00+00:00,1.1276057636527916,1.12873786916571,1.1274743222994146,1.1281413041222048,1016.0
2024-12-14 09:00:00+00:00,1.1278456119427402,1.1284421738222703,1.1277756471494134,1.1283291850856558,1069.0
2024-12-14 10:00:00+00:00,1.128223593965502,1.128469122730623,1.127732452126836,1.1282666433595638,1126.0
2024-12-14 11:00:00+00:00,1.127981329525274,1.1285743685522391,1.127349745499766,1.1284702700996656,1325.0
2024-12-14 12:00:00+00:00,1.1279667852196875,1.1283335855290302,1.1273740257569989,1.1280297243782558,1336.0
2024-12-14 13:00:00+00:00,1.127886245135033,1.1288421094712142,1.1276022597071984,1.1278774641881502,952.0
2024-12-14 14:00:00+00:00,1.127865145685053,1.1287082343077883,1.1275156537756863,1.128030618880156,870.0
2024-12-14 15:00:00+00:00,1.1279775285756786,1.1286872195107225,1.1277506425901036,1.1277811154071786,1053.0
2024-12-14 16:00:00+00:00,1.12817058503167,1.1286212051776423,1.1273934566182024,1.1281166031587355,1101.0
2024-12-14 17:00:00+00:00,1.1280827350081184,1.128571082207492,1.1277017352078325,1.128485008254411,1602.0
2024-12-14 18:00:00+00:00,1.1282752687596445,1.128562329534603,1.127446472330947,1.1280141307267928,1120.0
2024-12-14 19:00:00+00:00,1.1284015708177495,1.129177481302256,1.1281064083871442,1.1285718166693994,926.0
2024-12-14 20:00:00+00:00,1.1283806654188364,1.1288483297333691,1.1278439089424923,1.1279596024933132,688.0
2024-12-14 21:00:00+00:00,1.1284817622616026,1.1292611634990284,1.128021131039104,1.1281001047640509,878.0
2024-12-14 22:00:00+00:00,1.1287172063429909,1.129322978730966,1.1284859369192004,1.1286435829651091,817.0
2024-12-14 23:00:00+00:00,1.1287831728922044,1.1295953726132415,1.1286696604409403,1.129109682773743,929.0
2024-12-15 00:00:00+00:00,1.1288194053994174,1.129335311157425,1.128138852068671,1.129172654530156,799.0
2024-12-15 01:00:00+00:00,1.12905975727443,1.1294003028656143,1.1288286144967896,1.1288857020433147,1442.0
2024-12-15 02:00:00+00:00,1.129015602369475,1.1294908715175156,1.1285426794832731,1.1289342180080026,1242.0
2024-12-15 03:00:00+00:00,1.1290198995049048,1.1294554687204854,1.1282117462895045,1.1283368495910453,881.0
2024-12-15 04:00:00+00:00,1.128942476619526,1.1291672554612482,1.127983933285887,1.129031692383318,1311.0
2024-12-15 05:00:00+00:00,1.1287602501382543,1.12918276471575,1.1281587023673612,1.12884966966178,1597.0
2024-12-15 06:00:00+00:00,1.1287102695224702,1.12901323652338,1.128109339603795,1.1284886247929098,1343.0
2024-12-15 07:00:00+00:00,1.1286518703348405,1.1291320769244524,1.1283455647176128,1.1284356970961782,1057.0
2024-12-15 08:00:00+00:00,1.128880387133267,1.1292728836682546,1.128565146489934,1.1292020803043183,967.0
2024-12-15 09:00:00+00:00,1.128777341172528,1.1292966559761473,1.1283787467060336,1.1283845024631285,1273.0
2024-12-15 10:00:00+00:00,1.1284824391205912,1.1291326466637452,1.128391103311001,1.1284722771942592,1084.0
2024-12-15 11:00:00+00:00,1.1287130460497952,1.1291469459879973,1.1284086172145809,1.1287759895858065,1173.0
2024-12-15 12:00:00+00:00,1.1286031449825067,1.1296102378312958,1.1280726193241566,1.1281579156699426,834.0
2024-12-15 13:00:00+00:00,1.1285827348867346,1.1297218453739373,1.1283009156003256,1.128569886224644,933.0
2024-12-15 14:00:00+00:00,1.1285877951233243,1.1288703847223438,1.1281749876362754,1.1287279711405829,897.0
2024-12-15 15:00:00+00:00,1.1284447318734672,1.1295742461617233,1.1276059294045802,1.1276297026623296,784.0
2024-12-15 16:00:00+00:00,1.1286089017792078,1.1294284753066914,1.1282116978499068,1.1294111181423327,1082.0
2024-12-15 17:00:00+00:00,1.128764307007642,1.1294144466840348,1.1281579607732346,1.12855348770568,1055.0
2024-12-15 18:00:00+00:00,1.1290464076963875,1.129479458211914,1.128641209372775,1.129089358765234,746.0
2024-12-15 19:00:00+00:00,1.1293060164780004,1.1295882997631144,1.1284650398066918,1.1295137375941735,1110.0
2024-12-15 20:00:00+00:00,1.129501852262497,1.130211475142087,1.129312969964306,1.130140903613816,871.0
2024-12-15 21:00:00+00:00,1.1298933553573551,1.1305464181422753,1.129398807864827,1.130156960902441,964.0
2024-12-15 22:00:00+00:00,1.129805664470786,1.1302565354068417,1.129358222850258,1.1300929555776342,897.0
2024-12-15 23:00:00+00:00,1.1297378312693724,1.1307628944294648,1.1295939111542463,1.1301479199078854,1445.0
2024-12-16 00:00:00+00:00,1.1301419852595862,1.1306003559797666,1.1297091351716724,1.1302238130795936,786.0
2024-12-16 01:00:00+00:00,1.1300927147793942,1.130624665375658,1.1292743940691377,1.1299913771354086,1366.0
2024-12-16 02:00:00+00:00,1.1297379964675305,1.1309599570340374,1.1294695728811015,1.1295725535441694,1488.0
2024-12-16 03:00:00+00:00,1.1296380812199098,1.1301206304645204,1.1292013623299362,1.1294836698618371,1314.0
2024-12-16 04:00:00+00:00,1.129661524027943,1.1303845122896865,1.1286166320900866,1.1288175698972125,1174.0
2024-12-16 05:00:00+00:00,1.1299082184974265,1.1300638185740317,1.129224902679691,1.1298910082588225,1321.0
2024-12-16 06:00:00+00:00,1.129869580567032,1.1309041658865613,1.1289156718274205,1.1307094296483322,1554.0
2024-12-16 07:00:00+00:00,1.1299476420986292,1.1305661708428358,1.1292762590743617,1.1293386754873758,489.0
2024-12-16 08:00:00+00:00,1.1299416850360622,1.1306186057767755,1.1294098124401286,1.130432976386895,1267.0
2024-12-16 09:00:00+00:00,1.129818258906771,1.1299599873700208,1.1289493506863002,1.1290663135016477,1315.0
2024-12-16 10:00:00+00:00,1.1296436414576232,1.13011674222543,1.1293494298622893,1.1296987265798908,1134.0
2024-12-16 11:00:00+00:00,1.129471497326091,1.1299363330632757,1.1286620165564445,1.1294848359480376,757.0
2024-12-16 12:00:00+00:00,1.129206143924362,1.1300262245224342,1.1285884986536316,1.129549141371713,1287.0
2024-12-16 13:00:00+00:00,1.1294213411255845,1.1299446086403528,1.1288109245478963,1.129541652580761,1325.0
2024-12-16 14:00:00+00:00,1.1295416946065449,1.1300151971019672,1.129206799011578,1.1299843185619884,953.0
2024-12-16 15:00:00+00:00,1.1294989436706362,1.13010323418507,1.129305590519984,1.1299924338328746,699.0
2024-12-16 16:00:00+00:00,1.1293460259514565,1.1297457741372627,1.1288634197035736,1.129131108366746,1307.0
2024-12-16 17:00:00+00:00,1.129397351531736,1.1300313317723845,1.1289038660434465,1.129149589986587,1101.0
2024-12-16 18:00:00+00:00,1.1294576303693638,1.1297874995176176,1.128634415218963,1.1290611103261934,1311.0
2024-12-16 19:00:00+00:00,1.129717470563108,1.1303787225228898,1.128822869777577,1.1302322532764215,1276.0
2024-12-16 20:00:00+00:00,1.1299317585853643,1.1302579206828798,1.129667312076544,1.1302016074917134,993.0
2024-12-16 21:00:00+00:00,1.1301483235115806,1.130774324336962,1.1299718214698258,1.1307599131093322,1226.0
2024-12-16 22:00:00+00:00,1.1302233423217545,1.1302825221407533,1.1294356159003645,1.1300227920189607,1202.0
2024-12-16 23:00:00+00:00,1.1301033643682838,1.130382363722753,1.129328391820701,1.1299410416651152,1245.0
2024-12-17 00:00:00+00:00,1.130238644235816,1.1307959707955924,1.1297968767753852,1.1303620763759217,1214.0
2024-12-17 01:00:00+00:00,1.1304872354439193,1.1310029118120812,1.130340975412784,1.130992384252839,1395.0
2024-12-17 02:00:00+00:00,1.130477647433362,1.1312722569342322,1.129909626592694,1.1299930588403706,1588.0
2024-12-17 03:00:00+00:00,1.1302117228881696,1.131278603733708,1.129457906803408,1.130307154525424,712.0
2024-12-17 04:00:00+00:00,1.1306621622885409,1.1307326691150643,1.1296327973999682,1.1300019106803283,1326.0
2024-12-17 05:00:00+00:00,1.1303477597804394,1.1310710164054592,1.1301737966348675,1.130949119742493,1112.0
2024-12-17 06:00:00+00:00,1.1305639753639012,1.1309156439025607,1.1301122305683122,1.1305350139087202,1115.0
2024-12-17 07:00:00+00:00,1.1304776012133804,1.1307928612728368,1.1299723470410046,1.130618816464789,1312.0
2024-12-17 08:00:00+00:00,1.1303294531057066,1.1309263443967592,1.1293019569836509,1.129340772855241,1200.0
2024-12-17 09:00:00+00:00,1.13034594761504,1.1310687366294676,1.129902852334981,1.1299255740594654,1047.0
2024-12-17 10:00:00+00:00,1.130455974707853,1.131251088233341,1.1298775822343383,1.1312337757692352,862.0
2024-12-17 11:00:00+00:00,1.1306772387301869,1.1309867851651705,1.1301076170326567,1.130282364022777,768.0
2024-12-17 12:00:00+00:00,1.1304828245764742,1.1312351183052942,1.12988028092804,1.1307536125870656,972.0
2024-12-17 13:00:00+00:00,1.1303480873987262,1.1307173314278869,1.1294093294586565,1.1302309473751673,1170.0
2024-12-17 14:00:00+00:00,1.1304780351460904,1.1312902658319324,1.1299751248073977,1.130853068290565,1016.0
2024-12-17 15:00:00+00:00,1.130577220255779,1.130729162216804,1.1301087321730503,1.130486518448171,866.0
2024-12-17 16:00:00+00:00,1.1303826450837469,1.1312324866774257,1.1301905475781029,1.1311177045502916,1394.0
2024-12-17 17:00:00+00:00,1.130382283780022,1.1306124081728064,1.1300125837496586,1.1305163233775242,1491.0
2024-12-17 18:00:00+00:00,1.1304803458369956,1.1307592231048256,1.129470198255719,1.130140874439406,527.0
2024-12-17 19:00:00+00:00,1.1303118460426285,1.13107615196085,1.1294188019091436,1.129768394446805,1241.0
2024-12-17 20:00:00+00:00,1.130169683865465,1.130309891266395,1.12919580870181,1.1293336144174912,874.0
2024-12-17 21:00:00+00:00,1.1302235173774726,1.1304562884474316,1.1297561532000344,1.129832892946128,1057.0
2024-12-17 22:00:00+00:00,1.129739831503651,1.1301123048773754,1.129121833872566,1.1293150088415944,866.0
2024-12-17 23:00:00+00:00,1.1299445716715175,1.1308976844187897,1.1296784726038125,1.1303189431265637,831.0
2024-12-18 00:00:00+00:00,1.1300888330833871,1.1306282111991035,1.1298574826361292,1.1300296707115387,1265.0
2024-12-18 01:00:00+00:00,1.1299592525426478,1.1304327017414728,1.1297424886167449,1.1300576548065138,522.0
2024-12-18 02:00:00+00:00,1.1300838915874256,1.1306023995839678,1.1295141904679813,1.1303546620265923,1589.0
2024-12-18 03:00:00+00:00,1.1301828026347338,1.1306360474024435,1.1298721234473288,1.1299455033434236,1277.0
2024-12-18 04:00:00+00:00,1.1300481619505705,1.1303943433689818,1.129287703546508,1.1300879553714256,1507.0
2024-12-18 05:00:00+00:00,1.1298902664762835,1.1304870991699092,1.1295109686234903,1.12952787751036,1138.0
2024-12-18 06:00:00+00:00,1.130012166194734,1.1306853521807876,1.129820070640133,1.1300804674148155,1081.0
2024-12-18 07:00:00+00:00,1.130135541384773,1.130263888998781,1.1291674567114445,1.1292244476616085,1254.0
2024-12-18 08:00:00+00:00,1.1298540870914011,1.1301588709675818,1.1295085942541685,1.1298159498286886,647.0
2024-12-18 09:00:00+00:00,1.1295198432993043,1.129937002117804,1.129114824965194,1.1293712456874787,1193.0
2024-12-18 10:00:00+00:00,1.1294943461132252,1.1297066374268874,1.1287501402153928,1.12899124458028,1045.0
2024-12-18 11:00:00+00:00,1.1291471635768402,1.1300397951739063,1.1287850232762129,1.1289910373075895,1328.0
2024-12-18 12:00:00+00:00,1.129141469406381,1.12992077199815,1.1283237135032052,1.1286859425385227,1240.0
2024-12-18 13:00:00+00:00,1.1292823890149375,1.1299236906636445,1.1288971137273047,1.1297535580198637,1190.0
2024-12-18 14:00:00+00:00,1.1294755381710193,1.1296748162476302,1.1288407479525064,1.12929718885806,1305.0
2024-12-18 15:00:00+00:00,1.1291797859440882,1.1297113554776348,1.128395473724236,1.129612579127447,1225.0
2024-12-18 16:00:00+00:00,1.129090820582454,1.1292679698106125,1.1281467900992554,1.128493623698951,995.0
2024-12-18 17:00:00+00:00,1.1289871830337603,1.129329945793428,1.1285331931251554,1.12881209598436,564.0
2024-12-18 18:00:00+00:00,1.1290453946841317,1.1297180281547976,1.1289751755881563,1.1291644449094782,852.0
2024-12-18 19:00:00+00:00,1.1289138643507792,1.1297838032439635,1.128691134383983,1.1294049892486973,1380.0
2024-12-18 20:00:00+00:00,1.129165747752009,1.1295247960507644,1.128778439779862,1.1291972960233383,1382.0
2024-12-18 21:00:00+00:00,1.1295871141974043,1.1306288626866463,1.128950686246387,1.1294533546564214,1171.0
2024-12-18 22:00:00+00:00,1.12951531074044,1.129928894164213,1.1294306878827978,1.1298797650533288,1012.0
2024-12-18 23:00:00+00:00,1.1299336027484024,1.1306043756809847,1.129322402854538,1.129946972839051,1053.0
2024-12-19 00:00:00+00:00,1.1295404501711794,1.1298692254055482,1.1288589380547702,1.1293505951873546,868.0
2024-12-19 01:00:00+00:00,1.129373305775436,1.1297395277771365,1.1287965957028152,1.1288141610645013,651.0
2024-12-19 02:00:00+00:00,1.129446470141208,1.129982873903951,1.12905115150339,1.1292049259369452,1427.0
2024-12-19 03:00:00+00:00,1.1292626217244903,1.1300230005758485,1.128821832129548,1.1300154133131914,1149.0
2024-12-19 04:00:00+00:00,1.1292838356206942,1.1297054338666674,1.1289680208578692,1.1295849190432248,1014.0
2024-12-19 05:00:00+00:00,1.1292907095079805,1.13037630616821,1.128518796976189,1.1287485262610897,1011.0
2024-12-19 06:00:00+00:00,1.1289151395096026,1.1297089236154922,1.1284687325707068,1.1290971083255292,1181.0
2024-12-19 07:00:00+00:00,1.1291258697669366,1.1297502829628685,1.1286652542934978,1.1291470455549748,864.0
2024-12-19 08:00:00+00:00,1.1290133725041358,1.1297559841675229,1.1286700082422765,1.129198225347838,783.0
2024-12-19 09:00:00+00:00,1.1294172649313603,1.130084286779919,1.1284456895643764,1.128645369424402,1740.0
2024-12-19 10:00:00+00:00,1.1294838701687662,1.1299453643176502,1.1289809343863713,1.129084044395338,721.0
2024-12-19 11:00:00+00:00,1.1294863699904665,1.1299460068321014,1.128820188425976,1.129620853759313,990.0
2024-12-19 12:00:00+00:00,1.1296548091118896,1.1299388912467296,1.1289506602576376,1.1292351585010951,1197.0
2024-12-19 13:00:00+00:00,1.1294075160714323,1.1301364535296063,1.1286247298449872,1.1295764266188495,894.0
2024-12-19 14:00:00+00:00,1.129725478140616,1.1301309821231975,1.129254203694675,1.1295849702039928,1397.0
2024-12-19 15:00:00+00:00,1.1299829091360971,1.1309171035743488,1.1295775416294225,1.1304386705004763,1150.0
2024-12-19 16:00:00+00:00,1.130046618581738,1.1308848527008657,1.129476153471523,1.129950138345211,1051.0
2024-12-19 17:00:00+00:00,1.1300613420641863,1.130468855814805,1.1293613105132825,1.1296263393214938,1305.0
2024-12-19 18:00:00+00:00,1.130022184234767,1.1305978700035353,1.129392931102861,1.1304092707992892,1092.0
2024-12-19 19:00:00+00:00,1.1303405757729326,1.130769751327043,1.1300002567837344,1.1300858482364111,1036.0
2024-12-19 20:00:00+00:00,1.1303265715988424,1.1314680152354608,1.1297542746444256,1.131218493065542,1193.0
2024-12-19 21:00:00+00:00,1.1304757197317312,1.1307614152530463,1.1294000445921644,1.1295150554730988,1275.0
2024-12-19 22:00:00+00:00,1.1304699722520053,1.1312892337089029,1.1301784878024064,1.130768321920786,942.0
2024-12-19 23:00:00+00:00,1.1306848729185726,1.1309165571369992,1.1299216047045004,1.1304110012370403,809.0
2024-12-20 00:00:00+00:00,1.1304651920950464,1.131077095528816,1.1302621947022875,1.1309107898118946,948.0
2024-12-20 01:00:00+00:00,1.130531789682931,1.1315653402758157,1.1295929225053758,1.1309539116259502,1124.0
2024-12-20 02:00:00+00:00,1.1307754523699876,1.1316817369204182,1.1306620249473187,1.1315589013058605,1101.0
2024-12-20 03:00:00+00:00,1.1309448294522868,1.131229031698375,1.1292984974839344,1.1296278777673947,963.0
2024-12-20 04:00:00+00:00,1.1306643339142886,1.1310422904905597,1.129905875170126,1.130871396067724,1490.0
2024-12-20 05:00:00+00:00,1.1307612432602347,1.131130197035987,1.1303448758622534,1.1304946866133925,1316.0
2024-12-20 06:00:00+00:00,1.1307940043615714,1.1314822295921294,1.130241231657698,1.131015050783494,933.0
2024-12-20 07:00:00+00:00,1.1305200458247,1.1308592014370218,1.129868764178422,1.1304701574450342,1115.0
2024-12-20 08:00:00+00:00,1.1304543125522315,1.1313079366624534,1.130358066086917,1.130668505758446,1261.0
2024-12-20 09:00:00+00:00,1.130624355138177,1.1317673426587425,1.1299019356108486,1.130221649006134,1066.0
2024-12-20 10:00:00+00:00,1.1306167722276568,1.131326133926681,1.1303443111323757,1.130594841367421,1164.0
2024-12-20 11:00:00+00:00,1.1308592962405573,1.1319386633163404,1.130377642328667,1.1304711852038147,1236.0
2024-12-20 12:00:00+00:00,1.1307592162410798,1.1311793198424238,1.1299994587162658,1.1308316437004795,1126.0
2024-12-20 13:00:00+00:00,1.1304361882769884,1.1309217583428202,1.1299371639200209,1.1304294341680994,1086.0
2024-12-20 14:00:00+00:00,1.1305170154398216,1.1314640206573756,1.129909769211141,1.1314311650129496,1276.0
2024-12-20 15:00:00+00:00,1.130925957828079,1.131472102742162,1.129613500410995,1.1298101373028584,726.0
2024-12-20 16:00:00+00:00,1.130603527972908,1.1318213789400209,1.1302402350292409,1.131477888547226,1365.0
2024-12-20 17:00:00+00:00,1.1312285301771272,1.131918176528361,1.130940029321588,1.1318693606105477,1004.0
2024-12-20 18:00:00+00:00,1.131215794329378,1.1317060867851274,1.1305785608714347,1.1308915692829329,1422.0
2024-12-20 19:00:00+00:00,1.1308960754512585,1.1314289563928412,1.130619128069192,1.1309016238447536,1200.0
2024-12-20 20:00:00+00:00,1.13117307652535,1.1313014444215526,1.130080575363034,1.130949912165016,1211.0
2024-12-20 21:00:00+00:00,1.1310052714481575,1.131296199688732,1.1297979591374685,1.1310170345875514,594.0
2024-12-20 22:00:00+00:00,1.130862663095167,1.1314504159012706,1.1299051342550002,1.1302032808251414,842.0
2024-12-20 23:00:00+00:00,1.1309811501240474,1.1316857718830202,1.130388021414184,1.1308822560302756,1151.0
2024-12-21 00:00:00+00:00,1.1308907667053028,1.131527229952077,1.1303268640123931,1.1306010406755649,1030.0
2024-12-21 01:00:00+00:00,1.130910774282504,1.1315057625864544,1.129566299384322,1.1311316936390237,676.0
2024-12-21 02:00:00+00:00,1.1309708097236282,1.131873785738963,1.1304471213414424,1.1311697768908495,1261.0
2024-12-21 03:00:00+00:00,1.1310184529013776,1.1318077814798042,1.1308097835520303,1.1314219443638591,1320.0
2024-12-21 04:00:00+00:00,1.1312323693179414,1.1313225688667925,1.1303119954359475,1.1305530915302102,648.0
2024-12-21 05:00:00+00:00,1.1310513995783182,1.1317804439145158,1.1305485782358755,1.1312706034200672,1262.0
2024-12-21 06:00:00+00:00,1.1312374130963647,1.1320235362243976,1.1305143358004464,1.1310547959712824,1240.0
2024-12-21 07:00:00+00:00,1.1313718747138888,1.132388086163005,1.1310214087486732,1.1321119951569565,1195.0
2024-12-21 08:00:00+00:00,1.1312779586743658,1.1322270737503604,1.1308049818734105,1.131015267823474,690.0
2024-12-21 09:00:00+00:00,1.1313970881442907,1.1318801485975654,1.1309735123443794,1.1312055041291011,867.0
2024-12-21 10:00:00+00:00,1.131622572802289,1.1323400758862467,1.1310557724057144,1.1321759561903968,1382.0
2024-12-21 11:00:00+00:00,1.131901855981334,1.1326266799089997,1.131203153408554,1.1317907474973357,985.0
2024-12-21 12:00:00+00:00,1.1319341982728108,1.132158239422046,1.131136930893621,1.131287595589502,1493.0
2024-12-21 13:00:00+00:00,1.131793573440834,1.1327808537641304,1.1311106564684796,1.1320421278919215,1403.0
2024-12-21 14:00:00+00:00,1.1319218900521548,1.1326105853795254,1.131823977566306,1.1321718945273518,1281.0
2024-12-21 15:00:00+00:00,1.1319993149553338,1.1322720379101203,1.1312465612649023,1.131511635499639,1037.0
2024-12-21 16:00:00+00:00,1.1317708134504043,1.1323311070554272,1.1312738183963558,1.131565564074946,903.0
2024-12-21 17:00:00+00:00,1.1316230414123427,1.1321045640656655,1.130879280007476,1.131688921566925,1274.0
2024-12-21 18:00:00+00:00,1.1315943166170297,1.1319224214300652,1.1305441840084318,1.1315818872601728,1032.0
2024-12-21 19:00:00+00:00,1.13160464775584,1.13216763438067,1.1308241094767242,1.1314654895179632,1087.0
2024-12-21 20:00:00+00:00,1.1315390060206174,1.1320663596256302,1.1305778076162796,1.1311686035148285,1165.0
2024-12-21 21:00:00+00:00,1.1315882272331308,1.1322826342048444,1.1306109164683906,1.1314235398465553,1294.0
2024-12-21 22:00:00+00:00,1.1316962877796075,1.1327103083234338,1.1312390708684223,1.1324643231479858,1065.0
2024-12-21 23:00:00+00:00,1.1320674950245315,1.1323064922521668,1.131569318243736,1.1318799426545392,973.0
2024-12-22 00:00:00+00:00,1.131965392860888,1.1326728874277996,1.1312363642712882,1.131405556442911,1270.0
2024-12-22 01:00:00+00:00,1.1320684203548397,1.1323110329268946,1.1317046819364591,1.132073777044584,1256.0
2024-12-22 02:00:00+00:00,1.132075738211302,1.1322598540201254,1.1314295502036105,1.131441546145573,1487.0
2024-12-22 03:00:00+00:00,1.131986285429065,1.1322080468428852,1.1312597614432638,1.1319626639215017,771.0
2024-12-22 04:00:00+00:00,1.1319575565438829,1.1325440438295318,1.1314442996123766,1.1319929873096124,776.0
2024-12-22 05:00:00+00:00,1.131949134376074,1.1323884641735278,1.1314688465086575,1.1317465194138856,998.0
2024-12-22 06:00:00+00:00,1.1318906251006742,1.1322284241473572,1.1310263145209545,1.131212599456029,1137.0
2024-12-22 07:00:00+00:00,1.1316037224023108,1.1323134473719507,1.13041327533429,1.1318284086822932,1665.0
2024-12-22 08:00:00+00:00,1.1315424194379669,1.1319112270974452,1.130619029853,1.1314969584015349,931.0
2024-12-22 09:00:00+00:00,1.1315617392127526,1.1320255216298298,1.130784496247668,1.1318301367168255,972.0
2024-12-22 10:00:00+00:00,1.1314367317252048,1.1325073377784909,1.1307737857047684,1.131972657898782,1707.0
2024-12-22 11:00:00+00:00,1.1317297079344335,1.1323838994565345,1.1313651476825906,1.1320334467839863,688.0
2024-12-22 12:00:00+00:00,1.1320181895059722,1.1325184952650922,1.1314068285412375,1.1319250291608254,1854.0
2024-12-22 13:00:00+00:00,1.132071031245914,1.132537871563884,1.1313299913423354,1.131950151176312,920.0
2024-12-22 14:00:00+00:00,1.1320789936346416,1.132704598437515,1.131408176645062,1.1324387349446043,1106.0
2024-12-22 15:00:00+00:00,1.13216282815195,1.1324887449955623,1.1314473478615568,1.1322031690386338,894.0
2024-12-22 16:00:00+00:00,1.131972173672461,1.132733137654952,1.1316745067420857,1.1324115260916343,1201.0
2024-12-22 17:00:00+00:00,1.1316072353807778,1.132104869172095,1.1312531711815053,1.1314269258675207,1100.0
2024-12-22 18:00:00+00:00,1.1316595129329463,1.1326081944312263,1.131378117847961,1.1316796436306344,1307.0
2024-12-22 19:00:00+00:00,1.1318271707875371,1.1326326643618605,1.131552083378437,1.1325798830975846,904.0
2024-12-22 20:00:00+00:00,1.131993399670798,1.1320894093860483,1.1310663394875862,1.1314898620882254,1639.0
2024-12-22 21:00:00+00:00,1.1319636056713884,1.1326932835591166,1.130472036761724,1.1319946096927984,882.0
2024-12-22 22:00:00+00:00,1.131946892513164,1.132333930179894,1.1314785861018677,1.132197044796983,695.0
2024-12-22 23:00:00+00:00,1.1321004558778782,1.1325621576918046,1.1312991861911097,1.132075710261902,1095.0
2024-12-23 00:00:00+00:00,1.132229973340801,1.1327894492748642,1.131442211121874,1.132425459069613,709.0
2024-12-23 01:00:00+00:00,1.1322307252694896,1.132828440629945,1.131676245692773,1.1324489438003706,1480.0
2024-12-23 02:00:00+00:00,1.132572995299455,1.1329768129210147,1.1319966320008532,1.132574288126205,1222.0
2024-12-23 03:00:00+00:00,1.1326461290823813,1.1330499927952904,1.1318953931392033,1.1320424792520616,1484.0
2024-12-23 04:00:00+00:00,1.13238678757586,1.1328055998788646,1.1317202496287435,1.13189215785145,1084.0
2024-12-23 05:00:00+00:00,1.1322953418987445,1.132985665422083,1.131679085742833,1.1329726149125112,1085.0
2024-12-23 06:00:00+00:00,1.1321058273120723,1.1330293192403875,1.131515204587504,1.1324822737628222,857.0
2024-12-23 07:00:00+00:00,1.1322487349521364,1.1331714372480002,1.131639296838468,1.1328841343786549,1299.0
2024-12-23 08:00:00+00:00,1.13262445235597,1.133428161382311,1.1317417929882416,1.1333390377443362,953.0
2024-12-23 09:00:00+00:00,1.1326919325385654,1.1330244139110073,1.1320907945820646,1.1324984604619617,948.0
2024-12-23 10:00:00+00:00,1.1323513006817914,1.1330310104490895,1.131970992744764,1.132860964683314,1019.0
2024-12-23 11:00:00+00:00,1.132356327276626,1.1329716725093146,1.132033149949808,1.1326543082816658,1490.0
2024-12-23 12:00:00+00:00,1.1324463097020812,1.1332127042058688,1.1319896815930677,1.1330647909144724,1274.0
2024-12-23 13:00:00+00:00,1.1327343907939689,1.133052159978566,1.1319750142364309,1.1324402440228984,1057.0
2024-12-23 14:00:00+00:00,1.132746236698432,1.1333298022311022,1.1322543154152755,1.132981227927108,1386.0
2024-12-23 15:00:00+00:00,1.13294122200283,1.1333237768750168,1.132380068953752,1.132939819169249,963.0
2024-12-23 16:00:00+00:00,1.1328890972784136,1.1337061311113046,1.1324691710928665,1.1327021018731136,1013.0
2024-12-23 17:00:00+00:00,1.133216422108784,1.1340104594317826,1.1319117978440862,1.1337657884694523,1042.0
2024-12-23 18:00:00+00:00,1.1327989575413056,1.133232102623183,1.1317931178998983,1.1327056360941776,659.0
2024-12-23 19:00:00+00:00,1.132578508586452,1.1329971254542242,1.132083877479762,1.1327071469245398,1059.0
2024-12-23 20:00:00+00:00,1.132562706090697,1.1332042954016506,1.1320675474353834,1.1326798527315185,867.0
2024-12-23 21:00:00+00:00,1.1324515570333966,1.1331833414987889,1.1322169309857817,1.1323454389992766,1220.0
2024-12-23 22:00:00+00:00,1.132425862610113,1.1332122232463495,1.131765427774518,1.1330189090515412,1272.0
2024-12-23 23:00:00+00:00,1.132660960290838,1.1329393535990695,1.1314553965283134,1.1319695970018535,1008.0
2024-12-24 00:00:00+00:00,1.1328717073743153,1.1334129297359277,1.1323073376420991,1.1330871930944308,1147.0
2024-12-24 01:00:00+00:00,1.1332371592757442,1.1335081105273306,1.1323832132933938,1.1325406294861229,1449.0
2024-12-24 02:00:00+00:00,1.1331716856935932,1.1341491145588742,1.1328033235256485,1.1332200666027556,989.0
2024-12-24 03:00:00+00:00,1.1334242215647787,1.1347377548679378,1.1333351278346833,1.1337738751275606,1229.0
2024-12-24 04:00:00+00:00,1.1333978898213986,1.1340326652361847,1.1323347060768796,1.133398543764895,1013.0
2024-12-24 05:00:00+00:00,1.1333100929869608,1.1336570767619345,1.1329091941453204,1.1333457076224047,458.0
2024-12-24 06:00:00+00:00,1.1334279798852558,1.1348382328097106,1.1328325283272191,1.1346735863807762,1233.0
2024-12-24 07:00:00+00:00,1.1337320751008373,1.1339513475726348,1.133046242352299,1.1332433819561458,1089.0
2024-12-24 08:00:00+00:00,1.1335589154982355,1.1346793772251285,1.1331884377356654,1.1346137015845232,1444.0
2024-12-24 09:00:00+00:00,1.1336318192637411,1.134433110052876,1.1328206603662008,1.1337714459106811,1284.0
2024-12-24 10:00:00+00:00,1.1335897889110471,1.1343259110894566,1.1327531949572047,1.1341586595873048,1195.0
2024-12-24 11:00:00+00:00,1.1337590898851693,1.134287561399527,1.1329666679461718,1.1336480288677315,1321.0
2024-12-24 12:00:00+00:00,1.1337993772161088,1.1345001070698473,1.133090940362953,1.133646600646632,1007.0
2024-12-24 13:00:00+00:00,1.1336415184639854,1.1339996347079668,1.132937766969036,1.1337163654874876,1239.0
2024-12-24 14:00:00+00:00,1.1337675699881988,1.1343164358808435,1.1330265451635748,1.13428370141267,1106.0
2024-12-24 15:00:00+00:00,1.134297592535711,1.13486186243127,1.1340683289769458,1.1344219837695928,1014.0
2024-12-24 16:00:00+00:00,1.1340834028537914,1.1347717222248903,1.1332441870883,1.1333531265062562,1002.0
2024-12-24 17:00:00+00:00,1.133885581215958,1.1344287958645034,1.1328938750199828,1.1343128482685885,938.0
2024-12-24 18:00:00+00:00,1.1338169611630582,1.1342247476368763,1.1327644748228451,1.134062188551097,1203.0
2024-12-24 19:00:00+00:00,1.1337997604327643,1.134415229242718,1.1330865988489882,1.134332367943398,1137.0
2024-12-24 20:00:00+00:00,1.133741847579526,1.1342627104521643,1.1329572137741692,1.133291810155585,1245.0
2024-12-24 21:00:00+00:00,1.1337207414942894,1.1338497293525018,1.1326657574685717,1.1328521702456822,594.0
2024-12-24 22:00:00+00:00,1.133312189975391,1.1340635283007832,1.1328994108922117,1.133087071205885,601.0
2024-12-24 23:00:00+00:00,1.1334466569271164,1.1343249548236063,1.1331019945409329,1.134286876121392,915.0
2024-12-25 00:00:00+00:00,1.133474072159898,1.1344122144851063,1.1328695982351027,1.1331429171068643,994.0
2024-12-25 01:00:00+00:00,1.133578433854418,1.1350906813354549,1.1332334756222782,1.1348971354683144,1027.0
2024-12-25 02:00:00+00:00,1.1338734995849669,1.1343299319270537,1.1334417391586018,1.134102184549623,1097.0
2024-12-25 03:00:00+00:00,1.1339460242973125,1.1345040302484626,1.1325692172734172,1.1336312056520528,1298.0
2024-12-25 04:00:00+00:00,1.133806914269461,1.134698820149809,1.1335826126519104,1.134054376237683,1101.0
2024-12-25 05:00:00+00:00,1.1338636233498032,1.1346106136324907,1.13259343860339,1.132913379440255,1338.0
2024-12-25 06:00:00+00:00,1.133864434083668,1.1346171374229652,1.133356752262075,1.13366331149737,1360.0
2024-12-25 07:00:00+00:00,1.1340444789811404,1.135098840390539,1.1332531827046517,1.134830675393156,785.0
2024-12-25 08:00:00+00:00,1.134129997769494,1.1350713913565535,1.133271801090317,1.133437466877074,1478.0
2024-12-25 09:00:00+00:00,1.134100779213957,1.1354172959856426,1.133497811390242,1.1344756416732833,1086.0
2024-12-25 10:00:00+00:00,1.134205170569133,1.1345797357770886,1.1334056482477797,1.1340057804236952,1019.0
2024-12-25 11:00:00+00:00,1.1340899248754497,1.135346248324158,1.1331965569655715,1.1336669212815589,1213.0
2024-12-25 12:00:00+00:00,1.1339575211699726,1.1341438329009508,1.132461638627051,1.13278323147921,1144.0
2024-12-25 13:00:00+00:00,1.1339123810261038,1.1344081845011191,1.1328332825097027,1.134173463195723,1124.0
2024-12-25 14:00:00+00:00,1.133830445149255,1.1347932139112704,1.133308372310354,1.1343750431543034,1090.0
2024-12-25 15:00:00+00:00,1.133946446074555,1.134432238488004,1.1335251634311938,1.134319619533949,1054.0
2024-12-25 16:00:00+00:00,1.1342403639091854,1.1347245727668334,1.133446976601724,1.1335650530924362,824.0
2024-12-25 17:00:00+00:00,1.134219933086993,1.135252713271183,1.1334157870881945,1.133891762560043,1466.0
2024-12-25 18:00:00+00:00,1.134000192898219,1.1345015225159514,1.133511133159067,1.1338644699068512,1467.0
2024-12-25 19:00:00+00:00,1.1340615013792643,1.134495819561855,1.1337608374576025,1.1339171757027475,976.0
2024-12-25 20:00:00+00:00,1.1341177559728337,1.1346605095931466,1.133984990649891,1.1341557874592518,1052.0
2024-12-25 21:00:00+00:00,1.1342114616782275,1.1352273648638518,1.1335933688154798,1.134889353361761,1074.0
2024-12-25 22:00:00+00:00,1.1344454789622211,1.134608515564707,1.1339164317391244,1.134280337339483,1175.0
2024-12-25 23:00:00+00:00,1.1344638992883749,1.1348378388744027,1.133569225826532,1.1344489193688403,1002.0
2024-12-26 00:00:00+00:00,1.1344611237288558,1.1345101938730944,1.1331363792598468,1.1334386937176388,1467.0
2024-12-26 01:00:00+00:00,1.1341037818637636,1.134336355444569,1.133453161045734,1.1337496918944774,1198.0
2024-12-26 02:00:00+00:00,1.1338837768055978,1.134201666377676,1.133317353106427,1.133632757343993,1092.0
2024-12-26 03:00:00+00:00,1.1339670108115254,1.1347605231766795,1.13323929528969,1.1346957780581843,1061.0
2024-12-26 04:00:00+00:00,1.13412784459102,1.134303690128575,1.1334658968764846,1.1339801765068287,1047.0
2024-12-26 05:00:00+00:00,1.1340605341161345,1.1346261454221211,1.133288840068008,1.134184483811388,1069.0
2024-12-26 06:00:00+00:00,1.1336015493769651,1.13393868255465,1.1324885630302923,1.1336530041760806,1480.0
2024-12-26 07:00:00+00:00,1.1334380950920775,1.1341898772207284,1.1324370625149982,1.1341035287103702,593.0
2024-12-26 08:00:00+00:00,1.1335943940372992,1.13449632345993,1.1329286048065872,1.1339461711738237,942.0
2024-12-26 09:00:00+00:00,1.1333691893445066,1.135059001129798,1.1330139141329063,1.1347260732227542,745.0
2024-12-26 10:00:00+00:00,1.1334422142814211,1.1344317042144996,1.1327328253344982,1.1329419302424562,1025.0
2024-12-26 11:00:00+00:00,1.133333267193905,1.133757826405323,1.13283664925813,1.1333647588247395,1357.0
2024-12-26 12:00:00+00:00,1.1334170043176506,1.1340271906207104,1.1321773952175742,1.1337397735565211,939.0
2024-12-26 13:00:00+00:00,1.133716314598516,1.134232642369406,1.1327787252909094,1.132882823694492,1213.0
2024-12-26 14:00:00+00:00,1.133984635347747,1.1350130436098296,1.1334091114581006,1.133965125863167,1222.0
2024-12-26 15:00:00+00:00,1.1340623745006242,1.1351553806716157,1.1333033224225617,1.13472102468977,1173.0
2024-12-26 16:00:00+00:00,1.1341222883812423,1.135166876529146,1.1335166667438978,1.1338737765733722,880.0
2024-12-26 17:00:00+00:00,1.1343785669369613,1.1346708998680477,1.1330950820943109,1.1345806866090953,1324.0
2024-12-26 18:00:00+00:00,1.1344463737618875,1.1349705782894592,1.133956609254737,1.134218600723414,1504.0
2024-12-26 19:00:00+00:00,1.1345354578878513,1.1350299698492206,1.1340012112122102,1.1347310155711643,849.0
2024-12-26 20:00:00+00:00,1.1345173713566097,1.1357466544383583,1.1334614917737629,1.1351328637022102,900.0
2024-12-26 21:00:00+00:00,1.1344395613171134,1.1348954516561434,1.133752841397181,1.1346172761258342,778.0
2024-12-26 22:00:00+00:00,1.134401235370451,1.134884673692649,1.133315222948464,1.1345991507879964,1491.0
2024-12-26 23:00:00+00:00,1.1340739085047966,1.134915996702078,1.133324928909799,1.1336415960668047,825.0
2024-12-27 00:00:00+00:00,1.1343260031369529,1.1348925069439193,1.133927908774942,1.134780886570469,897.0
2024-12-27 01:00:00+00:00,1.1340326383221684,1.1355984739036975,1.1331149373077094,1.1354546537753063,441.0
2024-12-27 02:00:00+00:00,1.134249981057332,1.134701838632855,1.133387572271282,1.1336371616060033,1421.0
2024-12-27 03:00:00+00:00,1.1342121663175118,1.135375209446171,1.1338553465579475,1.135335930664271,381.0
2024-12-27 04:00:00+00:00,1.1344938293140772,1.1350606158956975,1.1339770935088946,1.134827532574022,488.0
2024-12-27 05:00:00+00:00,1.1342727925988243,1.135147144819494,1.1334822486999956,1.1350710202889849,1038.0
2024-12-27 06:00:00+00:00,1.1344253855678508,1.134936717256661,1.1338866851776013,1.134233611793794,830.0
2024-12-27 07:00:00+00:00,1.1344439806112685,1.1353092713857609,1.134024324848735,1.134558153168434,746.0
2024-12-27 08:00:00+00:00,1.1349087597682546,1.1353400541761818,1.1337290288120014,1.1344493463145562,1012.0
2024-12-27 09:00:00+00:00,1.1349854738580922,1.13672442562079,1.1344515254181635,1.1365354798078129,849.0
2024-12-27 10:00:00+00:00,1.13522517125348,1.1362011600896649,1.134656219270907,1.1361274076298238,741.0
2024-12-27 11:00:00+00:00,1.1351825112972982,1.1357424896676152,1.134986290869679,1.1354912578511065,1321.0
2024-12-27 12:00:00+00:00,1.1354284031667583,1.1360895812707967,1.1351901487665372,1.1355089564955922,1458.0
2024-12-27 13:00:00+00:00,1.1352615085540632,1.135791680496069,1.1346432618790827,1.1357012688502357,1753.0
2024-12-27 14:00:00+00:00,1.13548006006795,1.136374133749011,1.1351878859340885,1.1356889388355735,1377.0
2024-12-27 15:00:00+00:00,1.1356655167635563,1.136320619418568,1.13507876921908,1.1359052319905156,1315.0
2024-12-27 16:00:00+00:00,1.135451562628631,1.1358084019663994,1.134591702577152,1.134671652797022,1497.0
2024-12-27 17:00:00+00:00,1.1354320942957945,1.135809046119172,1.1349142911966972,1.1355935949629905,1428.0
2024-12-27 18:00:00+00:00,1.1353834160490583,1.136552894891799,1.134855679823134,1.1351268796953844,1193.0
2024-12-27 19:00:00+00:00,1.1354365652941365,1.1362375410388184,1.1350604247313874,1.1361694126029178,1420.0
2024-12-27 20:00:00+00:00,1.135803610021425,1.137123791008546,1.1347978676097197,1.1353674726035363,1450.0
2024-12-27 21:00:00+00:00,1.136137452698734,1.136711885398808,1.1356289391377723,1.1363845698761157,1355.0
2024-12-27 22:00:00+00:00,1.1361052065637594,1.13641762403959,1.1344737228354396,1.1349755274652946,970.0
2024-12-27 23:00:00+00:00,1.136151701031754,1.1367642112847642,1.135155049146688,1.1352267880690146,811.0
2024-12-28 00:00:00+00:00,1.1361790829044218,1.1370693002799828,1.135716050260866,1.1366189634156612,692.0
2024-12-28 01:00:00+00:00,1.136246933929016,1.1366521012217288,1.135312152291747,1.136338030327441,685.0
2024-12-28 02:00:00+00:00,1.13611676734682,1.1365373988756555,1.134692952674346,1.1361601274149735,724.0
2024-12-28 03:00:00+00:00,1.136364321246592,1.1371683161673574,1.135786926937817,1.136281983387868,1452.0
2024-12-28 04:00:00+00:00,1.1365852760434538,1.1368571084233388,1.1353337232273364,1.1356462295457272,578.0
2024-12-28 05:00:00+00:00,1.1364039441605551,1.137129345105853,1.1345410830628753,1.1348420972363555,864.0
2024-12-28 06:00:00+00:00,1.1362449930267016,1.1366546660243346,1.135062203563433,1.136149073891898,1234.0
2024-12-28 07:00:00+00:00,1.1365575110625117,1.1373434417798505,1.1360508800091649,1.136784213689995,1068.0
2024-12-28 08:00:00+00:00,1.1368106197416306,1.1370320511866254,1.136020565442193,1.136529114654796,1405.0
2024-12-28 09:00:00+00:00,1.1369636539832222,1.137408482788823,1.1363220237630431,1.136537187615063,1044.0
2024-12-28 10:00:00+00:00,1.1368589299341465,1.1373298300144163,1.1362982225522475,1.1370389281125313,1032.0
2024-12-28 11:00:00+00:00,1.137253550248597,1.137792063636963,1.1365089817173113,1.1366066827431325,1159.0
2024-12-28 12:00:00+00:00,1.1374392851450668,1.1380697663144428,1.1370215933650285,1.1378225910359074,1161.0
2024-12-28 13:00:00+00:00,1.137601571612059,1.1383898874156957,1.1368355812080726,1.137592766041867,1234.0
2024-12-28 14:00:00+00:00,1.137653279167085,1.1380854114089465,1.1373211827294405,1.1376960939244125,1321.0
2024-12-28 15:00:00+00:00,1.1376488421346955,1.138399903878795,1.137335611348328,1.1377196717441371,1313.0
2024-12-28 16:00:00+00:00,1.1377740731787118,1.1384087329895218,1.1366982270574977,1.1381089696284892,1335.0
2024-12-28 17:00:00+00:00,1.1378477979066015,1.1381791092081277,1.1368896868652327,1.1379493806878378,1117.0
2024-12-28 18:00:00+00:00,1.1377992934946035,1.138464836729,1.1371402172737564,1.1381619726015448,1289.0
2024-12-28 19:00:00+00:00,1.13759764000139,1.1387484780620796,1.13680743427614,1.138429324254584,632.0
2024-12-28 20:00:00+00:00,1.1374033335859557,1.138301865676638,1.1368558753205829,1.1369097120612262,596.0
2024-12-28 21:00:00+00:00,1.1376719556714852,1.138315139718214,1.1370740883438295,1.137930630568462,1074.0
2024-12-28 22:00:00+00:00,1.1375494433946527,1.1378584956824076,1.1363777768104837,1.1367890296520098,1261.0
2024-12-28 23:00:00+00:00,1.1374219024681775,1.1380798722517615,1.136638926127579,1.1368162078102368,1236.0
2024-12-29 00:00:00+00:00,1.1374143544955666,1.1381866275628607,1.136794692196692,1.137960164019974,945.0
2024-12-29 01:00:00+00:00,1.1376728784695926,1.1385238388995742,1.1372143042217326,1.1374185448804917,1654.0
2024-12-29 02:00:00+00:00,1.1374023514950962,1.1381759414053516,1.1369934023204644,1.1380822079437198,1807.0
2024-12-29 03:00:00+00:00,1.1376647631773655,1.1388294820479308,1.1370422683742571,1.138581388998002,1227.0
2024-12-29 04:00:00+00:00,1.1378739754258267,1.1382777293881303,1.1369401894591584,1.1372988650336897,1053.0
2024-12-29 05:00:00+00:00,1.1377314652093575,1.138450552250189,1.1373262444491627,1.1374854161231625,1234.0
2024-12-29 06:00:00+00:00,1.137677901158133,1.138526319517593,1.1368014750576785,1.1376286151597093,1120.0
2024-12-29 07:00:00+00:00,1.1377510022520778,1.1386679180192345,1.1365436054748803,1.137221468317222,1016.0
2024-12-29 08:00:00+00:00,1.137571660694381,1.138107558396483,1.136875405402018,1.136893263496232,857.0
2024-12-29 09:00:00+00:00,1.1371464007048548,1.1376154318789828,1.135657272499513,1.1371215336367575,663.0
2024-12-29 10:00:00+00:00,1.137016451439132,1.137261012480792,1.135165909808559,1.136641673896417,958.0
2024-12-29 11:00:00+00:00,1.136900153942799,1.13723962655215,1.1354867658487524,1.1368457776599088,1119.0
2024-12-29 12:00:00+00:00,1.136968115842509,1.137353895404966,1.135708624575023,1.1363201132726066,1078.0
2024-12-29 13:00:00+00:00,1.1370901120572563,1.137956008169255,1.136651989912859,1.1375291002465864,812.0
2024-12-29 14:00:00+00:00,1.137597552670153,1.138597462161118,1.1370464288284785,1.1371566248975893,1175.0
2024-12-29 15:00:00+00:00,1.137781757923357,1.138948802142419,1.1370820746608172,1.1376035013209451,1477.0
2024-12-29 16:00:00+00:00,1.137460391822892,1.137816180243983,1.1365510105216337,1.136976433215229,805.0
2024-12-29 17:00:00+00:00,1.1372074163449482,1.137690387232242,1.1364742661506206,1.137532477774369,1353.0
2024-12-29 18:00:00+00:00,1.1372728189613304,1.1379271277208882,1.1362703375148364,1.1378446168778096,1080.0
2024-12-29 19:00:00+00:00,1.1374986248554668,1.1379580549293082,1.1365034626387152,1.1367409442550462,1537.0
2024-12-29 20:00:00+00:00,1.137345696100749,1.1380214631167591,1.1362743333393188,1.137475173578388,1173.0
2024-12-29 21:00:00+00:00,1.1371600763668883,1.138069651411574,1.1367521100468143,1.136933190338501,788.0
2024-12-29 22:00:00+00:00,1.1370202652641508,1.137391066346766,1.136074213444269,1.137241177684632,557.0
2024-12-29 23:00:00+00:00,1.1366510167916883,1.1376067299676775,1.1354588059287027,1.136451676145708,1223.0
2024-12-30 00:00:00+00:00,1.1365655046837302,1.137608723973767,1.1361490641596368,1.1374687397340717,1208.0
2024-12-30 01:00:00+00:00,1.1366394412422918,1.1371114233126798,1.1359898410253109,1.1362785890342584,665.0
2024-12-30 02:00:00+00:00,1.1366953168826752,1.137529591818396,1.1361375983726558,1.136454140283949,1008.0
2024-12-30 03:00:00+00:00,1.1367051804761987,1.1371728143335138,1.135922108021228,1.1359806676063031,708.0
2024-12-30 04:00:00+00:00,1.1366055378608295,1.1370747442604232,1.1359157123857702,1.1363245120989909,1017.0
2024-12-30 05:00:00+00:00,1.1363709953905858,1.136682770331895,1.1358040147428825,1.1365941497147745,1283.0
2024-12-30 06:00:00+00:00,1.1362202745492624,1.136683646835642,1.135695387747939,1.1365679864473963,983.0
2024-12-30 07:00:00+00:00,1.1365032060831213,1.137337411424714,1.1362198771813303,1.1365163501997986,1216.0
2024-12-30 08:00:00+00:00,1.1367392702804724,1.1375977534262351,1.1362295610939206,1.1373831051890042,1499.0
2024-12-30 09:00:00+00:00,1.1368947584654534,1.1380589495908364,1.1363250902270827,1.1370325823361491,1168.0
2024-12-30 10:00:00+00:00,1.137353804173084,1.1376324624662335,1.1362940955923142,1.137483520478656,676.0
2024-12-30 11:00:00+00:00,1.1373041227074463,1.1376852523676342,1.13693326705277,1.1373282834319396,1007.0
