timestamp,open,high,low,close,volume
2024-07-01 00:00:00+00:00,1.0800496714153012,1.0813975377996994,1.0790302210926217,1.07999942793899,5043.0
2024-07-01 04:00:00+00:00,1.079903675628432,1.081011493471643,1.0785913052943048,1.079114670004578,4082.0
2024-07-01 08:00:00+00:00,1.0796505961609806,1.0808675697832968,1.0780925660684009,1.0789161162022411,3957.0
2024-07-01 12:00:00+00:00,1.0791859286099246,1.080347994750403,1.0779632587617745,1.0790645128392446,4264.0
2024-07-01 16:00:00+00:00,1.0790392458301157,1.0806379881213517,1.0780078969696083,1.0796180302857727,3774.0
2024-07-01 20:00:00+00:00,1.079215635132621,1.0806111708934965,1.0778376580280538,1.0787802237812802,4667.0
2024-07-02 00:00:00+00:00,1.0792323649078526,1.0810288615013264,1.0774970316223695,1.0801790335097383,4494.0
2024-07-02 04:00:00+00:00,1.0790432448345644,1.0802280549263903,1.078336240978207,1.0795554881510006,4157.0
2024-07-02 08:00:00+00:00,1.0795355607714812,1.080477892377694,1.0781561101349924,1.0795380257022662,4269.0
2024-07-02 12:00:00+00:00,1.0792717451760525,1.0803432135650315,1.0784388984652342,1.0792740955884317,4132.0
2024-07-02 16:00:00+00:00,1.0792775507580046,1.080796161047002,1.0783693427482994,1.0793319945769873,4842.0
2024-07-02 20:00:00+00:00,1.0797128639922864,1.0810614240085863,1.07871369469958,1.0803203975806932,4212.0
2024-07-03 00:00:00+00:00,1.0799827706175116,1.0809624981923598,1.078728044855067,1.0803500109820503,4197.0
2024-07-03 04:00:00+00:00,1.080006601853972,1.0821896002596525,1.079344663038082,1.0799981292849676,4258.0
2024-07-03 08:00:00+00:00,1.0805766818838556,1.081696489614685,1.0790335692384356,1.080594872303891,4441.0
2024-07-03 12:00:00+00:00,1.0805480610206772,1.0819642382289036,1.079449627001888,1.0812112277438013,4190.0
2024-07-03 16:00:00+00:00,1.0808775533632613,1.0814025041283104,1.079212116492881,1.0804991773190558,4310.0
2024-07-03 20:00:00+00:00,1.080405204348167,1.0819255887836086,1.079313387283424,1.0799527327779728,4682.0
2024-07-04 00:00:00+00:00,1.080530516863275,1.0812446450508304,1.0790723084157854,1.080218772326793,4529.0
2024-07-04 04:00:00+00:00,1.0806959312810138,1.0817232154611784,1.0799976484923637,1.081196996582458,3681.0
2024-07-04 08:00:00+00:00,1.0813073495258383,1.0827602214353045,1.080222664459144,1.0825510587150615,4524.0
2024-07-04 12:00:00+00:00,1.0814873205702134,1.0823408406538837,1.079986964691266,1.0813346140376277,4500.0
2024-07-04 16:00:00+00:00,1.0812634659591165,1.0823268333403644,1.079579677500745,1.0817610026680786,4027.0
2024-07-04 20:00:00+00:00,1.081406645990128,1.0828323623939031,1.079754873129157,1.081145997787257,3753.0
2024-07-05 00:00:00+00:00,1.081565812437548,1.0829005705431565,1.080117524497173,1.0825133984026214,4032.0
2024-07-05 04:00:00+00:00,1.081884119340898,1.0832581842416744,1.0806892098692644,1.0812365246011677,4306.0
2024-07-05 08:00:00+00:00,1.0818813723649,1.0835465973240197,1.0815029367351374,1.0825488499328928,4285.0
2024-07-05 12:00:00+00:00,1.0822714479569555,1.0835737049466283,1.080972767966048,1.081985731081156,2954.0
2024-07-05 16:00:00+00:00,1.082042756782792,1.0833708914179008,1.0807197883743134,1.0814209795385807,4048.0
2024-07-05 20:00:00+00:00,1.0817420769774333,1.0831479227088394,1.080671837087419,1.082750214433874,4756.0
2024-07-06 00:00:00+00:00,1.0821550789528842,1.0836215166098195,1.080427767893207,1.0818690156506303,4542.0
2024-07-06 04:00:00+00:00,1.0820023813092552,1.0836066109604856,1.0806383589637731,1.080689108058965,3172.0
2024-07-06 08:00:00+00:00,1.0816636388884084,1.0825361941482257,1.0798473525978196,1.0806045348104325,4121.0
2024-07-06 12:00:00+00:00,1.081163222713202,1.0818682677308171,1.0796623391131115,1.0813989992753168,4606.0
2024-07-06 16:00:00+00:00,1.0806670242123455,1.0817251076190546,1.079432718710864,1.080734839446698,5103.0
2024-07-06 20:00:00+00:00,1.0807093100624232,1.0818313379153313,1.079240395097561,1.081436187487372,4262.0
2024-07-07 00:00:00+00:00,1.0806351439327724,1.0819931035713648,1.0799832339066089,1.0807533859123528,4375.0
2024-07-07 04:00:00+00:00,1.0809238824784628,1.0825103940079237,1.079017722339519,1.080603112858959,4606.0
2024-07-07 08:00:00+00:00,1.0809794159721948,1.0832100616986078,1.080503072351582,1.0818470101918696,3798.0
2024-07-07 12:00:00+00:00,1.082011676457387,1.083578438260805,1.0800742095063638,1.081448281533668,3992.0
2024-07-07 16:00:00+00:00,1.0814657620510888,1.0829424544735855,1.079749325295126,1.08141540804976,5436.0
2024-07-07 20:00:00+00:00,1.0816462792546278,1.0830581873576337,1.0807042311421966,1.0811535526700846,4688.0
2024-07-08 00:00:00+00:00,1.0813165484513152,1.082143259798481,1.0800221791397744,1.081415013836183,4370.0
2024-07-08 04:00:00+00:00,1.0813058449391395,1.082337294987479,1.0789275606918736,1.0814284280784905,3525.0
2024-07-08 08:00:00+00:00,1.081124714688083,1.0826181820925749,1.0801882578698043,1.0810976617987524,4394.0
2024-07-08 12:00:00+00:00,1.081358465759651,1.0823736150224776,1.0801439258056855,1.082354027121656,6120.0
2024-07-08 16:00:00+00:00,1.0810441972762173,1.0823965227090986,1.079105729952556,1.0819241729751252,3685.0
2024-07-08 20:00:00+00:00,1.080479630563384,1.0823251311353956,1.078933516975811,1.0810762316793625,4558.0
2024-07-09 00:00:00+00:00,1.0812075022414611,1.0825396680571873,1.0800991139157037,1.0813568820639237,4530.0
2024-07-09 04:00:00+00:00,1.0815110464175597,1.0834395377442962,1.08066720479451,1.080929432660471,4223.0
2024-07-09 08:00:00+00:00,1.0817452403904562,1.0825604112779308,1.0807477512588128,1.0813920091533538,4172.0
2024-07-09 12:00:00+00:00,1.0817217981746634,1.0838213476480754,1.08089824511866,1.0819841772639596,5137.0
2024-07-09 16:00:00+00:00,1.0820635521952826,1.0845285861044562,1.081051886266436,1.0826620510481315,4420.0
2024-07-09 20:00:00+00:00,1.082449705708702,1.083657980764511,1.080855373766406,1.082100210350036,4673.0
2024-07-10 00:00:00+00:00,1.082578301875992,1.0841848495925643,1.081662811809965,1.0834137996976865,5398.0
2024-07-10 04:00:00+00:00,1.0831222051867542,1.0850855648716426,1.0812517600920757,1.0835990355221652,4550.0
2024-07-10 08:00:00+00:00,1.084158262220989,1.0860808062911234,1.0835424768881436,1.085203837294705,4290.0
2024-07-10 12:00:00+00:00,1.0846451515164923,1.086152332123986,1.0834281159491033,1.0851696196000775,3752.0
2024-07-10 16:00:00+00:00,1.0849747142609014,1.0864107012741633,1.0838488821701773,1.084577905490275,4235.0
2024-07-10 20:00:00+00:00,1.0849111798281288,1.08592547064702,1.0831500681096262,1.0854463856572811,4187.0
2024-07-11 00:00:00+00:00,1.0850276547113404,1.0866708750031309,1.0838427520199658,1.085430227983566,4550.0
2024-07-11 04:00:00+00:00,1.085081891008269,1.0863141579325808,1.0836251975346758,1.085254613569278,4480.0
2024-07-11 08:00:00+00:00,1.0847168945465009,1.0861288217355345,1.0838075173598365,1.085282983031013,4108.0
2024-07-11 12:00:00+00:00,1.0853509130310592,1.086735810429661,1.0837858898260817,1.0849891069589923,4627.0
2024-07-11 16:00:00+00:00,1.0861028592700506,1.088011612670485,1.0849070560561154,1.0861291967946387,4453.0
2024-07-11 20:00:00+00:00,1.0862146919672908,1.0880129059499122,1.0848982508198584,1.0864610350029442,4592.0
2024-07-12 00:00:00+00:00,1.0865105912096975,1.0877340264850832,1.084753282427527,1.0850694354580952,4529.0
2024-07-12 04:00:00+00:00,1.0863010261314705,1.088376056524679,1.085015204270457,1.0859204653866417,4240.0
2024-07-12 08:00:00+00:00,1.0865931921529095,1.0882330184261286,1.0846457355683017,1.0869373403968998,4440.0
2024-07-12 12:00:00+00:00,1.086801686746095,1.0887546190053834,1.085118064137039,1.0886233795246163,4503.0
2024-07-12 16:00:00+00:00,1.0874894185500354,1.0899015041697064,1.0867405073896328,1.0877954758026596,5006.0
2024-07-12 20:00:00+00:00,1.0881053582564502,1.0891904277609668,1.0866185108270905,1.088163364045338,4850.0
2024-07-13 00:00:00+00:00,1.0876904839564778,1.0891373300169376,1.0862711378341348,1.088253810809197,3771.0
2024-07-13 04:00:00+00:00,1.0883673273415972,1.090004051902674,1.0869170408982982,1.0886895329648911,3055.0
2024-07-13 08:00:00+00:00,1.0881077031805673,1.0901079033514325,1.0866895282623097,1.0875976101844895,3311.0
2024-07-13 12:00:00+00:00,1.0880432413691208,1.0893242501443574,1.086348454938462,1.087474291176493,3940.0
2024-07-13 16:00:00+00:00,1.0878715831826933,1.0897023469479534,1.0862660662213954,1.0880984064107744,4024.0
2024-07-13 20:00:00+00:00,1.0881671599819336,1.090083040655762,1.0869829049450324,1.0890371383958213,5198.0
2024-07-14 00:00:00+00:00,1.0884310423329475,1.0893701348697855,1.0873259723374709,1.088190280207637,4158.0
2024-07-14 04:00:00+00:00,1.0884526518837174,1.0900009779507691,1.0873550116763644,1.0896114904249627,4032.0
2024-07-14 08:00:00+00:00,1.088743054351617,1.0905113075962762,1.08737154147181,1.090400761948643,3775.0
2024-07-14 12:00:00+00:00,1.0887313852256009,1.0908496323952996,1.0862545539479216,1.088409872945455,5005.0
2024-07-14 16:00:00+00:00,1.0890863206591377,1.090232722827137,1.087216756840879,1.0888441941636593,3650.0
2024-07-14 20:00:00+00:00,1.088520759418264,1.0914863627099414,1.0872354296367015,1.0895137899659642,4079.0
2024-07-15 00:00:00+00:00,1.089170967305256,1.0898961422006364,1.086747800834693,1.08715123665409,3437.0
2024-07-15 04:00:00+00:00,1.0881165846620016,1.0900044560636404,1.0865188287001908,1.0878363292952025,5250.0
2024-07-15 08:00:00+00:00,1.0879243754871974,1.0896100672244993,1.0868219081234014,1.087072630849683,4643.0
2024-07-15 12:00:00+00:00,1.088868117929351,1.0895557628085435,1.0873320893561045,1.0886023873107034,3945.0
2024-07-15 16:00:00+00:00,1.0888708994727754,1.090613043939389,1.0879296822761075,1.0890558987793024,4229.0
2024-07-15 20:00:00+00:00,1.0895428186358047,1.090549344916702,1.0885408099890623,1.089190405791082,4654.0
2024-07-16 00:00:00+00:00,1.0899136795331343,1.0916528886724166,1.0886258427012934,1.0899673455834515,4264.0
2024-07-16 04:00:00+00:00,1.0905128311670094,1.0927889246978326,1.089309775573402,1.0918813070532534,3428.0
2024-07-16 08:00:00+00:00,1.0907280935308086,1.0924388695206475,1.08968070283641,1.091516308228233,4496.0
2024-07-16 12:00:00+00:00,1.0904718607079142,1.0925353279147647,1.0893550819035245,1.091930029862914,4290.0
2024-07-16 16:00:00+00:00,1.0915734562615231,1.0938626626391303,1.089622539690247,1.0925424032369748,4722.0
2024-07-16 20:00:00+00:00,1.0919027676418187,1.09357974024718,1.0906481593611352,1.0931783735093104,4746.0
2024-07-17 00:00:00+00:00,1.0918417275224412,1.0934768056207789,1.090702698127693,1.0920584217339964,4089.0
2024-07-17 04:00:00+00:00,1.0917229113799436,1.0932626479994825,1.090348995370351,1.091999529817594,5231.0
2024-07-17 08:00:00+00:00,1.0915498864353286,1.0928365631878056,1.0892470220183803,1.0920215269566578,4517.0
2024-07-17 12:00:00+00:00,1.0913162843231563,1.0927971001144687,1.0897734739303315,1.0908845334867954,5542.0
2024-07-17 16:00:00+00:00,1.090914144935189,1.09221847010611,1.0894947330721785,1.0899547030446808,4800.0
2024-07-17 20:00:00+00:00,1.0912171470134313,1.0932409125070657,1.0901214050550698,1.0909656389373148,3936.0
2024-07-18 00:00:00+00:00,1.0915226987371007,1.0930931670380737,1.0895738066259844,1.0910736879063212,4144.0
2024-07-18 04:00:00+00:00,1.0919599695721764,1.0939601526214977,1.0911853181927689,1.0932897276049078,4385.0
2024-07-18 08:00:00+00:00,1.0924821395073097,1.0944064297362552,1.0915963755438634,1.0932760712646723,4068.0
2024-07-18 12:00:00+00:00,1.0928220476145123,1.0936408899935437,1.0914756052580403,1.092677832373807,4433.0
2024-07-18 16:00:00+00:00,1.09285452348984,1.0945981637500914,1.091174791773358,1.093048308990704,4033.0
2024-07-18 20:00:00+00:00,1.0932049748714985,1.096038817904542,1.0923744158251525,1.0940308315918352,4381.0
2024-07-19 00:00:00+00:00,1.0935922063615884,1.0962303535590323,1.092384916257831,1.0933889320201118,4353.0
2024-07-19 04:00:00+00:00,1.0937075885501502,1.0957198234230197,1.0922558120844277,1.09426061569504,3933.0
2024-07-19 08:00:00+00:00,1.0943195199926774,1.0955338556404557,1.092253438715657,1.0934510416209604,5224.0
2024-07-19 12:00:00+00:00,1.0943084229710676,1.095580613610608,1.0924834394409475,1.0932184103198577,4392.0
2024-07-19 16:00:00+00:00,1.0937450897872696,1.0957161802035236,1.0918782360341486,1.093055122957521,4177.0
2024-07-19 20:00:00+00:00,1.0933448145374705,1.0948951853092583,1.0921283435684888,1.0939553133884363,3846.0
2024-07-20 00:00:00+00:00,1.093098301232743,1.094486648679265,1.0919533246094089,1.0932793521728248,4930.0
2024-07-20 04:00:00+00:00,1.0932648101482163,1.0946837263521925,1.0918180593147333,1.093294141107335,4291.0
2024-07-20 08:00:00+00:00,1.093427241363873,1.0960810448742535,1.0909846442717297,1.0937568207241664,4726.0
2024-07-20 12:00:00+00:00,1.0933420144834964,1.0953558418904572,1.0918780278555502,1.0925347858985115,4598.0
2024-07-20 16:00:00+00:00,1.0934249741738946,1.0947298870154156,1.092317123153677,1.0938896656257704,4226.0
2024-07-20 20:00:00+00:00,1.0937644163209523,1.095626797608276,1.0918360270790963,1.092398284955724,3263.0
2024-07-21 00:00:00+00:00,1.0933530715302977,1.0949947655693388,1.0915660542270142,1.0932847702194215,3985.0
2024-07-21 04:00:00+00:00,1.0935390493386934,1.0952800369079554,1.0921138540797035,1.0937507005014375,4515.0
2024-07-21 08:00:00+00:00,1.0937598552136696,1.0951947154705353,1.092180255538292,1.094241115783194,3969.0
2024-07-21 12:00:00+00:00,1.0941960242960462,1.096558988822406,1.0925829240265497,1.0946425752216384,4072.0
2024-07-21 16:00:00+00:00,1.0942190578170805,1.0956277891920034,1.092724820126444,1.0947594234571183,4912.0
2024-07-21 20:00:00+00:00,1.0946573998408584,1.096076227440443,1.0927854538795854,1.0938518702632412,3866.0
2024-07-22 00:00:00+00:00,1.0941178160814915,1.095365507806172,1.0927030865544236,1.09371238477255,4261.0
2024-07-22 04:00:00+00:00,1.0939648005239022,1.0952748397934553,1.0924718969398222,1.094063575466128,3905.0
2024-07-22 08:00:00+00:00,1.094100468820499,1.0955257612341478,1.0928346254615509,1.0946865614253416,3478.0
2024-07-22 12:00:00+00:00,1.094056797387336,1.0962358699329269,1.0926754973585473,1.094679830735745,5738.0
2024-07-22 16:00:00+00:00,1.094300205426109,1.0950937115481318,1.092663351004886,1.0949065862018807,4653.0
2024-07-22 20:00:00+00:00,1.0940636342911825,1.095622384912558,1.092295337282615,1.0952367070876294,3604.0
2024-07-23 00:00:00+00:00,1.093881500678846,1.0953843943237296,1.0917671617065077,1.0927813346445492,3927.0
2024-07-23 04:00:00+00:00,1.0938654310172538,1.0952774118182391,1.0915922485995826,1.093503571009791,3933.0
2024-07-23 08:00:00+00:00,1.0939978253505604,1.0955747523923367,1.0904409848222918,1.095354805060084,4104.0
2024-07-23 12:00:00+00:00,1.0937644561842352,1.0951101717196794,1.09273153368674,1.0940712591822987,4767.0
2024-07-23 16:00:00+00:00,1.093910546287154,1.0956624599982907,1.0929324945703651,1.0952830018624709,4878.0
2024-07-23 20:00:00+00:00,1.0941100858013466,1.0955024164586122,1.0925127633721066,1.0945857399904957,3586.0
2024-07-24 00:00:00+00:00,1.0942096045977214,1.095807573217206,1.092546623095451,1.0943234719315962,4588.0
2024-07-24 04:00:00+00:00,1.094238972739536,1.0956696215882449,1.092788708350383,1.0932217489922833,4073.0
2024-07-24 08:00:00+00:00,1.0942121423403142,1.0959450824034864,1.093032805882046,1.0942777032543538,4714.0
2024-07-24 12:00:00+00:00,1.0943718149985175,1.0960601765321447,1.0923115950210678,1.093837669146267,3662.0
2024-07-24 16:00:00+00:00,1.0941367356565423,1.0952463488576918,1.0926659339246991,1.0932245502512832,4692.0
2024-07-24 20:00:00+00:00,1.093808613857589,1.0960889901180386,1.0930666991619,1.0946391396628588,5633.0
2024-07-25 00:00:00+00:00,1.0944535185359805,1.0967577983312835,1.0933687319615115,1.0935322661974445,4662.0
2024-07-25 04:00:00+00:00,1.0952240039498409,1.0969819737246846,1.0927863828758697,1.0958331260573162,4706.0
2024-07-25 08:00:00+00:00,1.0956062658050771,1.0972230177308493,1.093682530139611,1.0957031515397757,4074.0
2024-07-25 12:00:00+00:00,1.095726578069657,1.0971885773368053,1.094162834405131,1.0943825578833306,4809.0
2024-07-25 16:00:00+00:00,1.0950989263327942,1.0963063216956797,1.0933265634600349,1.0953436785370716,4365.0
2024-07-25 20:00:00+00:00,1.0951773257248107,1.096120659731243,1.0929173417888292,1.0932258299122974,3555.0
2024-07-26 00:00:00+00:00,1.094341594469615,1.0957061998719968,1.0923268529782904,1.0938370559992256,5326.0
2024-07-26 04:00:00+00:00,1.094759557001887,1.0964862031844538,1.09335113466992,1.0951379041682687,4986.0
2024-07-26 08:00:00+00:00,1.094920574934535,1.0961600268941454,1.0926995663526418,1.0951418698817228,4117.0
2024-07-26 12:00:00+00:00,1.094956010258827,1.0960052571692955,1.0934548940905149,1.0950160082145313,4422.0
2024-07-26 16:00:00+00:00,1.0950527973344433,1.0974217311278904,1.0941066236496602,1.094319393107097,3173.0
2024-07-26 20:00:00+00:00,1.095388662545445,1.0971855103316894,1.093949931746946,1.0954549628824302,3596.0
2024-07-27 00:00:00+00:00,1.0954796392365682,1.0975120194004968,1.09416568992978,1.0965547939846974,3952.0
2024-07-27 04:00:00+00:00,1.0957886650317734,1.0967583666633178,1.0939285242450705,1.095501452285807,4424.0
2024-07-27 08:00:00+00:00,1.096277855386444,1.0974519113898216,1.0945322708911576,1.0962644434279238,4184.0
2024-07-27 12:00:00+00:00,1.0961212552631738,1.0970852914555205,1.0944623294136957,1.0959201226104118,4637.0
2024-07-27 16:00:00+00:00,1.095933642522665,1.0974410903083591,1.0936749270528978,1.0965247970683183,4551.0
2024-07-27 20:00:00+00:00,1.0959397191438058,1.097669682603444,1.094580835881972,1.096474413895831,4931.0
2024-07-28 00:00:00+00:00,1.0963643981140374,1.0992349677539917,1.0946396313656876,1.0956630788176995,3159.0
2024-07-28 04:00:00+00:00,1.0957268966818623,1.0972150885118477,1.094645984319839,1.0959788333117593,4332.0
2024-07-28 08:00:00+00:00,1.0964231983559507,1.097937127476612,1.0948699993787634,1.096879319045177,4527.0
2024-07-28 12:00:00+00:00,1.0971352796446845,1.098016723446321,1.0958640929534065,1.096803871505871,4212.0
2024-07-28 16:00:00+00:00,1.09686167574381,1.097734474200195,1.095715727988997,1.0967893684132568,5178.0
2024-07-28 20:00:00+00:00,1.0968302305600592,1.0979918872578296,1.0946600522069163,1.0954582010910192,4062.0
2024-07-29 00:00:00+00:00,1.096498689202359,1.0981887883355823,1.0947347693137457,1.0975090943001222,4598.0
2024-07-29 04:00:00+00:00,1.0972870295338024,1.0989180624598254,1.0952870512740431,1.0978485994962182,3596.0
2024-07-29 08:00:00+00:00,1.0976831029347396,1.0994668648870989,1.096434226767242,1.098008559910724,4549.0
2024-07-29 12:00:00+00:00,1.09840160250041,1.1000957447326165,1.0969642014898775,1.098647126808765,4541.0
2024-07-29 16:00:00+00:00,1.0988011636784163,1.1003998165041262,1.0970733230536864,1.097501193603147,3911.0
2024-07-29 20:00:00+00:00,1.098778787738419,1.100121590779234,1.096995250113269,1.0979135241672784,4754.0
2024-07-30 00:00:00+00:00,1.0982006502168065,1.0993714603468625,1.09616472036489,1.0986349557269257,5069.0
2024-07-30 04:00:00+00:00,1.0976501036962876,1.09897711275777,1.09640360459242,1.0976152968591826,3347.0
2024-07-30 08:00:00+00:00,1.098037100709906,1.0996062683028418,1.0957144810896935,1.098263594025371,4245.0
2024-07-30 12:00:00+00:00,1.0981130781802988,1.1003009073987553,1.0967905251199397,1.0993744643556698,4659.0
2024-07-30 16:00:00+00:00,1.098253364947423,1.0998097562515232,1.0964049929447526,1.0987702464768203,4730.0
2024-07-30 20:00:00+00:00,1.0982922406726852,1.0999749096247868,1.096905229229857,1.098266304948418,4585.0
2024-07-31 00:00:00+00:00,1.097558081484546,1.0986952664569425,1.0957379882361615,1.0977126319443855,5044.0
2024-07-31 04:00:00+00:00,1.097272509303474,1.0993483852552235,1.0960925061553113,1.0974185849538929,5286.0
2024-07-31 08:00:00+00:00,1.097178268570831,1.0989617804303136,1.09554729118086,1.0964134243697707,3214.0
2024-07-31 12:00:00+00:00,1.0979206283910403,1.099611281858586,1.096272309172848,1.0985886801182403,4419.0
2024-07-31 16:00:00+00:00,1.098191539722854,1.0989683528170295,1.0966885145656224,1.0974324715989472,4760.0
2024-07-31 20:00:00+00:00,1.0981171031490289,1.099458260341695,1.095816072648644,1.0975324552045655,3868.0
2024-08-01 00:00:00+00:00,1.0979548284941627,1.099600589223494,1.0968646028112448,1.0981343576042926,4075.0
2024-08-01 04:00:00+00:00,1.09832872470895,1.0997542835640726,1.096715796578522,1.0990191931077362,4501.0
2024-08-01 08:00:00+00:00,1.0979800541045133,1.0992850457849677,1.0962509292996454,1.0978843722758302,4607.0
2024-08-01 12:00:00+00:00,1.0974147634775004,1.0987050417785618,1.0959398852618656,1.0971039552263482,4262.0
2024-08-01 16:00:00+00:00,1.0970479320528137,1.0987390418640883,1.0954303597973578,1.097041062854085,4436.0
2024-08-01 20:00:00+00:00,1.096901005117381,1.0981563478987857,1.095106916831377,1.095887425228881,4506.0
2024-08-02 00:00:00+00:00,1.0969569088356956,1.0986499572610118,1.0960405977067698,1.0971733078095725,4459.0
2024-08-02 04:00:00+00:00,1.0971648381699,1.098822995384448,1.0956164950054954,1.097113467286263,4341.0
2024-08-02 08:00:00+00:00,1.097614584408418,1.0989658919646783,1.0961401051812774,1.0980401785383482,5569.0
2024-08-02 12:00:00+00:00,1.0973779629349694,1.0988291607529828,1.0958346006827264,1.0962951304527158,4187.0
2024-08-02 16:00:00+00:00,1.0974500487013374,1.098866885634369,1.0959379302600551,1.0971001413413264,4703.0
2024-08-02 20:00:00+00:00,1.0968200418890504,1.097938334993671,1.095107459747956,1.0955591744314512,4655.0
2024-08-03 00:00:00+00:00,1.096158725616813,1.097061063831021,1.0939120277465637,1.096105774396544,4419.0
2024-08-03 04:00:00+00:00,1.095780333986309,1.0971066470917386,1.0938647017674998,1.095742048989545,4809.0
2024-08-03 08:00:00+00:00,1.0959641371887665,1.0979533253471712,1.0946909341321789,1.0966264706875375,3993.0
2024-08-03 12:00:00+00:00,1.0965861177476084,1.0976340367350674,1.0946456101190598,1.0954856864956612,4160.0
2024-08-03 16:00:00+00:00,1.0964477050994506,1.0978019817339035,1.0948533508167873,1.0969908264148776,4337.0
2024-08-03 20:00:00+00:00,1.0969436586131314,1.0986353337501,1.095057346346903,1.0975877362796105,4976.0
2024-08-04 00:00:00+00:00,1.097292045799959,1.098323673063465,1.0961503138977904,1.09720844439606,4222.0
2024-08-04 04:00:00+00:00,1.0976969457622696,1.0990598212691802,1.0954949337098472,1.0973575022179431,5407.0
2024-08-04 08:00:00+00:00,1.097460434556384,1.0987650514118732,1.0964392869975923,1.096778433562593,4310.0
2024-08-04 12:00:00+00:00,1.0978861330288645,1.0992124296032362,1.096967647717623,1.0973412184149094,4831.0
2024-08-04 16:00:00+00:00,1.0978660175874468,1.0994611585177254,1.0963652052825963,1.097834453984048,4663.0
2024-08-04 20:00:00+00:00,1.0982027668561063,1.0998013611958777,1.097104496286331,1.0986437297831166,4584.0
2024-08-05 00:00:00+00:00,1.0981121600951569,1.0992424435115116,1.0958951875283265,1.0960833541389148,4472.0
2024-08-05 04:00:00+00:00,1.0977168108195567,1.0990942087346645,1.0965257779881297,1.0978592278080026,4860.0
2024-08-05 08:00:00+00:00,1.0979383857264848,1.0995500800775369,1.0967544529421835,1.0977188659392998,4913.0
2024-08-05 12:00:00+00:00,1.0983860475777674,1.0998973346316816,1.0967468677700367,1.0976903972167145,5116.0
2024-08-05 16:00:00+00:00,1.0983355531586658,1.100382749291852,1.097982176323263,1.0994733688837337,4453.0
2024-08-05 20:00:00+00:00,1.09919046891886,1.1001342800274598,1.0973307674803372,1.0992468940579212,4728.0
2024-08-06 00:00:00+00:00,1.098910467611068,1.1008979191106998,1.0975234641450309,1.0987920240167444,4113.0
2024-08-06 04:00:00+00:00,1.0990570868478902,1.1011722659990115,1.0974853961360929,1.0980950431948748,5106.0
2024-08-06 08:00:00+00:00,1.0985791347649982,1.100047399233632,1.0969845400108833,1.099229860916698,4991.0
2024-08-06 12:00:00+00:00,1.098689301033699,1.100046346733048,1.0977862499056896,1.0986604845060162,4269.0
2024-08-06 16:00:00+00:00,1.0986618736099456,1.0999811554077576,1.0966692480875957,1.0999155301325498,4314.0
2024-08-06 20:00:00+00:00,1.0988858811343154,1.1007579583562646,1.0975692426821473,1.1005271881302474,5243.0
2024-08-07 00:00:00+00:00,1.099082078576596,1.1004507182337382,1.0979479865970576,1.0990385885163605,4672.0
2024-08-07 04:00:00+00:00,1.0992286380187508,1.1007565550434864,1.0976775351885315,1.0988440045487269,4368.0
2024-08-07 08:00:00+00:00,1.099506626727726,1.1014308219849005,1.0980653259441902,1.0999508513435194,3518.0
2024-08-07 12:00:00+00:00,1.099767979576566,1.1011677180052404,1.0988598135913392,1.1000102251329065,5297.0
2024-08-07 16:00:00+00:00,1.0998800216802889,1.10136581471803,1.0983946654179648,1.100480849198066,3902.0
2024-08-07 20:00:00+00:00,1.099653965871801,1.1008136171869594,1.0982696345193883,1.100283056936976,3819.0
2024-08-08 00:00:00+00:00,1.0996418628685694,1.1011711766533114,1.09872539193569,1.0994083438878348,4968.0
2024-08-08 04:00:00+00:00,1.099861969154837,1.101157280274868,1.0988136350860065,1.1001451816202088,5054.0
2024-08-08 08:00:00+00:00,1.1000835308196537,1.1022428022785449,1.0991060122483876,1.1015540658221843,4543.0
2024-08-08 12:00:00+00:00,1.100956629084213,1.102262493419128,1.099908200930684,1.1004413070161372,3610.0
2024-08-08 16:00:00+00:00,1.1010818170975374,1.1027067973409392,1.100544048766861,1.1017207826599738,4346.0
2024-08-08 20:00:00+00:00,1.1014861929027695,1.102883983059373,1.0999875458648372,1.1003085926325866,4380.0
2024-08-09 00:00:00+00:00,1.100879529319447,1.1019504733939918,1.0997518055248887,1.10076107854742,4155.0
2024-08-09 04:00:00+00:00,1.1007635873909285,1.1015629914437344,1.099282674342034,1.1009422686105672,4005.0
2024-08-09 08:00:00+00:00,1.1004606869459614,1.1016009370339424,1.0989029772228978,1.0998254518988426,3854.0
2024-08-09 12:00:00+00:00,1.1000241806173678,1.1014186116796467,1.0984011526759374,1.0984432569042235,4892.0
2024-08-09 16:00:00+00:00,1.0992473956045734,1.1004993413431012,1.0972251702833715,1.0986609608457076,4040.0
2024-08-09 20:00:00+00:00,1.098659993001088,1.1001745328775254,1.097570775623065,1.0980995624912284,4514.0
2024-08-10 00:00:00+00:00,1.0986441835352478,1.1001059570827936,1.096957320100869,1.0990785505471117,4586.0
2024-08-10 04:00:00+00:00,1.0985522984355474,1.10010453304083,1.096806767793031,1.09918795661415,4599.0
2024-08-10 08:00:00+00:00,1.0983866656619763,1.0999549952583512,1.09655593044913,1.097263249152982,4523.0
2024-08-10 12:00:00+00:00,1.0978763080953178,1.0993772166142164,1.0962874767227178,1.0988510976005967,4465.0
2024-08-10 16:00:00+00:00,1.0983813500709398,1.0994477698883054,1.096636657384365,1.097923603533575,4473.0
2024-08-10 20:00:00+00:00,1.0984299374267978,1.099839275733119,1.0974465990009188,1.0978630781845773,4779.0
2024-08-11 00:00:00+00:00,1.0988384705489287,1.0995584954592472,1.0971591378846737,1.0982407078811744,4427.0
2024-08-11 04:00:00+00:00,1.0986781818069546,1.0996598569342928,1.0976671483162874,1.0986775396771225,4167.0
2024-08-11 08:00:00+00:00,1.0989756324497035,1.100350484309037,1.0979275062179228,1.0992973133160064,3925.0
2024-08-11 12:00:00+00:00,1.099773227315377,1.1006072812625982,1.0984746911915444,1.0987164724706382,5161.0
2024-08-11 16:00:00+00:00,1.099058156345993,1.099986298405689,1.097259960558822,1.0974958947877986,4446.0
2024-08-11 20:00:00+00:00,1.098422586940953,1.0992664923437832,1.0975201784347162,1.0978382338750567,4413.0
2024-08-12 00:00:00+00:00,1.0983108573725426,1.0993704363632597,1.0968820509643602,1.097563335661408,5238.0
2024-08-12 04:00:00+00:00,1.0984040456834552,1.1003703305459205,1.0974556303414058,1.100020968125885,3879.0
2024-08-12 08:00:00+00:00,1.0986216274060867,1.1001080746717944,1.0970684262193977,1.097393362540992,4362.0
2024-08-12 12:00:00+00:00,1.098181247340551,1.099543372318297,1.0973187202045902,1.0980922894732217,3476.0
2024-08-12 16:00:00+00:00,1.0985344632636744,1.1004302787693223,1.0976132970271943,1.098257740736667,4253.0
2024-08-12 20:00:00+00:00,1.0988311461855158,1.0996485514820802,1.0974931441854745,1.0988655470307545,3902.0
2024-08-13 00:00:00+00:00,1.098468266870731,1.1004938245021487,1.0974800967359877,1.0993327653109708,4464.0
2024-08-13 04:00:00+00:00,1.0991006821032945,1.0998620558040708,1.0978578070921887,1.0996279273713738,5053.0
2024-08-13 08:00:00+00:00,1.0989530932226583,1.1000209718763634,1.097208898225504,1.0975168218059463,4229.0
2024-08-13 12:00:00+00:00,1.098560707319522,1.100559668067857,1.0974857422970477,1.0989729784808464,4558.0
2024-08-13 16:00:00+00:00,1.0989156544784835,1.099616143351839,1.096876180017645,1.0979654250068678,4537.0
2024-08-13 20:00:00+00:00,1.0974864161892235,1.098529204918076,1.096153619908151,1.0970809234920973,4611.0
2024-08-14 00:00:00+00:00,1.0971090546427047,1.0986370955723872,1.0961428484613818,1.0975050020674963,4964.0
2024-08-14 04:00:00+00:00,1.0972197511949164,1.098868396971623,1.0960576493684224,1.0973973782095634,3981.0
2024-08-14 08:00:00+00:00,1.0975770252581551,1.0986410514827276,1.0965594275618726,1.098260540010597,4369.0
2024-08-14 12:00:00+00:00,1.097437333770813,1.097952587203622,1.095965310525716,1.097514260850096,3403.0
2024-08-14 16:00:00+00:00,1.0973733117507865,1.0981935777198495,1.0961395182311158,1.0968312399493545,4851.0
2024-08-14 20:00:00+00:00,1.0966787305723995,1.0980021303056555,1.0951961787528954,1.097020366651183,3932.0
2024-08-15 00:00:00+00:00,1.0964658396717446,1.097643001319135,1.0953709149149555,1.0973880728284502,5455.0
2024-08-15 04:00:00+00:00,1.0965676015664467,1.0980108756377287,1.095151250400195,1.09606578740369,4066.0
2024-08-15 08:00:00+00:00,1.096236660137597,1.0974159142585578,1.0955174656669626,1.0970300239286146,4095.0
2024-08-15 12:00:00+00:00,1.0964735542468895,1.0973484191608596,1.0951938880098675,1.095996066029972,5153.0
2024-08-15 16:00:00+00:00,1.096225697208889,1.0970126517592949,1.0956229571772784,1.0961217737618056,4494.0
2024-08-15 20:00:00+00:00,1.0962175290887823,1.097820549451033,1.095592750415881,1.096617658346842,4479.0
2024-08-16 00:00:00+00:00,1.0961597307679092,1.0965724353457529,1.0946321644659331,1.0958474638687057,4416.0
2024-08-16 04:00:00+00:00,1.095332750136044,1.0959202006564803,1.0943704493087385,1.0948673415344263,3638.0
2024-08-16 08:00:00+00:00,1.0951528400560993,1.096527858098072,1.0943950239332878,1.0963233913748671,3964.0
2024-08-16 12:00:00+00:00,1.0956576029684153,1.0969103189250389,1.094962586898214,1.0964089243769322,3526.0
2024-08-16 16:00:00+00:00,1.0961205179066942,1.097077558458721,1.0953260831806455,1.0961632500022649,3383.0
2024-08-16 20:00:00+00:00,1.0960871223506072,1.096815050325786,1.0944387235363788,1.0964808024366268,5001.0
2024-08-17 00:00:00+00:00,1.0956550342206344,1.096999251075061,1.0949762882016738,1.0963915789876362,4390.0
2024-08-17 04:00:00+00:00,1.095916319842446,1.0968708504893188,1.094889130515536,1.0963047072299816,5069.0
2024-08-17 08:00:00+00:00,1.0959226488992786,1.097034948869582,1.094827712465065,1.0960088231056926,4273.0
2024-08-17 12:00:00+00:00,1.096045053735652,1.0972918724806904,1.0949624233198505,1.0969228175278771,4148.0
2024-08-17 16:00:00+00:00,1.096044098000421,1.0973736373149698,1.0952644444240696,1.096570483290512,4869.0
2024-08-17 20:00:00+00:00,1.0964520599966263,1.0976602556787929,1.0953749042381205,1.0975628935445576,3846.0
2024-08-18 00:00:00+00:00,1.0968854255748768,1.0974915352648964,1.095508879970839,1.0971756245746322,3866.0
2024-08-18 04:00:00+00:00,1.0966895108015302,1.097478249310886,1.0952153808701202,1.0958152692681165,4741.0
2024-08-18 08:00:00+00:00,1.0959548144072773,1.0971961442792333,1.0953497813650546,1.0962511379956603,4897.0
2024-08-18 12:00:00+00:00,1.09638670604553,1.0970267033922931,1.095443721766734,1.096254682319314,4240.0
2024-08-18 16:00:00+00:00,1.0963253322365876,1.0970281820539471,1.0952993691438762,1.0958014365502011,4460.0
2024-08-18 20:00:00+00:00,1.0961828666050246,1.0977183377875448,1.0953967368505062,1.0969039472189988,3478.0
2024-08-19 00:00:00+00:00,1.0963875367687888,1.097355912589712,1.095312374899771,1.0966262411314849,4240.0
2024-08-19 04:00:00+00:00,1.0972251283556738,1.098054287090399,1.0958631739682971,1.09708645821236,3866.0
2024-08-19 08:00:00+00:00,1.0969677709545014,1.0976734882100236,1.0958414081953594,1.097060367279429,5380.0
2024-08-19 12:00:00+00:00,1.097114895808068,1.0978030055960435,1.0958439610956088,1.0970180543637578,4018.0
2024-08-19 16:00:00+00:00,1.097010279935063,1.0983034559594935,1.0957288177726632,1.0968539818765295,3887.0
2024-08-19 20:00:00+00:00,1.096708674607852,1.0970530885705092,1.0954419349286242,1.0959175809870916,3897.0
2024-08-20 00:00:00+00:00,1.0960860198400395,1.0970393514386836,1.0947743285928746,1.095254389839688,4657.0
2024-08-20 04:00:00+00:00,1.0958296560552685,1.0969725365785603,1.0948845778249965,1.0958300970996482,4497.0
2024-08-20 08:00:00+00:00,1.0958229208343362,1.096633101773134,1.0942380140668282,1.0951214054994511,4761.0
2024-08-20 12:00:00+00:00,1.0955198253366814,1.0969897976364151,1.0949458288883098,1.0950767543499071,3868.0
2024-08-20 16:00:00+00:00,1.0958656953771235,1.0963795060279549,1.094498392754912,1.0949266417595092,4165.0
2024-08-20 20:00:00+00:00,1.0959383511518557,1.0968881720451729,1.0949887372877962,1.0952599383870376,4006.0
2024-08-21 00:00:00+00:00,1.0957199138549878,1.0967884936983363,1.094410785730472,1.0959493989379687,4052.0
2024-08-21 04:00:00+00:00,1.0956001314661832,1.0973592734203816,1.09437388790538,1.0963286857531462,4818.0
2024-08-21 08:00:00+00:00,1.0961302462085256,1.097334974791318,1.0953976113920507,1.0957861645195863,4112.0
2024-08-21 12:00:00+00:00,1.0965561808851816,1.0975856212716009,1.0952902177387187,1.0960704694677186,4570.0
2024-08-21 16:00:00+00:00,1.0968220560405506,1.0976596533435474,1.094834194433702,1.096172961184254,3696.0
2024-08-21 20:00:00+00:00,1.096516573450872,1.0982517367706084,1.095597704065111,1.0979102258329665,3575.0
2024-08-22 00:00:00+00:00,1.09668388104204,1.097989680774479,1.0959912853688276,1.0966812892032545,4909.0
2024-08-22 04:00:00+00:00,1.096819789696068,1.0982311981834012,1.096182464562096,1.0967855595278255,6030.0
2024-08-22 08:00:00+00:00,1.097037047323728,1.0982694258908343,1.0963142801769117,1.0976080505147148,4056.0
2024-08-22 12:00:00+00:00,1.0977825230384857,1.0986350110553895,1.0965521684839885,1.0983225478966827,4713.0
2024-08-22 16:00:00+00:00,1.097586601383855,1.0985975785435835,1.0969480734023402,1.097615397001828,4601.0
2024-08-22 20:00:00+00:00,1.0976502436530808,1.0985406964079336,1.0967909045040296,1.0975089373971083,3721.0
2024-08-23 00:00:00+00:00,1.0980607351940883,1.0986040907147183,1.0966459394837909,1.097773575261841,4506.0
2024-08-23 04:00:00+00:00,1.097900073897616,1.0986645983854804,1.097086026531997,1.0984251894499029,4242.0
2024-08-23 08:00:00+00:00,1.097762003992499,1.098436673160277,1.0963054681951334,1.0974078091596948,4016.0
2024-08-23 12:00:00+00:00,1.097835181031991,1.098754258854014,1.0964424383090774,1.0975473693268034,3888.0
2024-08-23 16:00:00+00:00,1.0982484406490376,1.098718308103792,1.0969814812830003,1.098051303042236,5111.0
2024-08-23 20:00:00+00:00,1.09817432572626,1.0994799147189014,1.097066986144264,1.09737566011234,5063.0
2024-08-24 00:00:00+00:00,1.097876530867335,1.098508672517654,1.096917659711233,1.0977397245427931,4100.0
2024-08-24 04:00:00+00:00,1.097537878546124,1.0987634901863244,1.0970568720567933,1.0978187482357906,4449.0
2024-08-24 08:00:00+00:00,1.0979553090890457,1.0992007013548797,1.0971513753161302,1.0991839778230894,4587.0
2024-08-24 12:00:00+00:00,1.098309965670701,1.0994666761860914,1.0975715899126346,1.0984809135540132,4038.0
2024-08-24 16:00:00+00:00,1.098657832603628,1.0993001555982826,1.097060314736082,1.097224323726958,5313.0
2024-08-24 20:00:00+00:00,1.0983652152734358,1.099572085703204,1.097600824443527,1.0979778784609329,4718.0
2024-08-25 00:00:00+00:00,1.0982902838324922,1.099610765172265,1.0977424705195322,1.0985297187214524,4990.0
2024-08-25 04:00:00+00:00,1.0988980614797428,1.0998690606361845,1.097942714784805,1.0989090277317015,3765.0
2024-08-25 08:00:00+00:00,1.099032396406476,1.0997988607326292,1.0980840482445495,1.0989280302873117,4989.0
2024-08-25 12:00:00+00:00,1.0989352326195678,1.0992318049631808,1.0979207070109884,1.0985404472860938,4840.0
2024-08-25 16:00:00+00:00,1.0983338952112922,1.099001186653496,1.0972874398196166,1.0977039679900955,3954.0
2024-08-25 20:00:00+00:00,1.0979038818877196,1.0990745104340556,1.0971578168495044,1.0980981136437478,4563.0
2024-08-26 00:00:00+00:00,1.0979427244120112,1.098898825223886,1.0967956581742413,1.0974670866491445,3398.0
2024-08-26 04:00:00+00:00,1.097401608143176,1.0978795211511816,1.0962926050538415,1.0972545871375416,4949.0
2024-08-26 08:00:00+00:00,1.0971014130054162,1.0976056407028407,1.0955946824035774,1.096791274604251,4780.0
2024-08-26 12:00:00+00:00,1.0966979331065856,1.0973321438695074,1.0955248812637497,1.095912343658458,3644.0
2024-08-26 16:00:00+00:00,1.0965830896314812,1.097171756633798,1.0958994067452716,1.0968840152159425,4785.0
2024-08-26 20:00:00+00:00,1.09661402773819,1.0972675132242788,1.095691823822929,1.0969636496675284,4256.0
2024-08-27 00:00:00+00:00,1.096592106265224,1.0977853778368167,1.095851346302981,1.0967772749678275,3782.0
2024-08-27 04:00:00+00:00,1.096849987062986,1.0979743459474298,1.0961897937937326,1.0969549078970766,5069.0
2024-08-27 08:00:00+00:00,1.096820272497893,1.097402895310473,1.0960029061747625,1.0963838577729668,5500.0
2024-08-27 12:00:00+00:00,1.0964629064356024,1.097133664260325,1.095691187014864,1.0967955743037163,4857.0
2024-08-27 16:00:00+00:00,1.096729122241546,1.0979353070678264,1.0958984435296324,1.0972563404965114,3384.0
2024-08-27 20:00:00+00:00,1.0972065423687205,1.0979240841846882,1.0963673181079707,1.0974214988900273,4425.0
2024-08-28 00:00:00+00:00,1.0975341278476207,1.0980504854863682,1.0962371969174156,1.0979124892583805,4242.0
2024-08-28 04:00:00+00:00,1.097492622028578,1.0981515852988393,1.0966251947089662,1.0973860345873172,3679.0
2024-08-28 08:00:00+00:00,1.097272266737617,1.0983138504183754,1.0964034621742924,1.097446431211709,4432.0
2024-08-28 12:00:00+00:00,1.0974083230381018,1.0981869492156653,1.096362953441604,1.0971718611537584,3891.0
2024-08-28 16:00:00+00:00,1.0974617554108332,1.0981210921783195,1.0967062675370527,1.0970709900880389,3251.0
2024-08-28 20:00:00+00:00,1.0976444724221757,1.0983936697957095,1.0971176239630318,1.0973421501546934,3744.0
2024-08-29 00:00:00+00:00,1.0975799417473036,1.0986417284764447,1.096810803906198,1.0977492698644318,4572.0
2024-08-29 04:00:00+00:00,1.0979696412679507,1.098731338645907,1.0969163428198974,1.0973944298693326,5329.0
2024-08-29 08:00:00+00:00,1.097555646350931,1.0983341349666895,1.0966438845304562,1.0971089168598995,3378.0
2024-08-29 12:00:00+00:00,1.0974864039378405,1.0983312451733174,1.096780531134267,1.0969257349275892,4324.0
2024-08-29 16:00:00+00:00,1.0970478894132762,1.0978930170693164,1.0964280443059553,1.0971316269854745,3766.0
2024-08-29 20:00:00+00:00,1.0968352021793166,1.0976679837372176,1.0959057737417532,1.09656320235142,5257.0
2024-08-30 00:00:00+00:00,1.0966121070676906,1.097140789678429,1.095675593843482,1.0959335947300055,3769.0
2024-08-30 04:00:00+00:00,1.096466772317858,1.0977054705676563,1.095641267504368,1.09652166625373,4332.0
2024-08-30 08:00:00+00:00,1.096293514814584,1.0972566312151542,1.0956930190098817,1.0961416400957735,4592.0
2024-08-30 12:00:00+00:00,1.0968658262786026,1.0977456066146456,1.0960630671159663,1.0965863877664248,5197.0
2024-08-30 16:00:00+00:00,1.0966689244504728,1.0979363657181116,1.0957687483703389,1.095986023535482,4487.0
2024-08-30 20:00:00+00:00,1.0964124201875267,1.096672711586758,1.0948203990350134,1.09590596022023,4276.0
2024-08-31 00:00:00+00:00,1.095439200991046,1.0960912302478292,1.094473541895508,1.094562390475435,4650.0
2024-08-31 04:00:00+00:00,1.0950112647772106,1.0954470478225573,1.0938441417565867,1.094504621499062,4853.0
2024-08-31 08:00:00+00:00,1.0942732989705009,1.0949514415482209,1.093474015961721,1.094124002954108,4602.0
2024-08-31 12:00:00+00:00,1.0939926600589829,1.0947713779897636,1.0931088434865968,1.093330397602052,4352.0
2024-08-31 16:00:00+00:00,1.0938367416041113,1.0945925373013614,1.0932067236769034,1.0937908886991878,3798.0
2024-08-31 20:00:00+00:00,1.0938890009114275,1.094813427412421,1.0934433321826793,1.09429326153354,5632.0
2024-09-01 00:00:00+00:00,1.0937324482625883,1.0950146490558357,1.0933144045159633,1.094719520434845,4943.0
2024-09-01 04:00:00+00:00,1.0945926414762397,1.0951592749676495,1.09367397485778,1.094998493544975,5122.0
2024-09-01 08:00:00+00:00,1.095270988106774,1.0960258248570638,1.094891146327146,1.095787120829417,5267.0
2024-09-01 12:00:00+00:00,1.0951400619619571,1.095594051643967,1.0942835171498526,1.094747200434309,3425.0
2024-09-01 16:00:00+00:00,1.0952233338778892,1.096033437100789,1.094268098915736,1.0957381222492184,4350.0
2024-09-01 20:00:00+00:00,1.0951821519967608,1.095921616699582,1.0945450869986917,1.0955386242714646,4096.0
2024-09-02 00:00:00+00:00,1.095473649346239,1.0970811615903275,1.0950067665838514,1.096630896127076,5111.0
2024-09-02 04:00:00+00:00,1.0966376854917594,1.0972623960119736,1.0960779747912082,1.0964689296600991,3344.0
2024-09-02 08:00:00+00:00,1.0967209013767898,1.097494074729896,1.0961700286465288,1.0966081992844956,4753.0
2024-09-02 12:00:00+00:00,1.0966750748745455,1.0973920307368394,1.095703456728885,1.0966215920784097,4522.0
2024-09-02 16:00:00+00:00,1.096737742372045,1.0971698897436892,1.0960756186955662,1.096738467380262,4232.0
2024-09-02 20:00:00+00:00,1.0968004126849475,1.097231799812429,1.0962738097566376,1.096754551430109,4905.0
2024-09-03 00:00:00+00:00,1.0968959990317415,1.0971788119365524,1.0960989656954536,1.096488465842948,4111.0
2024-09-03 04:00:00+00:00,1.0965800799004433,1.0972977150757814,1.0959520089204535,1.09627862300772,3884.0
2024-09-03 08:00:00+00:00,1.0964035004229369,1.0973182855567591,1.0957881796377102,1.0969497862055748,4852.0
2024-09-03 12:00:00+00:00,1.0967994428899488,1.09713210907169,1.0956153638511903,1.0966916082655218,3841.0
2024-09-03 16:00:00+00:00,1.096657856272794,1.0971315309080598,1.0954830681155123,1.0970747261763478,3864.0
2024-09-03 20:00:00+00:00,1.09665697519531,1.0971513756423183,1.0957728572553924,1.096188405838897,4416.0
2024-09-04 00:00:00+00:00,1.0962676574398105,1.096940509623299,1.095754607168387,1.096746136628408,4473.0
2024-09-04 04:00:00+00:00,1.0965650784358232,1.0970278184453928,1.0959058026416313,1.09683606588279,4935.0
2024-09-04 08:00:00+00:00,1.0968097573298337,1.0971535580832286,1.095878318995723,1.0970200790732632,4282.0
2024-09-04 12:00:00+00:00,1.096886294693619,1.0978713211775133,1.096023774183814,1.0966509773460769,5562.0
2024-09-04 16:00:00+00:00,1.0966140327161948,1.097590888909739,1.0962658926634925,1.0969350034275618,5802.0
2024-09-04 20:00:00+00:00,1.0973675534556746,1.0980427915816433,1.0967886422404842,1.09792469130353,5051.0
2024-09-05 00:00:00+00:00,1.0974632385026262,1.0979819913180848,1.0968521264808155,1.0979795073911174,3705.0
2024-09-05 04:00:00+00:00,1.0972835453774654,1.0978299062857355,1.096204012905472,1.0974918635137945,4190.0
2024-09-05 08:00:00+00:00,1.097083660285607,1.0979808601761216,1.096526017063922,1.0973668146226951,4449.0
2024-09-05 12:00:00+00:00,1.0975557908228748,1.0981630394695716,1.096731727991024,1.0969453615932807,4577.0
2024-09-05 16:00:00+00:00,1.0971746973383565,1.0976978017687034,1.0967773768234688,1.0969423955877964,4713.0
2024-09-05 20:00:00+00:00,1.097062396922253,1.0979634300386385,1.096475074500912,1.0970844018616874,5005.0
2024-09-06 00:00:00+00:00,1.0969103653801469,1.0975206199406855,1.09589454473971,1.096525550326978,3914.0
2024-09-06 04:00:00+00:00,1.096133293240086,1.0965132792552688,1.095048202605962,1.0955998947750083,4113.0
2024-09-06 08:00:00+00:00,1.0955407250556723,1.0961828334478725,1.0948130660351756,1.0953231157340548,4236.0
2024-09-06 12:00:00+00:00,1.0952335953861665,1.0959575169147195,1.0946516491168783,1.0956702542509855,5509.0
2024-09-06 16:00:00+00:00,1.0954011670867652,1.0962032841754608,1.0950302225365751,1.0957907160745006,4312.0
2024-09-06 20:00:00+00:00,1.0958752023684932,1.0963769469179665,1.0951188079147218,1.0960287214469082,4599.0
2024-09-07 00:00:00+00:00,1.095887408969071,1.0968696319961395,1.0954558349215011,1.095990183280526,5137.0
2024-09-07 04:00:00+00:00,1.0956462255987869,1.096434403993286,1.0947038599093144,1.096183557449677,4137.0
2024-09-07 08:00:00+00:00,1.0957020806861602,1.096954606914426,1.0947886264223383,1.0966220739989163,4147.0
2024-09-07 12:00:00+00:00,1.0964501762316443,1.096916532443834,1.0955298989731217,1.096076980473753,3306.0
2024-09-07 16:00:00+00:00,1.0962889168709182,1.0967905857053522,1.0953448846954268,1.0953482974915576,4105.0
2024-09-07 20:00:00+00:00,1.0958007764626536,1.0968942241334874,1.0957406773119218,1.096545753249884,4348.0
2024-09-08 00:00:00+00:00,1.0961325129377884,1.096857652285229,1.0951844030975169,1.0960243041710638,3861.0
2024-09-08 04:00:00+00:00,1.0955522208630282,1.096160054453214,1.0948932965114515,1.095922819913596,3787.0
2024-09-08 08:00:00+00:00,1.0957499507738773,1.0968345174874448,1.094928121978357,1.096038081389315,3854.0
2024-09-08 12:00:00+00:00,1.0955959787972491,1.095981866577641,1.0950747670822183,1.0956272919066363,4558.0
2024-09-08 16:00:00+00:00,1.0953763732914994,1.0958077769636017,1.0945899679979276,1.0952079348497286,4697.0
2024-09-08 20:00:00+00:00,1.0950311376338768,1.0964175620297594,1.094350020505007,1.0962323854273457,3344.0
2024-09-09 00:00:00+00:00,1.095725367942122,1.0964058535431276,1.0951016880744744,1.0957169673596487,3647.0
2024-09-09 04:00:00+00:00,1.095924407886772,1.0966032631212594,1.094762251556895,1.0952832402560213,5363.0
2024-09-09 08:00:00+00:00,1.095359374073892,1.096493406049987,1.0946568304598518,1.0950443801536252,4443.0
2024-09-09 12:00:00+00:00,1.0958096689593395,1.0960870945870995,1.094776398279799,1.09580305989379,4882.0
2024-09-09 16:00:00+00:00,1.0957808608848922,1.0966527863541642,1.0951062342807736,1.0965126713264028,4080.0
2024-09-09 20:00:00+00:00,1.0961327402077874,1.0968721130689023,1.094890246640582,1.095492026174903,4509.0
2024-09-10 00:00:00+00:00,1.0950167109266606,1.095596058936386,1.094268959776319,1.095447298026451,4595.0
2024-09-10 04:00:00+00:00,1.0948686726391137,1.0957033198279298,1.09414486008417,1.0951865687113438,3874.0
2024-09-10 08:00:00+00:00,1.0952578747006574,1.0957068529738196,1.0941426542641646,1.0945847943111555,4353.0
2024-09-10 12:00:00+00:00,1.0953527007144093,1.0959847071878976,1.0945994034805728,1.0948585329881384,4172.0
2024-09-10 16:00:00+00:00,1.0948555120295158,1.095475325952606,1.0942307215873015,1.0943080131878025,5002.0
2024-09-10 20:00:00+00:00,1.0948792907384428,1.095233238276479,1.093698102791609,1.0939995285943385,5179.0
2024-09-11 00:00:00+00:00,1.094275724847556,1.0949187259110402,1.093909322718031,1.094167510017556,4625.0
2024-09-11 04:00:00+00:00,1.0942162099380353,1.0947863363877526,1.0936366254263123,1.0945738794572817,3903.0
2024-09-11 08:00:00+00:00,1.0943470135121218,1.0949084792126993,1.0934027338199497,1.094071726623456,4653.0
2024-09-11 12:00:00+00:00,1.0945138544008148,1.095265989851803,1.0940108041097925,1.0952208182986205,3635.0
2024-09-11 16:00:00+00:00,1.0950481694752363,1.0957128277608164,1.0941023966797512,1.0947303542950326,4514.0
2024-09-11 20:00:00+00:00,1.0951890093961951,1.0960500808975884,1.0944578523504056,1.095715613177486,4163.0
2024-09-12 00:00:00+00:00,1.0958407805831756,1.0969557313940532,1.095422548628581,1.096317627163538,3778.0
2024-09-12 04:00:00+00:00,1.0963825430255991,1.096655522418,1.095682523784837,1.0958616323107628,4658.0
2024-09-12 08:00:00+00:00,1.0958676449169489,1.096377514418496,1.095042626250002,1.0955700357086346,4462.0
2024-09-12 12:00:00+00:00,1.0956283299799296,1.0968790876512469,1.0954392982359042,1.0959539239047034,5195.0
2024-09-12 16:00:00+00:00,1.095802078326685,1.0971729525902931,1.095195566479857,1.096105558058428,4651.0
2024-09-12 20:00:00+00:00,1.0960953180449418,1.096913348681906,1.0951368834953783,1.0963156062380546,4709.0
2024-09-13 00:00:00+00:00,1.096261834785328,1.096820805501226,1.0951736199586122,1.0959907460265663,4160.0
2024-09-13 04:00:00+00:00,1.0959565583480988,1.0965068926465562,1.095356160108111,1.095723071291434,4336.0
2024-09-13 08:00:00+00:00,1.0960123678634794,1.0967747033233703,1.0948541197817836,1.0958782991256826,4173.0
2024-09-13 12:00:00+00:00,1.0956225094612078,1.0962558331249157,1.094717621990232,1.09545634275959,4440.0
2024-09-13 16:00:00+00:00,1.0955454926292651,1.0961279513658344,1.0942944274390138,1.0958993160203208,3518.0
2024-09-13 20:00:00+00:00,1.0956269906913485,1.0966342294480869,1.0949604323478634,1.0965767362367955,4015.0
2024-09-14 00:00:00+00:00,1.095808944757909,1.0965793639349497,1.0951090232578418,1.0961511329164642,3840.0
2024-09-14 04:00:00+00:00,1.095892698884675,1.096429067732698,1.095042619307508,1.095713009152206,4534.0
2024-09-14 08:00:00+00:00,1.096030619237372,1.096712418660569,1.095295405399986,1.095888267955213,4004.0
2024-09-14 12:00:00+00:00,1.0957035859817252,1.096820843236018,1.0952986755779954,1.0966530036143736,3861.0
2024-09-14 16:00:00+00:00,1.0966211121423914,1.0972416259916815,1.0960182547419206,1.0969782759466016,4821.0
2024-09-14 20:00:00+00:00,1.096503291384351,1.09765339918237,1.096056975787706,1.0969421327319877,4467.0
2024-09-15 00:00:00+00:00,1.0965627534084006,1.0968502357577132,1.095517140817622,1.0960280464973524,4738.0
2024-09-15 04:00:00+00:00,1.0961002480250717,1.0968119167814443,1.0950763125413752,1.0964986225284443,4877.0
2024-09-15 08:00:00+00:00,1.0960495282326177,1.097237195234236,1.0957338769973988,1.096807273287148,4113.0
2024-09-15 12:00:00+00:00,1.0967211011753186,1.0974152284713377,1.095594749923101,1.0971002380088255,4116.0
2024-09-15 16:00:00+00:00,1.09671882514882,1.0978811472572163,1.0963909106129155,1.0972078428963,4958.0
2024-09-15 20:00:00+00:00,1.0970953828934435,1.0980106637730471,1.0963516184198765,1.0974673984406391,5067.0
2024-09-16 00:00:00+00:00,1.0974596244017136,1.0982000017340818,1.0965750162037384,1.098094904394463,3503.0
2024-09-16 04:00:00+00:00,1.0975186318286017,1.0986835389998066,1.0973260890260357,1.0979161017813042,4050.0
2024-09-16 08:00:00+00:00,1.097593590461515,1.0982046537621657,1.0962006706964664,1.097501216386903,5148.0
2024-09-16 12:00:00+00:00,1.0972128447566327,1.0984919592695424,1.0967945514100903,1.0976132216847276,3781.0
2024-09-16 16:00:00+00:00,1.0974213629844238,1.098173757603637,1.0965369451896916,1.0969099686380237,4034.0
2024-09-16 20:00:00+00:00,1.0970660781566708,1.0978330273730277,1.0966631164960403,1.0970577913548762,4466.0
2024-09-17 00:00:00+00:00,1.097371648661257,1.0978938652218715,1.0964940106460426,1.09719626664958,3960.0
2024-09-17 04:00:00+00:00,1.0972471284639205,1.0976794979535616,1.096342350965967,1.096988835685293,4570.0
2024-09-17 08:00:00+00:00,1.097282201415602,1.0979571960340138,1.0963880371494543,1.0967333012002438,3734.0
2024-09-17 12:00:00+00:00,1.0968023566092004,1.0978067647623415,1.0961256454625257,1.097194626283126,4700.0
2024-09-17 16:00:00+00:00,1.0971740376104353,1.0978669122376192,1.0966373346435272,1.0975867191899162,4038.0
2024-09-17 20:00:00+00:00,1.096979810669931,1.0973712283910166,1.096052221309383,1.0970066269620615,4597.0
2024-09-18 00:00:00+00:00,1.0967005211654373,1.0975927548732085,1.0954134923445955,1.0965566842068897,3892.0
2024-09-18 04:00:00+00:00,1.0965168569200072,1.0971152221038445,1.095071630715824,1.0962626712237873,3775.0
2024-09-18 08:00:00+00:00,1.095830313043444,1.0966007490976573,1.0951906095584314,1.0957799514786732,3624.0
2024-09-18 12:00:00+00:00,1.096162759814855,1.0966635751316505,1.0950394275659356,1.096145049481981,4234.0
2024-09-18 16:00:00+00:00,1.0959523912508122,1.0966412489107098,1.0950838787454638,1.09629138601015,4271.0
2024-09-18 20:00:00+00:00,1.0962512127769413,1.0966245871414015,1.0948181455095083,1.0953045329624034,4542.0
2024-09-19 00:00:00+00:00,1.0954389881701942,1.0964409808903637,1.0948652657483915,1.096255546991666,5795.0
2024-09-19 04:00:00+00:00,1.0961129136213592,1.0972147758510111,1.09523713873926,1.0959351842958336,4188.0
2024-09-19 08:00:00+00:00,1.0959203034650324,1.096836188933865,1.0955172919209148,1.096115079575531,4651.0
2024-09-19 12:00:00+00:00,1.0960009695450497,1.0973099271730884,1.0949868696441434,1.0957628023493702,4590.0
2024-09-19 16:00:00+00:00,1.0965440783789893,1.0977950710644406,1.096042404213549,1.0972392976493408,3884.0
2024-09-19 20:00:00+00:00,1.0969495683355204,1.098591756925625,1.0964816704237308,1.0979943970415178,5223.0
2024-09-20 00:00:00+00:00,1.0977718598816968,1.098467963372633,1.0970385142262162,1.09812693213328,3781.0
2024-09-20 04:00:00+00:00,1.0978519390424002,1.0985216908690547,1.0966392521429027,1.098133609770637,5175.0
2024-09-20 08:00:00+00:00,1.097740045540098,1.0983453101088816,1.096929150171753,1.0975688062148792,4113.0
2024-09-20 12:00:00+00:00,1.0976873994658742,1.0988138089029806,1.096866137517317,1.0970481042844251,3709.0
2024-09-20 16:00:00+00:00,1.0977498714635363,1.0983176471639575,1.0972169630645228,1.0980616481615,4685.0
2024-09-20 20:00:00+00:00,1.097856403090519,1.098681614469304,1.096868823148988,1.097990924486561,5883.0
2024-09-21 00:00:00+00:00,1.098203042207277,1.099267882411061,1.097179963820896,1.0987542852419112,4787.0
2024-09-21 04:00:00+00:00,1.0983993186769712,1.0990199580214586,1.097166003887959,1.097255598851489,4409.0
2024-09-21 08:00:00+00:00,1.0977815436369722,1.098548020721376,1.0967045815466068,1.0982103912559265,5127.0
2024-09-21 12:00:00+00:00,1.0980815825182209,1.099223920174088,1.0974653999591215,1.0985627481764069,4470.0
2024-09-21 16:00:00+00:00,1.0982404712855542,1.0993969685667906,1.0975013379666594,1.0984316704146997,4983.0
2024-09-21 20:00:00+00:00,1.0985481199900589,1.100113545799955,1.098082477780041,1.0999958843108342,4012.0
2024-09-22 00:00:00+00:00,1.0990015941815858,1.1002507664194936,1.098627016650346,1.0995179966866817,3285.0
2024-09-22 04:00:00+00:00,1.0991809462026312,1.1004140927701684,1.097947711823414,1.0996292858555925,5723.0
2024-09-22 08:00:00+00:00,1.1000623085033363,1.10100176203035,1.0993512890947303,1.1007515413207858,4323.0
2024-09-22 12:00:00+00:00,1.1005492687329763,1.101225553066173,1.0993346783730535,1.099431566389819,4425.0
2024-09-22 16:00:00+00:00,1.0999193534144538,1.1013610274311032,1.0994730906253536,1.1002285912421532,4612.0
2024-09-22 20:00:00+00:00,1.0999539591375858,1.100621649604491,1.0990909550711596,1.0994954900133964,4872.0
2024-09-23 00:00:00+00:00,1.0994687378253296,1.100569236056499,1.0983090612339077,1.100149513452573,4279.0
2024-09-23 04:00:00+00:00,1.0997336296574023,1.1004855509440017,1.098963778065565,1.0996063152694555,4960.0
2024-09-23 08:00:00+00:00,1.0998658425895211,1.1003566314463686,1.0986412932140044,1.0991272129930705,4373.0
2024-09-23 12:00:00+00:00,1.098996056776742,1.100325443259818,1.097706500059041,1.1001281568792949,3969.0
2024-09-23 16:00:00+00:00,1.0987869590930412,1.0999334162500416,1.0978018897571804,1.0983340941720985,3765.0
2024-09-23 20:00:00+00:00,1.0985613964245933,1.0998722218246253,1.0975262751089354,1.0988424127716978,4506.0
2024-09-24 00:00:00+00:00,1.0985160030372376,1.0999838016896788,1.098177315350905,1.099214387383683,4572.0
2024-09-24 04:00:00+00:00,1.0992538955533528,1.1000102757236956,1.0983255869760469,1.0990332284232296,4060.0
2024-09-24 08:00:00+00:00,1.0993891502125184,1.1009126165521623,1.0988144591257802,1.09941613365754,4119.0
2024-09-24 12:00:00+00:00,1.0993740663541738,1.100448274471686,1.0985061663437488,1.0993766224519037,5252.0
2024-09-24 16:00:00+00:00,1.0992887321714166,1.0998885004087915,1.0983602382451554,1.0994227393094314,5407.0
2024-09-24 20:00:00+00:00,1.0993275641314824,1.100673730065534,1.0986009027880144,1.0996940874172298,4323.0
2024-09-25 00:00:00+00:00,1.0994798997708386,1.1006361203031854,1.0980143604798251,1.098799182682508,4295.0
2024-09-25 04:00:00+00:00,1.099280307712487,1.10041243098983,1.0982401429062434,1.0997119095111212,4408.0
2024-09-25 08:00:00+00:00,1.099299398604763,1.1012556508212503,1.0986530687755238,1.100843752718476,5154.0
2024-09-25 12:00:00+00:00,1.1002991373313624,1.102115713794248,1.099173972046499,1.100337427185368,4532.0
2024-09-25 16:00:00+00:00,1.100397160216546,1.1016156498201088,1.0993551891173203,1.1010220436223233,3936.0
2024-09-25 20:00:00+00:00,1.1010050296140337,1.1017784486094853,1.1000135518611338,1.1002922044673458,4214.0
2024-09-26 00:00:00+00:00,1.1008971167581392,1.1024432385820535,1.100381257754334,1.1010120711911908,5107.0
2024-09-26 04:00:00+00:00,1.1014203101746145,1.1022893395635012,1.0999830317647905,1.1001310558930888,4453.0
2024-09-26 08:00:00+00:00,1.101162747840864,1.1019496427670032,1.100266721962071,1.1013734111857847,4959.0
2024-09-26 12:00:00+00:00,1.1014315592585004,1.102896371738185,1.1006949716063976,1.1020908920497436,4348.0
2024-09-26 16:00:00+00:00,1.1014773902651342,1.1023085529254326,1.100383302293071,1.1011421886075097,4498.0
2024-09-26 20:00:00+00:00,1.1010738665693738,1.102112244526407,1.1001631552254532,1.1015383302406343,4935.0
2024-09-27 00:00:00+00:00,1.101311865234623,1.1020321781281035,1.1002921026483092,1.101602262750223,3791.0
2024-09-27 04:00:00+00:00,1.1009911954312102,1.102084151917904,1.1002441332634378,1.100837203836092,4270.0
2024-09-27 08:00:00+00:00,1.100947364342843,1.1022060681235064,1.1002544219602173,1.1014795620568885,4416.0
2024-09-27 12:00:00+00:00,1.1012423072272022,1.1028299773966517,1.1009314173136715,1.102310338588599,4200.0
2024-09-27 16:00:00+00:00,1.1016409518978825,1.103019029339139,1.1008135634504013,1.1016938645413803,3714.0
2024-09-27 20:00:00+00:00,1.101455655167145,1.102484824389299,1.1008118491158625,1.101997147084396,4475.0
2024-09-28 00:00:00+00:00,1.1017081615314794,1.10332166306933,1.1004652762090006,1.1025621230278049,4321.0
2024-09-28 04:00:00+00:00,1.102202904553932,1.1030936104554256,1.1010022210522417,1.102929795968544,4216.0
2024-09-28 08:00:00+00:00,1.10240703762684,1.1030104291566063,1.1006110137475869,1.1009666553295978,4537.0
2024-09-28 12:00:00+00:00,1.102114051764291,1.1031263463233263,1.1008633964030097,1.102310506741681,5329.0
2024-09-28 16:00:00+00:00,1.1022759445249923,1.1033406163614856,1.101094632672662,1.102875243402794,3685.0
2024-09-28 20:00:00+00:00,1.1024970909620402,1.103717457748213,1.101614219361918,1.1024923309362404,3702.0
2024-09-29 00:00:00+00:00,1.1026637433723736,1.1029688523550365,1.1014091408076887,1.10152997696028,3520.0
2024-09-29 04:00:00+00:00,1.1021779948540646,1.103934960557258,1.1015124601371036,1.1023222750802055,5280.0
2024-09-29 08:00:00+00:00,1.103011880152395,1.1040560743153716,1.1016933070385042,1.103141109220797,3513.0
2024-09-29 12:00:00+00:00,1.1033418110074826,1.1047596504013493,1.102587396948126,1.1036408815190857,4429.0
2024-09-29 16:00:00+00:00,1.1037620936004364,1.1053096926506136,1.1029035300355603,1.1040307833496863,4168.0
2024-09-29 20:00:00+00:00,1.1039713316225976,1.1053837974404133,1.102822866125592,1.104315259788932,4772.0
2024-09-30 00:00:00+00:00,1.1040519651427538,1.1049732638846197,1.102969920364718,1.104905622587717,3897.0
2024-09-30 04:00:00+00:00,1.1043278904344238,1.105438256038532,1.1033882291891055,1.1045117258351895,3521.0
2024-09-30 08:00:00+00:00,1.10451985630677,1.1066487324042609,1.1040894028853354,1.1052401419399411,4388.0
2024-09-30 12:00:00+00:00,1.1048374725558507,1.1058096207870551,1.1038537421456396,1.1050599738644709,3755.0
2024-09-30 16:00:00+00:00,1.104564219160209,1.1057783650670534,1.1034535911175378,1.1042860687984486,4181.0
2024-09-30 20:00:00+00:00,1.104617668216076,1.1056528091162374,1.1036673431852226,1.104630865683749,4945.0
2024-10-01 00:00:00+00:00,1.1045374011244908,1.1054938339465816,1.1037379400781009,1.104930141259702,4936.0
2024-10-01 04:00:00+00:00,1.1046205890513798,1.1052657576295597,1.1027330283842849,1.1029960054775834,3374.0
2024-10-01 08:00:00+00:00,1.1039708042219962,1.1050438769052944,1.102241334908064,1.1036439240917002,4273.0
2024-10-01 12:00:00+00:00,1.1035008091615577,1.1050633558799918,1.1030118999427605,1.1038408486173878,4496.0
2024-10-01 16:00:00+00:00,1.1037402979679865,1.1048887599507815,1.1024287499293888,1.1025928435852423,4222.0
2024-10-01 20:00:00+00:00,1.1034344411129011,1.10430829083591,1.102416545456517,1.103063656082942,4126.0
2024-10-02 00:00:00+00:00,1.1033462825266782,1.104926847608564,1.1023709490101814,1.103703241965717,4348.0
2024-10-02 04:00:00+00:00,1.103751715292972,1.1048903411323234,1.102854036259539,1.1037749892262303,5057.0
2024-10-02 08:00:00+00:00,1.1036608713296727,1.1055658384607818,1.1020981079146293,1.1051358790307018,4418.0
2024-10-02 12:00:00+00:00,1.1040005174104797,1.106015504537535,1.102700837668171,1.1051354832509814,3769.0
2024-10-02 16:00:00+00:00,1.1046169117713258,1.1066318170478353,1.103495617670307,1.1048058820627815,5590.0
2024-10-02 20:00:00+00:00,1.1047933068925035,1.105554519829969,1.1036148406294604,1.1046568330847004,4111.0
2024-10-03 00:00:00+00:00,1.1044743792174343,1.105702916875101,1.1033972285471505,1.10464159262427,3881.0
2024-10-03 04:00:00+00:00,1.104793302654177,1.1058286891023874,1.1035389307803956,1.104795676195779,4019.0
2024-10-03 08:00:00+00:00,1.1043667171719953,1.1052469245029315,1.1031939995141335,1.1040763278259142,5012.0
2024-10-03 12:00:00+00:00,1.1044013691160457,1.1058363887000475,1.1033527794060944,1.1054555235648076,4188.0
2024-10-03 16:00:00+00:00,1.105184493765764,1.1061219899072208,1.1043305198938018,1.1048681600749444,4113.0
2024-10-03 20:00:00+00:00,1.1052486942240316,1.107280959562134,1.1046326909730106,1.106402273043526,4776.0
2024-10-04 00:00:00+00:00,1.1061256785609066,1.1074735916013607,1.1048636208531175,1.1054689461373008,4177.0
2024-10-04 04:00:00+00:00,1.106448275390744,1.107703836601628,1.1053011708300062,1.1058985078692152,4051.0
2024-10-04 08:00:00+00:00,1.106477939540284,1.1075316066407304,1.1050834800412253,1.106177419168398,4414.0
2024-10-04 12:00:00+00:00,1.106851960103855,1.1082761444602682,1.105510421186641,1.1074490284917382,4850.0
2024-10-04 16:00:00+00:00,1.1067174382199565,1.1075939942095594,1.1053457579114858,1.1055891009088832,4958.0
2024-10-04 20:00:00+00:00,1.1065117050603177,1.107001190046792,1.1051989136075762,1.1060474239734597,4718.0
2024-10-05 00:00:00+00:00,1.1063004127411054,1.1072245983491895,1.1045461609405176,1.107083685102619,4027.0
2024-10-05 04:00:00+00:00,1.105841232694116,1.107130564951087,1.10443455515919,1.1056090417148152,4139.0
2024-10-05 08:00:00+00:00,1.1054670421821609,1.10617319444987,1.104400173208263,1.1055186683284854,4910.0
2024-10-05 12:00:00+00:00,1.105138053944945,1.106729492632495,1.1039227627904928,1.1052327498363193,4563.0
2024-10-05 16:00:00+00:00,1.105232587694038,1.105946019561508,1.1034984864670647,1.104559838078441,4139.0
2024-10-05 20:00:00+00:00,1.105085846252739,1.106156804831078,1.1034756443879652,1.1055309936765392,5452.0
2024-10-06 00:00:00+00:00,1.1056142791051098,1.1066340208650245,1.104029997889361,1.105305394529452,4341.0
2024-10-06 04:00:00+00:00,1.104904866592878,1.1070601160650642,1.10430377829502,1.1049044930665832,5046.0
2024-10-06 08:00:00+00:00,1.1054081449150055,1.1063319517842416,1.1046947310534247,1.105752487000625,4295.0
2024-10-06 12:00:00+00:00,1.1056767166284929,1.1071981014179155,1.1042248540760988,1.105763843935846,4161.0
2024-10-06 16:00:00+00:00,1.1055000243606028,1.106415864412738,1.1045067507672843,1.1048970563112182,4812.0
2024-10-06 20:00:00+00:00,1.1056708356109224,1.1077171198525773,1.1047107977572104,1.1052796288267692,4845.0
2024-10-07 00:00:00+00:00,1.1057216622544477,1.1073685047842727,1.1050679274972497,1.106024380239368,4762.0
2024-10-07 04:00:00+00:00,1.1059948017615844,1.1077439433231748,1.1045633384006956,1.106915222041501,4316.0
2024-10-07 08:00:00+00:00,1.1057092407289746,1.106850548190643,1.1040679041757528,1.1042754267120365,4187.0
2024-10-07 12:00:00+00:00,1.1055778950335202,1.107234262426977,1.1045795638628275,1.1053689652960774,4989.0
2024-10-07 16:00:00+00:00,1.1055847736056568,1.1066780978453492,1.104347969539476,1.1051756360213552,4778.0
2024-10-07 20:00:00+00:00,1.105609925306709,1.1070938927182186,1.1045561878634316,1.106406045132436,2813.0
2024-10-08 00:00:00+00:00,1.1060568083675597,1.1075444540354036,1.1053791781501257,1.1069197370116008,4789.0
2024-10-08 04:00:00+00:00,1.1062689138286166,1.1078209641071386,1.1048126913622955,1.1061173310865888,4838.0
2024-10-08 08:00:00+00:00,1.1065261704156863,1.107775963698696,1.1045868734701674,1.1065899954354852,4557.0
2024-10-08 12:00:00+00:00,1.1066122922432209,1.10818879216264,1.1056290314352415,1.106920921833172,3968.0
2024-10-08 16:00:00+00:00,1.1069383764037186,1.1077457714232497,1.10432529052256,1.106805401657168,4213.0
2024-10-08 20:00:00+00:00,1.1062513075097442,1.1080835441590369,1.1045203911138437,1.1058636829926776,5163.0
2024-10-09 00:00:00+00:00,1.1060766395009676,1.107458956005518,1.103861544781196,1.106428883685049,4705.0
2024-10-09 04:00:00+00:00,1.1060752002834706,1.1075979693785496,1.1042166922916663,1.1073094487202813,4007.0
2024-10-09 08:00:00+00:00,1.1064808141006308,1.107080244286731,1.1050904837817503,1.105848555613642,4458.0
2024-10-09 12:00:00+00:00,1.1062946208996964,1.1076390965327785,1.1055428717964737,1.1059105876812525,3685.0
2024-10-09 16:00:00+00:00,1.1068579373102232,1.1081635321530354,1.1054379157916532,1.1068460101149946,4285.0
2024-10-09 20:00:00+00:00,1.106965768935763,1.1081250248870342,1.1054074704529442,1.106491150461507,5230.0
2024-10-10 00:00:00+00:00,1.1067604176383947,1.1083413106418645,1.1057046919349889,1.107050219173079,5649.0
2024-10-10 04:00:00+00:00,1.106739467617093,1.1076900751074372,1.1051420006245225,1.1061388886019596,4348.0
2024-10-10 08:00:00+00:00,1.106423812410501,1.1078004719887848,1.1048712273223642,1.1057009870544612,4526.0
2024-10-10 12:00:00+00:00,1.106477185468121,1.1081204032684957,1.1052447619182104,1.1072931440164642,4647.0
2024-10-10 16:00:00+00:00,1.1062764151795312,1.1073226504428952,1.104960371981608,1.1055792930863346,3016.0
2024-10-10 20:00:00+00:00,1.1059069205850545,1.1071609247179228,1.104135886801649,1.1062555187366314,5491.0
2024-10-11 00:00:00+00:00,1.1060422759016704,1.1073917000282472,1.1045600568608829,1.1069603344484775,3991.0
2024-10-11 04:00:00+00:00,1.1060902914965265,1.1076770420146629,1.104832022515263,1.1067996716635018,4394.0
2024-10-11 08:00:00+00:00,1.1060850995455456,1.107629079144784,1.1037286363017644,1.105573114587043,4490.0
2024-10-11 12:00:00+00:00,1.105679686749618,1.1066981765971236,1.104485960195324,1.105361381263446,3888.0
2024-10-11 16:00:00+00:00,1.1054910777364018,1.1067701833465802,1.1046629699281874,1.1058724045731114,4265.0
2024-10-11 20:00:00+00:00,1.105723115100517,1.1072480038724233,1.1041985540540609,1.1053024655971493,4403.0
2024-10-12 00:00:00+00:00,1.1058797084156855,1.1069698712246103,1.1049981651629477,1.106643457954274,3985.0
2024-10-12 04:00:00+00:00,1.1061769964805563,1.1081736914898053,1.104976166323971,1.1070916941973288,3790.0
2024-10-12 08:00:00+00:00,1.1068267952199735,1.1085519422779742,1.1050048603642812,1.1064644144121063,4545.0
2024-10-12 12:00:00+00:00,1.1066851046074295,1.1082641923726644,1.1056896048144085,1.1065259053984378,5124.0
2024-10-12 16:00:00+00:00,1.1066455017499055,1.109432744034133,1.1051942785706448,1.1060461761147804,3472.0
2024-10-12 20:00:00+00:00,1.1067591749818837,1.1088426108217326,1.105145239416432,1.1075774202290607,4248.0
2024-10-13 00:00:00+00:00,1.1066159450297228,1.1078420208357815,1.1050560146565278,1.1063431857096797,4458.0
2024-10-13 04:00:00+00:00,1.1063366089645643,1.1077870532349905,1.1048417489361195,1.105124745898855,4094.0
2024-10-13 08:00:00+00:00,1.1063428961957826,1.109555520974887,1.1057321289623363,1.1068561622280018,5302.0
2024-10-13 12:00:00+00:00,1.1071717516992825,1.1080349975214256,1.1058124512469882,1.1075968543425607,5231.0
2024-10-13 16:00:00+00:00,1.1071329692728449,1.108253765600455,1.104706510026891,1.1074509609880752,4677.0
2024-10-13 20:00:00+00:00,1.106746208845643,1.10815432078538,1.1050378397462333,1.1068633481073298,4683.0
2024-10-14 00:00:00+00:00,1.1067816520262763,1.108466242244411,1.1047984570826854,1.107546585226659,4720.0
2024-10-14 04:00:00+00:00,1.1066648501881178,1.108152641128855,1.105215323225194,1.107238399391873,4713.0
2024-10-14 08:00:00+00:00,1.1066041219111264,1.107937937303892,1.1049779842898713,1.1058747940330196,4533.0
2024-10-14 12:00:00+00:00,1.1064052123159545,1.1073576015742796,1.1039282281865035,1.1057206900867074,4015.0
2024-10-14 16:00:00+00:00,1.105604577148443,1.107067662017654,1.1038383983372249,1.105821098571254,5042.0
2024-10-14 20:00:00+00:00,1.105112395949846,1.106388998067013,1.1032253900356304,1.1051416992896372,4191.0
2024-10-15 00:00:00+00:00,1.105244564278857,1.1072406813096332,1.1043497162722429,1.1067722087341512,4918.0
2024-10-15 04:00:00+00:00,1.1058489626529286,1.1075282977922047,1.10450639116004,1.1067995824872698,5140.0
2024-10-15 08:00:00+00:00,1.1064325617143742,1.1075414539183648,1.1047560584817215,1.1060084626897644,4495.0
2024-10-15 12:00:00+00:00,1.1062489988161737,1.107628599269889,1.1041424073279262,1.107174613832023,3367.0
2024-10-15 16:00:00+00:00,1.1060356029645009,1.107489303726611,1.104639729338582,1.1057055799779476,4373.0
2024-10-15 20:00:00+00:00,1.106098887231873,1.1084726797654414,1.1045517898974089,1.106540294357812,3777.0
2024-10-16 00:00:00+00:00,1.1064266071085649,1.1080630077476623,1.1055249427419125,1.1074909250085996,5195.0
2024-10-16 04:00:00+00:00,1.1068633111003965,1.1077848531368115,1.105290480245413,1.1065152177846136,4551.0
2024-10-16 08:00:00+00:00,1.106756827216938,1.1085631466360537,1.1045989940243288,1.107912156834432,4529.0
2024-10-16 12:00:00+00:00,1.1070792841513677,1.1083997622292705,1.1058087425606045,1.1077634894797077,4735.0
2024-10-16 16:00:00+00:00,1.1073445624198373,1.1090302324554315,1.1059593493738904,1.107064864108443,3747.0
2024-10-16 20:00:00+00:00,1.107107739075215,1.1084579674526465,1.1055014643681584,1.106349978412798,4579.0
2024-10-17 00:00:00+00:00,1.10684239290671,1.1083178735990258,1.105779731197918,1.1067078682994989,4478.0
2024-10-17 04:00:00+00:00,1.1073707178945331,1.1088462080092614,1.1058510275223117,1.1064846110810462,4633.0
2024-10-17 08:00:00+00:00,1.1072915001817996,1.1094210305732195,1.105725427004176,1.107619189433789,5145.0
2024-10-17 12:00:00+00:00,1.1075512525695432,1.1096069553271033,1.105670564535821,1.1076646974541324,4454.0
2024-10-17 16:00:00+00:00,1.1078292103469327,1.1089793540554314,1.1059589799273144,1.1073451405558847,4549.0
2024-10-17 20:00:00+00:00,1.1076758843461303,1.1096468720192167,1.1063955401830952,1.10846802132149,4208.0
2024-10-18 00:00:00+00:00,1.1076566222258324,1.1091937261326872,1.1063311960565283,1.1080875518220965,3988.0
2024-10-18 04:00:00+00:00,1.1080741624445167,1.109693348118698,1.1053308238151438,1.1084313386046571,3178.0
2024-10-18 08:00:00+00:00,1.1074679192936747,1.1093706088940378,1.1064640253605542,1.108099518512763,4044.0
2024-10-18 12:00:00+00:00,1.1077149582307282,1.108366895982224,1.1058204833185086,1.106905272431538,3879.0
2024-10-18 16:00:00+00:00,1.1075570468099645,1.1091712048583386,1.1059015651686646,1.1080913655228894,3873.0
2024-10-18 20:00:00+00:00,1.1070373022372622,1.1082411921969264,1.1049892949530953,1.107217939414535,5223.0
2024-10-19 00:00:00+00:00,1.106832694902808,1.1087423865466557,1.1056407375027026,1.1071454473771791,4606.0
2024-10-19 04:00:00+00:00,1.106920198932733,1.1081829191491332,1.1049421195354996,1.1077334740116505,4472.0
2024-10-19 08:00:00+00:00,1.1066642908657751,1.1084679623789022,1.1057296992920551,1.1068874496145946,3771.0
2024-10-19 12:00:00+00:00,1.106910095603182,1.1083057635004585,1.105878948335853,1.107231297251714,3779.0
2024-10-19 16:00:00+00:00,1.1073521521723972,1.1087795434455707,1.105634653623002,1.1083507183049912,3670.0
2024-10-19 20:00:00+00:00,1.107347690573049,1.1092683213562131,1.1053719932823272,1.1078475743812566,4926.0
2024-10-20 00:00:00+00:00,1.1074041615212675,1.1091118547540364,1.1058396783548532,1.107291210743663,4251.0
2024-10-20 04:00:00+00:00,1.1075738379082878,1.108944840343604,1.1056494135868302,1.1070025208682936,4917.0
2024-10-20 08:00:00+00:00,1.1071591561333944,1.1085647569768644,1.1058087688051776,1.1081860433431945,4674.0
2024-10-20 12:00:00+00:00,1.107594857316203,1.1089125615630635,1.1062077256833422,1.108228555787183,4981.0
2024-10-20 16:00:00+00:00,1.1074570308266998,1.1093095953861178,1.104430593339341,1.1048028020731604,3891.0
2024-10-20 20:00:00+00:00,1.1062765014353009,1.1072170274699935,1.1045079614019149,1.1060871423455314,3905.0
2024-10-21 00:00:00+00:00,1.1057854891732444,1.107047395960324,1.1037090013225574,1.105581682934422,4681.0
2024-10-21 04:00:00+00:00,1.1060333428952844,1.1083277538591272,1.104986147915546,1.1069670813737846,5400.0
2024-10-21 08:00:00+00:00,1.1067404747263103,1.1082481867846656,1.1051557200875497,1.1077582322725126,4094.0
2024-10-21 12:00:00+00:00,1.1066184537023582,1.1092134089714716,1.1052592196519568,1.1068812711883584,3868.0
2024-10-21 16:00:00+00:00,1.1065963231467209,1.1079681162215018,1.1046546530759596,1.1064955282116185,4415.0
2024-10-21 20:00:00+00:00,1.106459317102256,1.1081532402430854,1.104455351696884,1.1066083057798966,3711.0
2024-10-22 00:00:00+00:00,1.1062744251471452,1.1072578258289287,1.1045653391278365,1.107214276097256,4191.0
2024-10-22 04:00:00+00:00,1.1057812109971106,1.1072892911642906,1.104824039276113,1.1057820123257494,3765.0
2024-10-22 08:00:00+00:00,1.105993163244008,1.1084581407781238,1.1047159011114007,1.1073826534343765,3573.0
2024-10-22 12:00:00+00:00,1.1061120581005404,1.1065589658951165,1.1037259260286345,1.1048374056792951,4122.0
2024-10-22 16:00:00+00:00,1.1052719011487808,1.1069169484482153,1.104027213521355,1.1053769976352126,4235.0
2024-10-22 20:00:00+00:00,1.104936076692966,1.1057541321007878,1.1031168563848468,1.1037231270880186,4217.0
2024-10-23 00:00:00+00:00,1.1046716260720009,1.10655583076261,1.103940638280121,1.1058452419254996,4019.0
2024-10-23 04:00:00+00:00,1.104626077117094,1.1064350011027555,1.1032136517327906,1.1039396557239822,4353.0
2024-10-23 08:00:00+00:00,1.1048360351935225,1.1061510253223352,1.103065861006348,1.103908267797567,4406.0
2024-10-23 12:00:00+00:00,1.1051930978643034,1.1076444415380813,1.10433177184462,1.106344015936933,4246.0
2024-10-23 16:00:00+00:00,1.1053638617069126,1.1065888967552422,1.1036647874602357,1.1054458416607011,4839.0
2024-10-23 20:00:00+00:00,1.1053996767160084,1.108227441054687,1.1032726624362068,1.1057515354049678,4258.0
2024-10-24 00:00:00+00:00,1.105212590702466,1.1074034884321702,1.1028181213028765,1.105787845209477,4982.0
2024-10-24 04:00:00+00:00,1.1055408519968777,1.1071224962380772,1.103540313899872,1.1051131889044383,3753.0
2024-10-24 08:00:00+00:00,1.1052397613486644,1.1073543644036508,1.103854029801233,1.1055063672208594,4874.0
2024-10-24 12:00:00+00:00,1.1052492223905244,1.1067707845658157,1.1037666264775507,1.1062302226240266,4983.0
2024-10-24 16:00:00+00:00,1.1054066232997648,1.1066540533776754,1.1032725420561733,1.1058001171664549,4735.0
2024-10-24 20:00:00+00:00,1.1054074087337251,1.1073947169575509,1.1036379887909047,1.106692792858767,4772.0
2024-10-25 00:00:00+00:00,1.1053909382109577,1.1063623304494474,1.104178515356942,1.105015275651053,4456.0
2024-10-25 04:00:00+00:00,1.1052447866550672,1.1067120815408185,1.1041214147889695,1.106338416576712,4099.0
2024-10-25 08:00:00+00:00,1.105520223893951,1.1069370669967638,1.10328467418012,1.1045708263878735,4324.0
2024-10-25 12:00:00+00:00,1.1053530030852206,1.107012274243037,1.104234410407762,1.10509157335616,5003.0
2024-10-25 16:00:00+00:00,1.1053975421771478,1.106731419776128,1.1032355552713164,1.1056158210149911,4704.0
2024-10-25 20:00:00+00:00,1.106042817612633,1.107708997963611,1.1042183324766102,1.1059274748835684,4648.0
2024-10-26 00:00:00+00:00,1.1060050574925402,1.106795529700481,1.1044767435545098,1.1064052587023492,4738.0
2024-10-26 04:00:00+00:00,1.1062837819847695,1.108153607212651,1.1043787399131713,1.1061753690357472,4229.0
2024-10-26 08:00:00+00:00,1.105787920981979,1.10774170000738,1.1038683692831572,1.1071344367652538,4790.0
2024-10-26 12:00:00+00:00,1.1069524642419035,1.1084776352043535,1.1049513095816863,1.1068060086446785,3563.0
2024-10-26 16:00:00+00:00,1.1067757464164831,1.1079297052788917,1.1050463263550625,1.105061031882593,4943.0
2024-10-26 20:00:00+00:00,1.1057764591779484,1.1071744818450084,1.1043803836363495,1.1069811770765867,5117.0
2024-10-27 00:00:00+00:00,1.1060541208053811,1.107458022473793,1.1049225317390334,1.105351672235918,3636.0
2024-10-27 04:00:00+00:00,1.1062906357848792,1.1074274588805253,1.1047599888655912,1.1072538526042368,4250.0
2024-10-27 08:00:00+00:00,1.107151464420148,1.1077962910028154,1.1052370915785636,1.106317422033098,4551.0
2024-10-27 12:00:00+00:00,1.1066892725824262,1.1085481443250078,1.105286385665163,1.107501787103755,5117.0
2024-10-27 16:00:00+00:00,1.1067693788809128,1.1088842988183714,1.105114037909401,1.1057210261941424,3656.0
2024-10-27 20:00:00+00:00,1.1062094626999277,1.1070913494675445,1.10455011701928,1.1047786846906646,4008.0
2024-10-28 00:00:00+00:00,1.1060515910228057,1.1070706846623326,1.1039658269091168,1.1050552161571652,4005.0
2024-10-28 04:00:00+00:00,1.1053586553293266,1.1068512982921286,1.103655530159972,1.104025630556141,5721.0
2024-10-28 08:00:00+00:00,1.1052831401103007,1.106724197890663,1.1038181704222334,1.1064706211711344,4865.0
2024-10-28 12:00:00+00:00,1.105474603522293,1.1080751481767446,1.1040693753259996,1.104696904035802,4386.0
2024-10-28 16:00:00+00:00,1.1049543872407754,1.106103589436031,1.1035438070399894,1.104605067180079,4799.0
2024-10-28 20:00:00+00:00,1.1056177687696285,1.10704705321891,1.1047548523515356,1.10638087561295,4890.0
2024-10-29 00:00:00+00:00,1.1062637784132126,1.1076221862506566,1.1036221957260128,1.1072678834070144,3753.0
2024-10-29 04:00:00+00:00,1.1058794984686906,1.1077981129153072,1.104655815879653,1.10610655683142,4664.0
2024-10-29 08:00:00+00:00,1.1066157926216171,1.1078679843572723,1.105842581781448,1.1065854524217578,3714.0
2024-10-29 12:00:00+00:00,1.1067119351057173,1.1085419962377585,1.1056857055215787,1.1060921355329547,4343.0
2024-10-29 16:00:00+00:00,1.1068322461911444,1.1082764576531028,1.1051969921099245,1.1075710267991103,3677.0
2024-10-29 20:00:00+00:00,1.1069269863341304,1.1079277024172818,1.1049104220035777,1.1071018121274554,4152.0
2024-10-30 00:00:00+00:00,1.1067118345158964,1.1086426571379904,1.1050109363775855,1.1084697388722746,3584.0
2024-10-30 04:00:00+00:00,1.1076367945937784,1.1094054188449631,1.1063809566315803,1.1081415354797777,4093.0
2024-10-30 08:00:00+00:00,1.1079843646973635,1.1100824455005365,1.107411204979753,1.1097468416757372,3918.0
2024-10-30 12:00:00+00:00,1.1083788559444434,1.1101326493679948,1.1063973312425466,1.1066863060735903,3853.0
2024-10-30 16:00:00+00:00,1.1074925947181316,1.1092611085912776,1.1061572704087588,1.1086298125278833,4539.0
2024-10-30 20:00:00+00:00,1.1078191324460571,1.1099064475116411,1.1061280892514438,1.107983579046416,3824.0
2024-10-31 00:00:00+00:00,1.108285015224474,1.109198634901758,1.1070118372183768,1.1085537567574764,5266.0
2024-10-31 04:00:00+00:00,1.1082294584656665,1.1098223436002814,1.1075077713228878,1.1078247388879006,4309.0
2024-10-31 08:00:00+00:00,1.1085590738851188,1.1107169507652104,1.107180522915132,1.1080582192118458,3514.0
2024-10-31 12:00:00+00:00,1.1086802090328305,1.1098855248053825,1.1068971727799728,1.1092058218550944,5104.0
2024-10-31 16:00:00+00:00,1.1083832628917634,1.1095735479642197,1.106672101780741,1.1081334159286542,4096.0
2024-10-31 20:00:00+00:00,1.1083424821247758,1.1094258394426384,1.1068829840483705,1.1087083129543502,4421.0
2024-11-01 00:00:00+00:00,1.1080736796571204,1.1095423605179684,1.1070306970997492,1.1077438301692708,3702.0
2024-11-01 04:00:00+00:00,1.108361063210338,1.1095442350834757,1.1069770932956102,1.108216486504756,4373.0
2024-11-01 08:00:00+00:00,1.1085009446740095,1.1098231151272622,1.1071032813881356,1.1083642403197256,4913.0
2024-11-01 12:00:00+00:00,1.1081084803052244,1.1098263543097189,1.107148659180706,1.1083468071835838,4287.0
2024-11-01 16:00:00+00:00,1.10829585487428,1.1089732069667162,1.1056628792769505,1.108183414562251,4670.0
2024-11-01 20:00:00+00:00,1.1079496988649138,1.1095713174026576,1.1063501088521377,1.1080066836921263,4838.0
2024-11-02 00:00:00+00:00,1.107426011634715,1.1095146831029188,1.1060628810360325,1.1079038695585102,3505.0
2024-11-02 04:00:00+00:00,1.1074938482131715,1.108961931996421,1.106574939494278,1.1089091099116355,4234.0
2024-11-02 08:00:00+00:00,1.1078971124501982,1.1100814127063878,1.1067217699210723,1.1085344701869129,4548.0
2024-11-02 12:00:00+00:00,1.1080377211032366,1.1092364808108626,1.1056411771121395,1.107274743812795,4518.0
2024-11-02 16:00:00+00:00,1.107762334730602,1.1087464088859944,1.1055325849976314,1.1064020645072945,4106.0
2024-11-02 20:00:00+00:00,1.1067959199737605,1.108179892170145,1.1056937132928424,1.1067510914791585,3575.0
2024-11-03 00:00:00+00:00,1.107119786331062,1.1077103961797865,1.1047170714489745,1.106765501021277,4961.0
2024-11-03 04:00:00+00:00,1.106989428546691,1.1088432232878422,1.1052962134091444,1.1074446227274313,3838.0
2024-11-03 08:00:00+00:00,1.107356771276958,1.1082641473626091,1.105802578506622,1.107350362337785,4531.0
2024-11-03 12:00:00+00:00,1.107746577986756,1.109696263049536,1.106477789930349,1.1075539823003715,3782.0
2024-11-03 16:00:00+00:00,1.1079019370106102,1.1096016469043468,1.1057188786533527,1.1078555322349724,4188.0
2024-11-03 20:00:00+00:00,1.1085432239177555,1.1102378631338143,1.107236101547166,1.1082097116848804,4382.0
2024-11-04 00:00:00+00:00,1.108759238925392,1.1103626565456004,1.1074180443704094,1.1096452940485924,5001.0
2024-11-04 04:00:00+00:00,1.108848355904324,1.110490365518761,1.1078099875351697,1.1084884780493578,3677.0
2024-11-04 08:00:00+00:00,1.1091863426350688,1.1104569330520413,1.1078552743484396,1.109424753574177,4270.0
2024-11-04 12:00:00+00:00,1.1092909037397052,1.110967232061156,1.1077707504189087,1.109247451963587,3873.0
2024-11-04 16:00:00+00:00,1.1091795779130251,1.1114105185582406,1.1077302473915742,1.1096046360789462,3940.0
2024-11-04 20:00:00+00:00,1.109076543987736,1.1103083765452526,1.1070813456284685,1.1077293244590374,4677.0
2024-11-05 00:00:00+00:00,1.108988851127492,1.1101410283327144,1.1077990357029848,1.109291552204705,4577.0
2024-11-05 04:00:00+00:00,1.1097184241521731,1.110547400164387,1.108492359602466,1.10970787517018,5042.0
2024-11-05 08:00:00+00:00,1.109592185784352,1.110813234807137,1.108486751489071,1.1101741724648275,4647.0
2024-11-05 12:00:00+00:00,1.1096782752640495,1.1127171346914106,1.1089426003723262,1.1107377322421432,4920.0
2024-11-05 16:00:00+00:00,1.1104469644313577,1.111484358877144,1.108240840269994,1.1095826560545197,5171.0
2024-11-05 20:00:00+00:00,1.109906148516241,1.1113369798369384,1.1087307501732315,1.1098697021915371,5374.0
2024-11-06 00:00:00+00:00,1.1100646371134746,1.1115102436886315,1.1080709955550532,1.1103019036841253,4006.0
2024-11-06 04:00:00+00:00,1.1103597537459795,1.1120535311979038,1.1089038677451095,1.1113410928341465,4174.0
2024-11-06 08:00:00+00:00,1.1111629155909355,1.111745806841908,1.1096132689912157,1.1108471854989226,4435.0
2024-11-06 12:00:00+00:00,1.1104137700821406,1.1120640895536382,1.108741896463466,1.109020347331508,4081.0
2024-11-06 16:00:00+00:00,1.110018985863278,1.1116492168444634,1.1088129800545914,1.1105611330144372,3786.0
2024-11-06 20:00:00+00:00,1.110375540901952,1.1120052037444614,1.1088456269289255,1.1104119832235713,4963.0
2024-11-07 00:00:00+00:00,1.1104216767724169,1.1121664955295802,1.1089163937342437,1.1102835268728066,5274.0
2024-11-07 04:00:00+00:00,1.1105900801078668,1.1123213600029829,1.109342417172786,1.110788517115566,4910.0
2024-11-07 08:00:00+00:00,1.1105219721239483,1.1113585136600073,1.108465425351833,1.110216444761903,4917.0
2024-11-07 12:00:00+00:00,1.110331647547506,1.112219104752126,1.1091719379759302,1.1094122461231222,3711.0
2024-11-07 16:00:00+00:00,1.110109711974994,1.1114117809807278,1.1085829729748973,1.109858087064151,4903.0
2024-11-07 20:00:00+00:00,1.110025191956853,1.1115216176759657,1.1087515119188216,1.110222499743511,4652.0
2024-11-08 00:00:00+00:00,1.1103369890624544,1.111039196866877,1.1082815601865326,1.1106812839972793,4236.0
2024-11-08 04:00:00+00:00,1.110398616128301,1.1115560959641824,1.108544212868114,1.110471066380422,4869.0
2024-11-08 08:00:00+00:00,1.110019408319543,1.1114534059577224,1.1089463794214507,1.1095881501072196,4705.0
2024-11-08 12:00:00+00:00,1.1103536146438022,1.1115631769329937,1.1091644074087916,1.1103163941616248,3976.0
2024-11-08 16:00:00+00:00,1.109892729466179,1.1114793473608315,1.1088041747424129,1.109146121827124,4337.0
2024-11-08 20:00:00+00:00,1.1094863575747915,1.1103640027934336,1.1080227485460532,1.1088374469466695,4466.0
2024-11-09 00:00:00+00:00,1.109015061230979,1.1101137161452967,1.107644493193529,1.1092280625436826,3747.0
2024-11-09 04:00:00+00:00,1.1089013825368557,1.110623145549957,1.1082234374933837,1.1089082764516691,4456.0
2024-11-09 08:00:00+00:00,1.1095785028397935,1.1113758774994853,1.1087835749373085,1.1094118633747525,5113.0
2024-11-09 12:00:00+00:00,1.109830348047935,1.1113477364677886,1.1082600582290978,1.1100507384930194,4231.0
2024-11-09 16:00:00+00:00,1.110027163566873,1.111514929178918,1.1091257098220269,1.1104769551731917,4711.0
2024-11-09 20:00:00+00:00,1.110859799262747,1.1127233279844737,1.1094414343969226,1.110691122994854,5287.0
2024-11-10 00:00:00+00:00,1.1106503374307704,1.1116348169124024,1.1091909087098186,1.1111600604245466,4146.0
2024-11-10 04:00:00+00:00,1.1106950332612036,1.1126331107546583,1.109533087978324,1.1097817909489929,4394.0
2024-11-10 08:00:00+00:00,1.110557574513774,1.1119148766216274,1.1082336743868613,1.1115241145097765,4036.0
2024-11-10 12:00:00+00:00,1.1108754879448146,1.1123089219691238,1.1097676685355182,1.1109411022303226,4340.0
2024-11-10 16:00:00+00:00,1.1108671865551127,1.1123276564196305,1.1095463103368983,1.1116807122057126,5343.0
2024-11-10 20:00:00+00:00,1.1113342985242507,1.1127559705151568,1.1101153985659489,1.1111207625407389,3850.0
2024-11-11 00:00:00+00:00,1.1114570807481148,1.1131553444279472,1.1105844504188565,1.1113641412447108,4368.0
2024-11-11 04:00:00+00:00,1.1115116825483713,1.1135570620263249,1.110706893253663,1.1123087133010234,4130.0
2024-11-11 08:00:00+00:00,1.1120095970487596,1.1132971028857366,1.110210412034532,1.1125077998108075,4109.0
2024-11-11 12:00:00+00:00,1.111805208306485,1.1134844318110182,1.1105462585164894,1.11259495013876,4351.0
2024-11-11 16:00:00+00:00,1.111883327693258,1.1137297229640106,1.1109414997798348,1.1115098321357515,4367.0
2024-11-11 20:00:00+00:00,1.1118571722563808,1.1131693848937776,1.110965090100808,1.1113782123248797,5078.0
2024-11-12 00:00:00+00:00,1.1116207152850264,1.1126326452038102,1.1099412421574513,1.1120984439647126,4648.0
2024-11-12 04:00:00+00:00,1.1115406299924495,1.1127260213274748,1.1100027753649242,1.1116438118808885,4017.0
2024-11-12 08:00:00+00:00,1.111170143641461,1.1125771890590632,1.1100495956416885,1.1104780788633868,3900.0
2024-11-12 12:00:00+00:00,1.1109961740530778,1.1128201582541666,1.1095373633705778,1.1104730758378498,3930.0
2024-11-12 16:00:00+00:00,1.1108075522048748,1.1117579331069205,1.109726025288979,1.1111998578348616,4114.0
2024-11-12 20:00:00+00:00,1.110640169521752,1.1119177265086069,1.1094917357154714,1.110533987336326,4162.0
2024-11-13 00:00:00+00:00,1.1110818341899376,1.1128281495538548,1.1100331261395533,1.111850711899754,4815.0
2024-11-13 04:00:00+00:00,1.111440104686415,1.1124913966135437,1.1097965589455825,1.1121982498407827,3726.0
2024-11-13 08:00:00+00:00,1.1108972504914498,1.1117835759575054,1.1087958376674978,1.1102714741406934,5605.0
2024-11-13 12:00:00+00:00,1.1103980873084485,1.111492471898414,1.1086430795092517,1.110202779221909,4438.0
2024-11-13 16:00:00+00:00,1.110477108475313,1.112539169454236,1.1097274125502408,1.1124979450544226,4240.0
2024-11-13 20:00:00+00:00,1.111344512955873,1.1133822327247582,1.110611679014652,1.111897595653405,4223.0
2024-11-14 00:00:00+00:00,1.1118487091988294,1.113905953207671,1.110531999570152,1.1123123679929634,4772.0
2024-11-14 04:00:00+00:00,1.1127001207412903,1.113962557879583,1.1114165579310749,1.1129195908908227,3421.0
2024-11-14 08:00:00+00:00,1.1129884986543634,1.1145827489858129,1.1119896148211388,1.1137201895529014,4072.0
2024-11-14 12:00:00+00:00,1.1132043220439638,1.1147273592063638,1.1120050124485972,1.1134670643746865,3872.0
2024-11-14 16:00:00+00:00,1.1133009148953843,1.1144064719825488,1.1118069421069534,1.1133389374722462,3964.0
2024-11-14 20:00:00+00:00,1.113106002148058,1.1141879736524374,1.111820167273763,1.1129447708112012,4169.0
2024-11-15 00:00:00+00:00,1.1132336501980689,1.114950786481336,1.112441735848388,1.11289461418575,4329.0
2024-11-15 04:00:00+00:00,1.1130420669364185,1.1154016929621913,1.1121558374522504,1.11417488495172,4335.0
2024-11-15 08:00:00+00:00,1.1135804543690628,1.1150426726325195,1.1122339912735597,1.1133413244536003,4439.0
2024-11-15 12:00:00+00:00,1.1136968509370904,1.1149914145788418,1.112740033399872,1.1142263954275569,4239.0
2024-11-15 16:00:00+00:00,1.1142315267045613,1.1154656357432884,1.1130576612844676,1.1148027351372776,5128.0
2024-11-15 20:00:00+00:00,1.1147973561488975,1.116033704412146,1.1141053440501678,1.1143511919381557,5222.0
2024-11-16 00:00:00+00:00,1.1149120664105632,1.1156275912253342,1.1132838399800844,1.1150224069345431,4321.0
2024-11-16 04:00:00+00:00,1.115057793014093,1.116080970900459,1.1139576716738306,1.1151618042985243,3654.0
2024-11-16 08:00:00+00:00,1.1150206974754016,1.116567325229709,1.114214572397455,1.1161920896903956,3599.0
2024-11-16 12:00:00+00:00,1.11577458402981,1.1163195632534793,1.1139304340039866,1.114108057368561,4744.0
2024-11-16 16:00:00+00:00,1.115377725682464,1.1165455872413832,1.11483778268761,1.1159630387429915,4396.0
2024-11-16 20:00:00+00:00,1.1156711592609698,1.116782773431926,1.1146126173115365,1.1161257445505026,5252.0
2024-11-17 00:00:00+00:00,1.1155719093186525,1.116495259439699,1.1143749348556125,1.1151497585139736,5043.0
2024-11-17 04:00:00+00:00,1.1153408642415448,1.1165809566122185,1.1142260099788177,1.114696532190961,4343.0
2024-11-17 08:00:00+00:00,1.1148479256417665,1.1161450404336706,1.1137491936230377,1.1157118593793447,4700.0
2024-11-17 12:00:00+00:00,1.115530796162735,1.1168057419762505,1.1141624655857714,1.115445739052484,4707.0
2024-11-17 16:00:00+00:00,1.1150932816028991,1.1157542330189552,1.1138635451788377,1.1152597695905708,4739.0
2024-11-17 20:00:00+00:00,1.115080203889378,1.1159530731835896,1.1139833850396674,1.115262955870816,4874.0
2024-11-18 00:00:00+00:00,1.115050107016495,1.1168841994683154,1.11418525875464,1.1156565818983606,3787.0
2024-11-18 04:00:00+00:00,1.115330828359934,1.1164706692035855,1.1144091854899163,1.1156847003377877,3505.0
2024-11-18 08:00:00+00:00,1.1154370278887389,1.11667617961512,1.114514780731786,1.1157609509768145,4133.0
2024-11-18 12:00:00+00:00,1.1158214625138303,1.1164198050407257,1.1143796761213889,1.1155773978264876,3662.0
2024-11-18 16:00:00+00:00,1.1160714763036867,1.1174243223966112,1.1155434856396127,1.1165951410569994,3910.0
2024-11-18 20:00:00+00:00,1.1161955968890038,1.1181013193724054,1.1154495218958504,1.117679034443137,3848.0
2024-11-19 00:00:00+00:00,1.116890293319699,1.1183105389168737,1.1156460392472265,1.116653233304291,4336.0
2024-11-19 04:00:00+00:00,1.1171323806701752,1.117954026056671,1.1156574769932337,1.1158995150399476,4119.0
2024-11-19 08:00:00+00:00,1.116504740034188,1.1170782497655083,1.1148149748009506,1.115062747469477,4624.0
2024-11-19 12:00:00+00:00,1.1158414463801665,1.11666498870725,1.1146907905582042,1.116342714693695,5132.0
2024-11-19 16:00:00+00:00,1.1160209684281854,1.117739114732458,1.115716352461763,1.116323231017308,3981.0
2024-11-19 20:00:00+00:00,1.1166096842345523,1.1177079542319224,1.1150527416780147,1.1158723768252998,4362.0
2024-11-20 00:00:00+00:00,1.116463158526686,1.1171386467563094,1.1151471311318142,1.1157869341000797,4150.0
2024-11-20 04:00:00+00:00,1.1156935177494356,1.1171727509515068,1.115393641705643,1.116835184241287,4880.0
2024-11-20 08:00:00+00:00,1.1166825860400034,1.1188979465889606,1.1160661834215422,1.117461735720776,4600.0
2024-11-20 12:00:00+00:00,1.1176052966044852,1.1189137960920454,1.1167003226621577,1.1179928028120163,4019.0
2024-11-20 16:00:00+00:00,1.118403649565972,1.1193301529387882,1.117565953539223,1.1176618963045808,4436.0
2024-11-20 20:00:00+00:00,1.1180154112427343,1.1188383095876455,1.1167614377468291,1.1180314973868386,3533.0
2024-11-21 00:00:00+00:00,1.1181407855551473,1.1191851009920168,1.117402108234187,1.118156141526835,4368.0
2024-11-21 04:00:00+00:00,1.1180842030838838,1.1192121870988585,1.117061201957318,1.1181743812774902,5111.0
2024-11-21 08:00:00+00:00,1.118309829406996,1.1188447475095002,1.1171173756327877,1.1172470166805162,4225.0
2024-11-21 12:00:00+00:00,1.117634260670885,1.1185254898646524,1.1160695795155018,1.116822405151612,5797.0
2024-11-21 16:00:00+00:00,1.1175549148412098,1.1184939014472253,1.1165299119539016,1.1179913519188251,4303.0
2024-11-21 20:00:00+00:00,1.1176012829111552,1.118667906190251,1.117058377686438,1.1181223547292305,3903.0
2024-11-22 00:00:00+00:00,1.1182756223820882,1.1198454330801928,1.1176475159074148,1.1191513458747324,4229.0
2024-11-22 04:00:00+00:00,1.1189212242294044,1.1198962378149586,1.1183496234504662,1.1194195669945328,4902.0
2024-11-22 08:00:00+00:00,1.1192871538637572,1.1204463741145674,1.1184755135516171,1.1202151922547396,5060.0
2024-11-22 12:00:00+00:00,1.1200415243200534,1.1210700891176346,1.1190752011891434,1.1204674747175798,3899.0
2024-11-22 16:00:00+00:00,1.119839624710398,1.1210461311381723,1.1191198270506593,1.1199410545656188,4361.0
2024-11-22 20:00:00+00:00,1.1197142352364882,1.1202270552216007,1.1184000504035574,1.1192462060591877,6039.0
2024-11-23 00:00:00+00:00,1.1194852383890712,1.1202886087072796,1.1188834464831403,1.119815325397142,5153.0
2024-11-23 04:00:00+00:00,1.1192147880252337,1.1202935399448684,1.1184684210292122,1.1195881817726312,4106.0
2024-11-23 08:00:00+00:00,1.1197776153178227,1.121032208447453,1.11948388173112,1.1201443220583187,3433.0
2024-11-23 12:00:00+00:00,1.120167409432954,1.120831575994475,1.11901310380842,1.1201333428239395,4041.0
2024-11-23 16:00:00+00:00,1.1203672612371234,1.1211587355993102,1.118946492665535,1.1195354410541185,4464.0
2024-11-23 20:00:00+00:00,1.1199579108781976,1.1210818350148808,1.119545992962656,1.120140788448034,4400.0
2024-11-24 00:00:00+00:00,1.12041471231052,1.1213357303660934,1.119225689018244,1.1203078371206543,5481.0
2024-11-24 04:00:00+00:00,1.12070161286202,1.1213434096601833,1.1194802810700828,1.1201353688802331,5053.0
2024-11-24 08:00:00+00:00,1.1203814117300677,1.1213719150792028,1.119393067340614,1.1197488021283837,3966.0
2024-11-24 12:00:00+00:00,1.1202487877658196,1.1211102657960823,1.1189547705299967,1.120204928706772,4971.0
2024-11-24 16:00:00+00:00,1.120161760874405,1.1208794818444163,1.1189788982464015,1.119148688758299,3911.0
2024-11-24 20:00:00+00:00,1.1199184311219517,1.1207466558690231,1.1193561635969955,1.1197622219647547,3900.0
2024-11-25 00:00:00+00:00,1.1199958313076526,1.1204871448777711,1.1190982026920526,1.1197779128985783,4344.0
2024-11-25 04:00:00+00:00,1.1196521847076906,1.1202422046185232,1.1188297802334566,1.1198516152433564,4750.0
2024-11-25 08:00:00+00:00,1.11936936231375,1.1199639549364957,1.118390155261722,1.1195043554822464,4915.0
2024-11-25 12:00:00+00:00,1.119927202318953,1.1209166172780347,1.119277255856762,1.1203211157504214,3990.0
2024-11-25 16:00:00+00:00,1.120522992962022,1.1210443968587374,1.1192610163406371,1.1203576713946832,3614.0
2024-11-25 20:00:00+00:00,1.1202161840482332,1.1212651742354764,1.1193302480432987,1.1199659513317772,4095.0
2024-11-26 00:00:00+00:00,1.1198572709870178,1.1209718660059345,1.1195898621339253,1.1208226449309004,3952.0
2024-11-26 04:00:00+00:00,1.1206445477130065,1.1215695746126968,1.1200861357462044,1.120960422226784,4325.0
2024-11-26 08:00:00+00:00,1.1211770245813968,1.122101030637661,1.120751184034714,1.121791758869822,4037.0
2024-11-26 12:00:00+00:00,1.1218359615042748,1.1230433028380666,1.1212616989075563,1.121307193533256,3552.0
2024-11-26 16:00:00+00:00,1.122207100558524,1.1230437632435544,1.1209083752965,1.1210148164463345,4214.0
2024-11-26 20:00:00+00:00,1.1220867119733928,1.1229297919126346,1.121450613892206,1.1219226028122975,5215.0
2024-11-27 00:00:00+00:00,1.122194404878762,1.1229966940738638,1.1214906823368038,1.1217217610335528,3973.0
2024-11-27 04:00:00+00:00,1.1221129901698323,1.122571518127654,1.121065306180406,1.1212536351887878,4904.0
2024-11-27 08:00:00+00:00,1.1215486078416983,1.122470079551404,1.1206936244501526,1.121863768943272,4568.0
2024-11-27 12:00:00+00:00,1.12181381043311,1.1229316569700036,1.1212740705635562,1.1214517838661648,4787.0
2024-11-27 16:00:00+00:00,1.1218106406210973,1.1231251995815938,1.120844372381829,1.122795016539031,4253.0
2024-11-27 20:00:00+00:00,1.122685990487258,1.1237234568892778,1.1218219973460803,1.1225203106811623,3591.0
2024-11-28 00:00:00+00:00,1.122579904050723,1.1233079277425615,1.12152003927263,1.121611920159302,5001.0
2024-11-28 04:00:00+00:00,1.1221322706810075,1.122837728478758,1.1211805172939528,1.1223391932079436,4702.0
2024-11-28 08:00:00+00:00,1.1220884301153429,1.1235239331663067,1.121511738824276,1.1223922456292994,4799.0
2024-11-28 12:00:00+00:00,1.1224079071197637,1.1233158150978395,1.1214486694603685,1.122373295820859,4131.0
2024-11-28 16:00:00+00:00,1.1225956806023347,1.1232033403973936,1.1216725885137009,1.1225824036607328,3873.0
2024-11-28 20:00:00+00:00,1.1222757614330836,1.1225840169700458,1.1210121961995845,1.1217207644655427,4289.0
2024-11-29 00:00:00+00:00,1.1217802056226376,1.1229223209519943,1.1208567719771292,1.1224415522391733,3833.0
2024-11-29 04:00:00+00:00,1.122116884622036,1.1233598130892457,1.121599602118911,1.1228320403282992,5318.0
2024-11-29 08:00:00+00:00,1.1230780282858206,1.123686883019098,1.1220892518871188,1.1229621548788429,4267.0
2024-11-29 12:00:00+00:00,1.123008077954473,1.123581772866869,1.1222400892762734,1.1231010705276203,4779.0
2024-11-29 16:00:00+00:00,1.122924278772093,1.123715831383365,1.1215316858704731,1.1219573077022558,3947.0
2024-11-29 20:00:00+00:00,1.1222008869761255,1.122989255719724,1.1209939674317997,1.1211140283421843,4700.0
2024-11-30 00:00:00+00:00,1.1217266492797386,1.122238096371875,1.1209104454565548,1.1217747583737598,4201.0
2024-11-30 04:00:00+00:00,1.121622405636657,1.1231760168039555,1.1211650061985208,1.1227637775951045,4807.0
2024-11-30 08:00:00+00:00,1.1226045062353278,1.1237281084049209,1.1220799617994963,1.1227045733411107,3976.0
2024-11-30 12:00:00+00:00,1.122928449460069,1.1235076195151934,1.1214803106188382,1.1225906159500985,3581.0
2024-11-30 16:00:00+00:00,1.1227259798858813,1.1237247440387086,1.1219555003017925,1.1232022825233596,4810.0
2024-11-30 20:00:00+00:00,1.1230903852302343,1.1238035710854808,1.1218696247384017,1.1235936376773812,4822.0
2024-12-01 00:00:00+00:00,1.1232956028685486,1.1239649249390402,1.1226272444096774,1.1230072272033478,4711.0
2024-12-01 04:00:00+00:00,1.123022678147851,1.1240640228677252,1.1222932560974848,1.1231155840787217,3868.0
2024-12-01 08:00:00+00:00,1.123342676781357,1.124371685884361,1.1228585743231383,1.123248674841359,4829.0
2024-12-01 12:00:00+00:00,1.1234450661517816,1.123883541740738,1.122725318310308,1.1230840951027985,4856.0
2024-12-01 16:00:00+00:00,1.123393414417876,1.124128490122845,1.1223934806984874,1.1234749378115532,3875.0
2024-12-01 20:00:00+00:00,1.1232868006290448,1.1236821092050302,1.1223827607720926,1.1235480742805362,3860.0
2024-12-02 00:00:00+00:00,1.1234679198034645,1.1243157616747443,1.1230716089033623,1.123405305045896,4606.0
2024-12-02 04:00:00+00:00,1.1233649742334393,1.123664157235432,1.122211162598075,1.123222075587174,4397.0
2024-12-02 08:00:00+00:00,1.1230184204482576,1.1245887391540996,1.1227022055344376,1.123681441293707,5108.0
2024-12-02 12:00:00+00:00,1.1235965572599718,1.1243918793653471,1.1229842818806617,1.1233320020948503,4893.0
2024-12-02 16:00:00+00:00,1.1239921382182618,1.1248532368591309,1.1226822624215516,1.1230771292950992,4269.0
2024-12-02 20:00:00+00:00,1.1235895721029283,1.1250795359038417,1.1231126823164188,1.12413800227592,5049.0
2024-12-03 00:00:00+00:00,1.1243264953156558,1.12535413686331,1.124141490184794,1.1243959369291552,4828.0
2024-12-03 04:00:00+00:00,1.1244360896170775,1.1253093604663786,1.1237698897344628,1.1240942847176283,4207.0
2024-12-03 08:00:00+00:00,1.1244454675948186,1.1252895413129922,1.1240988266660903,1.1244961740350277,4645.0
2024-12-03 12:00:00+00:00,1.1243914434227904,1.1254076858821227,1.1237200263100895,1.124704012678828,5021.0
2024-12-03 16:00:00+00:00,1.1245156179341411,1.1258871817177163,1.1238174506449865,1.124753127754883,3551.0
2024-12-03 20:00:00+00:00,1.1249977513517164,1.1261808692948367,1.1245522708503612,1.1257302425246658,5186.0
2024-12-04 00:00:00+00:00,1.1255066283633035,1.1262071724669829,1.1245301690985623,1.1261918599188685,4598.0
2024-12-04 04:00:00+00:00,1.1258745007157849,1.126799101832194,1.1250523964656869,1.1267047069886644,4182.0
2024-12-04 08:00:00+00:00,1.1258492577540644,1.1269452565234843,1.124844056836635,1.1263423286542882,4635.0
2024-12-04 12:00:00+00:00,1.1262929472830578,1.1268853244048125,1.1256417355653132,1.126203149997097,4156.0
2024-12-04 16:00:00+00:00,1.126040026688128,1.126550667314759,1.125129927754623,1.1254926215217838,4710.0
2024-12-04 20:00:00+00:00,1.1256089531224251,1.126181509746038,1.1245261975721663,1.125521305541376,4689.0
2024-12-05 00:00:00+00:00,1.1258606719993547,1.1264138257237772,1.1247641751308597,1.1255414657249845,3765.0
2024-12-05 04:00:00+00:00,1.125285272973088,1.1262372450740057,1.1243432626777876,1.1251020057282286,3483.0
2024-12-05 08:00:00+00:00,1.1252790711487617,1.1263594255456812,1.1248195934639025,1.1258698800947693,4905.0
2024-12-05 12:00:00+00:00,1.1254082553551337,1.1266019897998691,1.124974958979911,1.125514197706185,5329.0
2024-12-05 16:00:00+00:00,1.1253859756619111,1.1264399388952104,1.1249139630976364,1.1254176792159194,3802.0
2024-12-05 20:00:00+00:00,1.1252531240255612,1.1257094637842406,1.1242326204740185,1.1248099937049656,3973.0
2024-12-06 00:00:00+00:00,1.1248519689454377,1.1256940899522618,1.1241651546785203,1.1242180241222164,4932.0
2024-12-06 04:00:00+00:00,1.1248028792146636,1.1257765707095826,1.12423280242042,1.125473097741048,3467.0
2024-12-06 08:00:00+00:00,1.1251663121477231,1.1263357974537618,1.1246964970434066,1.1255708327462843,4969.0
2024-12-06 12:00:00+00:00,1.1260147838536074,1.1266400937588503,1.1254958282291094,1.1260249816370915,4467.0
2024-12-06 16:00:00+00:00,1.1260725559476348,1.127623300145834,1.125842358150315,1.1267787702743683,4790.0
2024-12-06 20:00:00+00:00,1.1267287313831598,1.1274431411981565,1.1256774205892763,1.1274239314124088,4248.0
2024-12-07 00:00:00+00:00,1.1267836895319248,1.127817878875043,1.1262103178646523,1.1268602664481646,3891.0
2024-12-07 04:00:00+00:00,1.126758989222303,1.127476663654036,1.1260101050612714,1.12628264967214,4812.0
2024-12-07 08:00:00+00:00,1.1266077090651194,1.1272738580843749,1.1257894300750917,1.1258710517912716,4789.0
2024-12-07 12:00:00+00:00,1.1261549128249044,1.1264367280245822,1.1255304275633942,1.1263406344630231,4200.0
2024-12-07 16:00:00+00:00,1.1260322036359238,1.126397794649939,1.1249538991068002,1.1255788479309563,4678.0
2024-12-07 20:00:00+00:00,1.125756790037724,1.126195383159721,1.1245293488767545,1.1248080510398533,4075.0
2024-12-08 00:00:00+00:00,1.12500312315399,1.1255647715616597,1.1242741120408035,1.1242806556643898,4762.0
2024-12-08 04:00:00+00:00,1.1248709819479357,1.1256534547438866,1.1242443018567487,1.12482691490254,4838.0
2024-12-08 08:00:00+00:00,1.1250661221287548,1.125604804650226,1.1237728939215477,1.1248679869730098,4341.0
2024-12-08 12:00:00+00:00,1.1251970133591305,1.1258642418824665,1.12459829769257,1.1251533489080892,4734.0
2024-12-08 16:00:00+00:00,1.1253701125587496,1.1261343325998951,1.1248025994583657,1.1259560764234162,4328.0
2024-12-08 20:00:00+00:00,1.1255946530343726,1.1268144595786789,1.125009030191829,1.1264833618329249,4425.0
2024-12-09 00:00:00+00:00,1.1262859421098042,1.126872593776614,1.1252767736659413,1.126419026871383,4688.0
2024-12-09 04:00:00+00:00,1.1264474941340383,1.1270560440726918,1.1259821768756826,1.1266451801249362,3404.0
2024-12-09 08:00:00+00:00,1.1265289204187494,1.127697395290749,1.1256766448715887,1.1274854102325085,3365.0
2024-12-09 12:00:00+00:00,1.1268852713365258,1.1279354442890297,1.1262871215438708,1.1277514557116914,4467.0
2024-12-09 16:00:00+00:00,1.1274809917557675,1.1275565035937027,1.1265689332517663,1.127101746565495,3961.0
2024-12-09 20:00:00+00:00,1.1275070318104998,1.1279294340717751,1.1264521062754749,1.1266401778607946,4520.0
2024-12-10 00:00:00+00:00,1.1263848533213383,1.12730904087798,1.1253116095885172,1.125783019333793,4263.0
2024-12-10 04:00:00+00:00,1.1257836335602351,1.126562768563545,1.1252440414108318,1.1256386697395755,5485.0
2024-12-10 08:00:00+00:00,1.1255794689305478,1.1263683476050854,1.1249421033354954,1.1257590103305732,4308.0
2024-12-10 12:00:00+00:00,1.1254406617771044,1.1262022365438205,1.1249991821274137,1.1259827357162322,4155.0
2024-12-10 16:00:00+00:00,1.1257342208004444,1.1267440734828635,1.125348709193022,1.1263567115676525,4730.0
2024-12-10 20:00:00+00:00,1.1259986690768895,1.1266417027536266,1.1255263699180624,1.1260018814370474,3725.0
2024-12-11 00:00:00+00:00,1.1258358630089644,1.1264626480482942,1.1250691561797526,1.126143713863526,4414.0
2024-12-11 04:00:00+00:00,1.1258701557659063,1.126527205651664,1.125237817042074,1.1256043623763077,4656.0
2024-12-11 08:00:00+00:00,1.1254176513527352,1.1263032285196226,1.125020690845778,1.1258759828107745,4109.0
2024-12-11 12:00:00+00:00,1.1258159249836368,1.1263030300869794,1.1248195343568137,1.12504591609099,3990.0
2024-12-11 16:00:00+00:00,1.1256173538429468,1.126564824303989,1.1248748751100617,1.1257972234458904,4427.0
2024-12-11 20:00:00+00:00,1.1253554693985333,1.1256819142964871,1.124834857798282,1.1250584245472484,4203.0
2024-12-12 00:00:00+00:00,1.1249912017634622,1.126141983764006,1.1245944497990112,1.12590440243756,3920.0
2024-12-12 04:00:00+00:00,1.1257367635781323,1.126756322958452,1.1250199536702583,1.12576115462333,4346.0
2024-12-12 08:00:00+00:00,1.1259404534996076,1.126660068217988,1.1249986688676832,1.1252935186806543,5176.0
2024-12-12 12:00:00+00:00,1.1252639239982178,1.1264440905607431,1.12480208084195,1.12509659227213,3409.0
2024-12-12 16:00:00+00:00,1.1251972132879744,1.1259299158305434,1.1245555479597666,1.1256391928661331,4412.0
2024-12-12 20:00:00+00:00,1.1256183714227084,1.1263142747128194,1.1247792432686117,1.1261778175232406,4101.0
2024-12-13 00:00:00+00:00,1.125832185137878,1.1272314465324855,1.1253697988530489,1.126032374265616,3905.0
2024-12-13 04:00:00+00:00,1.1264596200515478,1.1277152266365222,1.1262895341118182,1.1276460354019997,4722.0
2024-12-13 08:00:00+00:00,1.1268786271327056,1.1274292572885802,1.126370936918852,1.1267756517916223,4794.0
2024-12-13 12:00:00+00:00,1.127124853946532,1.12837616099988,1.1268588823824113,1.127175162813052,4629.0
2024-12-13 16:00:00+00:00,1.127299363351384,1.128038536645197,1.1261391626019768,1.1266556987417615,4832.0
2024-12-13 20:00:00+00:00,1.1270041049963404,1.1276357178130587,1.1261865700350433,1.1269158126878438,4680.0
2024-12-14 00:00:00+00:00,1.1271138358170838,1.128201748330457,1.1266155613672926,1.128193916778286,5254.0
2024-12-14 04:00:00+00:00,1.1273990641509817,1.1286125286394209,1.126771725040748,1.127599964971716,4855.0
2024-12-14 08:00:00+00:00,1.1276057636527916,1.12873786916571,1.127349745499766,1.1284702700996656,4536.0
2024-12-14 12:00:00+00:00,1.1279667852196875,1.1288421094712142,1.1273740257569989,1.1277811154071786,4211.0
2024-12-14 16:00:00+00:00,1.12817058503167,1.129177481302256,1.1273934566182024,1.1285718166693994,4749.0
2024-12-14 20:00:00+00:00,1.1283806654188364,1.1295953726132415,1.1278439089424923,1.129109682773743,3312.0
2024-12-15 00:00:00+00:00,1.1288194053994174,1.1294908715175156,1.128138852068671,1.1283368495910453,4364.0
2024-12-15 04:00:00+00:00,1.128942476619526,1.12918276471575,1.127983933285887,1.1284356970961782,5308.0
2024-12-15 08:00:00+00:00,1.128880387133267,1.1292966559761473,1.1283787467060336,1.1287759895858065,4497.0
2024-12-15 12:00:00+00:00,1.1286031449825067,1.1297218453739373,1.1276059294045802,1.1276297026623296,3448.0
2024-12-15 16:00:00+00:00,1.1286089017792078,1.1295882997631144,1.1281579607732346,1.1295137375941735,3993.0
2024-12-15 20:00:00+00:00,1.129501852262497,1.1307628944294648,1.129312969964306,1.1301479199078854,4177.0
2024-12-16 00:00:00+00:00,1.1301419852595862,1.1309599570340374,1.1292013623299362,1.1294836698618371,4954.0
2024-12-16 04:00:00+00:00,1.129661524027943,1.1309041658865613,1.1286166320900866,1.1293386754873758,4538.0
2024-12-16 08:00:00+00:00,1.1299416850360622,1.1306186057767755,1.1286620165564445,1.1294848359480376,4473.0
2024-12-16 12:00:00+00:00,1.129206143924362,1.13010323418507,1.1285884986536316,1.1299924338328746,4264.0
2024-12-16 16:00:00+00:00,1.1293460259514565,1.1303787225228898,1.128634415218963,1.1302322532764215,4995.0
2024-12-16 20:00:00+00:00,1.1299317585853643,1.130774324336962,1.129328391820701,1.1299410416651152,4666.0
2024-12-17 00:00:00+00:00,1.130238644235816,1.131278603733708,1.129457906803408,1.130307154525424,4909.0
2024-12-17 04:00:00+00:00,1.1306621622885409,1.1310710164054592,1.1296327973999682,1.130618816464789,4865.0
2024-12-17 08:00:00+00:00,1.1303294531057066,1.131251088233341,1.1293019569836509,1.130282364022777,3877.0
2024-12-17 12:00:00+00:00,1.1304828245764742,1.1312902658319324,1.1294093294586565,1.130486518448171,4024.0
2024-12-17 16:00:00+00:00,1.1303826450837469,1.1312324866774257,1.1294188019091436,1.129768394446805,4653.0
2024-12-17 20:00:00+00:00,1.130169683865465,1.1308976844187897,1.129121833872566,1.1303189431265637,3628.0
2024-12-18 00:00:00+00:00,1.1300888330833871,1.1306360474024435,1.1295141904679813,1.1299455033434236,4653.0
2024-12-18 04:00:00+00:00,1.1300481619505705,1.1306853521807876,1.1291674567114445,1.1292244476616085,4980.0
2024-12-18 08:00:00+00:00,1.1298540870914011,1.1301588709675818,1.1287501402153928,1.1289910373075895,4213.0
2024-12-18 12:00:00+00:00,1.129141469406381,1.1299236906636445,1.1283237135032052,1.129612579127447,4960.0
2024-12-18 16:00:00+00:00,1.129090820582454,1.1297838032439635,1.1281467900992554,1.1294049892486973,3791.0
2024-12-18 20:00:00+00:00,1.129165747752009,1.1306288626866463,1.128778439779862,1.129946972839051,4618.0
2024-12-19 00:00:00+00:00,1.1295404501711794,1.1300230005758485,1.1287965957028152,1.1300154133131914,4095.0
2024-12-19 04:00:00+00:00,1.1292838356206942,1.13037630616821,1.1284687325707068,1.1291470455549748,4070.0
2024-12-19 08:00:00+00:00,1.1290133725041358,1.130084286779919,1.1284456895643764,1.129620853759313,4234.0
2024-12-19 12:00:00+00:00,1.1296548091118896,1.1309171035743488,1.1286247298449872,1.1304386705004763,4638.0
2024-12-19 16:00:00+00:00,1.130046618581738,1.1308848527008657,1.1293613105132825,1.1300858482364111,4484.0
2024-12-19 20:00:00+00:00,1.1303265715988424,1.1314680152354608,1.1294000445921644,1.1304110012370403,4219.0
2024-12-20 00:00:00+00:00,1.1304651920950464,1.1316817369204182,1.1292984974839344,1.1296278777673947,4136.0
2024-12-20 04:00:00+00:00,1.1306643339142886,1.1314822295921294,1.129868764178422,1.1304701574450342,4854.0
2024-12-20 08:00:00+00:00,1.1304543125522315,1.1319386633163404,1.1299019356108486,1.1304711852038147,4727.0
2024-12-20 12:00:00+00:00,1.1307592162410798,1.131472102742162,1.129613500410995,1.1298101373028584,4214.0
2024-12-20 16:00:00+00:00,1.130603527972908,1.131918176528361,1.1302402350292409,1.1309016238447536,4991.0
2024-12-20 20:00:00+00:00,1.13117307652535,1.1316857718830202,1.1297979591374685,1.1308822560302756,3798.0
2024-12-21 00:00:00+00:00,1.1308907667053028,1.131873785738963,1.129566299384322,1.1314219443638591,4287.0
2024-12-21 04:00:00+00:00,1.1312323693179414,1.132388086163005,1.1303119954359475,1.1321119951569565,4345.0
2024-12-21 08:00:00+00:00,1.1312779586743658,1.1326266799089997,1.1308049818734105,1.1317907474973357,3924.0
2024-12-21 12:00:00+00:00,1.1319341982728108,1.1327808537641304,1.1311106564684796,1.131511635499639,5214.0
2024-12-21 16:00:00+00:00,1.1317708134504043,1.1323311070554272,1.1305441840084318,1.1314654895179632,4296.0
2024-12-21 20:00:00+00:00,1.1315390060206174,1.1327103083234338,1.1305778076162796,1.1318799426545392,4497.0
2024-12-22 00:00:00+00:00,1.131965392860888,1.1326728874277996,1.1312363642712882,1.1319626639215017,4784.0
2024-12-22 04:00:00+00:00,1.1319575565438829,1.1325440438295318,1.13041327533429,1.1318284086822932,4576.0
2024-12-22 08:00:00+00:00,1.1315424194379669,1.1325073377784909,1.130619029853,1.1320334467839863,4298.0
2024-12-22 12:00:00+00:00,1.1320181895059722,1.132704598437515,1.1313299913423354,1.1322031690386338,4774.0
2024-12-22 16:00:00+00:00,1.131972173672461,1.132733137654952,1.1312531711815053,1.1325798830975846,4512.0
2024-12-22 20:00:00+00:00,1.131993399670798,1.1326932835591166,1.130472036761724,1.132075710261902,4311.0
2024-12-23 00:00:00+00:00,1.132229973340801,1.1330499927952904,1.131442211121874,1.1320424792520616,4895.0
2024-12-23 04:00:00+00:00,1.13238678757586,1.1331714372480002,1.131515204587504,1.1328841343786549,4325.0
2024-12-23 08:00:00+00:00,1.13262445235597,1.133428161382311,1.1317417929882416,1.1326543082816658,4410.0
2024-12-23 12:00:00+00:00,1.1324463097020812,1.1333298022311022,1.1319750142364309,1.132939819169249,4680.0
2024-12-23 16:00:00+00:00,1.1328890972784136,1.1340104594317826,1.1317931178998983,1.1327071469245398,3773.0
2024-12-23 20:00:00+00:00,1.132562706090697,1.1332122232463495,1.1314553965283134,1.1319695970018535,4367.0
2024-12-24 00:00:00+00:00,1.1328717073743153,1.1347377548679378,1.1323073376420991,1.1337738751275606,4814.0
2024-12-24 04:00:00+00:00,1.1333978898213986,1.1348382328097106,1.1323347060768796,1.1332433819561458,3793.0
2024-12-24 08:00:00+00:00,1.1335589154982355,1.1346793772251285,1.1327531949572047,1.1336480288677315,5244.0
2024-12-24 12:00:00+00:00,1.1337993772161088,1.13486186243127,1.132937766969036,1.1344219837695928,4366.0
2024-12-24 16:00:00+00:00,1.1340834028537914,1.1347717222248903,1.1327644748228451,1.134332367943398,4280.0
2024-12-24 20:00:00+00:00,1.133741847579526,1.1343249548236063,1.1326657574685717,1.134286876121392,3355.0
2024-12-25 00:00:00+00:00,1.133474072159898,1.1350906813354549,1.1325692172734172,1.1336312056520528,4416.0
2024-12-25 04:00:00+00:00,1.133806914269461,1.135098840390539,1.13259343860339,1.134830675393156,4584.0
2024-12-25 08:00:00+00:00,1.134129997769494,1.1354172959856426,1.1331965569655715,1.1336669212815589,4796.0
2024-12-25 12:00:00+00:00,1.1339575211699726,1.1347932139112704,1.132461638627051,1.134319619533949,4412.0
2024-12-25 16:00:00+00:00,1.1342403639091854,1.135252713271183,1.1334157870881945,1.1339171757027475,4733.0
2024-12-25 20:00:00+00:00,1.1341177559728337,1.1352273648638518,1.133569225826532,1.1344489193688403,4303.0
2024-12-26 00:00:00+00:00,1.1344611237288558,1.1347605231766795,1.1331363792598468,1.1346957780581843,4818.0
2024-12-26 04:00:00+00:00,1.13412784459102,1.1346261454221211,1.1324370625149982,1.1341035287103702,4189.0
2024-12-26 08:00:00+00:00,1.1335943940372992,1.135059001129798,1.1327328253344982,1.1333647588247395,4069.0
2024-12-26 12:00:00+00:00,1.1334170043176506,1.1351553806716157,1.1321773952175742,1.13472102468977,4547.0
2024-12-26 16:00:00+00:00,1.1341222883812423,1.135166876529146,1.1330950820943109,1.1347310155711643,4557.0
2024-12-26 20:00:00+00:00,1.1345173713566097,1.1357466544383583,1.133315222948464,1.1336415960668047,3994.0
2024-12-27 00:00:00+00:00,1.1343260031369529,1.1355984739036975,1.1331149373077094,1.135335930664271,3140.0
2024-12-27 04:00:00+00:00,1.1344938293140772,1.1353092713857609,1.1334822486999956,1.134558153168434,3102.0
2024-12-27 08:00:00+00:00,1.1349087597682546,1.13672442562079,1.1337290288120014,1.1354912578511065,3923.0
2024-12-27 12:00:00+00:00,1.1354284031667583,1.136374133749011,1.1346432618790827,1.1359052319905156,5903.0
2024-12-27 16:00:00+00:00,1.135451562628631,1.136552894891799,1.134591702577152,1.1361694126029178,5538.0
2024-12-27 20:00:00+00:00,1.135803610021425,1.137123791008546,1.1344737228354396,1.1352267880690146,4586.0
2024-12-28 00:00:00+00:00,1.1361790829044218,1.1371683161673574,1.134692952674346,1.136281983387868,3553.0
2024-12-28 04:00:00+00:00,1.1365852760434538,1.1373434417798505,1.1345410830628753,1.136784213689995,3744.0
2024-12-28 08:00:00+00:00,1.1368106197416306,1.137792063636963,1.136020565442193,1.1366066827431325,4640.0
2024-12-28 12:00:00+00:00,1.1374392851450668,1.138399903878795,1.1368355812080726,1.1377196717441371,5029.0
2024-12-28 16:00:00+00:00,1.1377740731787118,1.1387484780620796,1.1366982270574977,1.138429324254584,4373.0
2024-12-28 20:00:00+00:00,1.1374033335859557,1.138315139718214,1.1363777768104837,1.1368162078102368,4167.0
2024-12-29 00:00:00+00:00,1.1374143544955666,1.1388294820479308,1.136794692196692,1.138581388998002,5633.0
2024-12-29 04:00:00+00:00,1.1378739754258267,1.1386679180192345,1.1365436054748803,1.137221468317222,4423.0
2024-12-29 08:00:00+00:00,1.137571660694381,1.138107558396483,1.135165909808559,1.1368457776599088,3597.0
2024-12-29 12:00:00+00:00,1.136968115842509,1.138948802142419,1.135708624575023,1.1376035013209451,4542.0
2024-12-29 16:00:00+00:00,1.137460391822892,1.1379580549293082,1.1362703375148364,1.1367409442550462,4775.0
2024-12-29 20:00:00+00:00,1.137345696100749,1.138069651411574,1.1354588059287027,1.136451676145708,3741.0
2024-12-30 00:00:00+00:00,1.1365655046837302,1.137608723973767,1.135922108021228,1.1359806676063031,3589.0
2024-12-30 04:00:00+00:00,1.1366055378608295,1.137337411424714,1.135695387747939,1.1365163501997986,4499.0
2024-12-30 08:00:00+00:00,1.1367392702804724,1.1380589495908364,1.1362295610939206,1.1373282834319396,4350.0
